harp,0,0.9,1.0
hat,0,0.53,1.0
harp,8,1.12,1.0
harp,8,1.34,1.0
harp,8,1.12,1.0
hat,0,0.53,1.0
harp,8,0.9,1.0
harp,8,1.12,1.0
harp,8,1.34,1.0
harp,8,1.12,1.0
harp,8,0.9,1.0
hat,0,0.53,1.0
harp,8,1.12,1.0
harp,8,1.34,1.0
harp,8,1.12,1.0
hat,0,0.53,1.0
harp,8,0.9,1.0
harp,8,1.12,1.0
harp,8,1.34,1.0
harp,8,1.12,1.0
harp,8,0.9,1.0
hat,0,0.53,1.0
harp,8,1.12,1.0
harp,8,1.34,1.0
harp,8,1.12,1.0
hat,0,0.53,1.0
harp,8,0.9,1.0
harp,8,1.12,1.0
harp,8,1.34,1.0
harp,8,1.12,1.0
harp,8,0.9,1.0
hat,0,0.53,1.0
harp,8,1.12,1.0
harp,8,1.34,1.0
harp,8,1.12,1.0
hat,0,0.53,1.0
harp,8,0.9,1.0
harp,8,1.12,1.0
harp,8,1.34,1.0
harp,8,1.12,1.0
harp,8,0.76,1.0
bass,0,0.76,1.0
basedrum,0,0.53,1.0
hat,0,0.53,1.0
harp,8,0.9,1.0
harp,8,1.12,1.0
harp,8,0.9,1.0
hat,0,0.53,1.0
harp,8,0.76,1.0
harp,8,0.9,1.0
harp,8,1.12,1.0
harp,8,0.9,1.0
bass,0,0.76,1.0
harp,8,0.9,1.0
bass,0,0.9,1.0
basedrum,0,0.53,1.0
hat,0,0.53,1.0
harp,8,1.12,1.0
harp,8,1.34,1.0
harp,8,1.12,1.0
hat,0,0.53,1.0
harp,8,0.9,1.0
harp,8,1.12,1.0
harp,8,1.34,1.0
bass,0,0.67,1.0
harp,8,1.12,1.0
harp,8,0.76,1.0
bass,0,0.76,1.0
basedrum,0,0.53,1.0
hat,0,0.53,1.0
harp,8,0.9,1.0
harp,8,1.12,1.0
harp,8,0.9,1.0
hat,0,0.53,1.0
harp,8,0.76,1.0
harp,8,0.9,1.0
harp,8,1.12,1.0
bass,0,0.67,1.0
harp,8,0.9,1.0
bass,0,0.76,1.0
harp,8,0.9,1.0
bass,0,0.9,1.0
basedrum,0,0.53,1.0
hat,0,0.53,1.0
harp,8,1.12,1.0
harp,8,1.34,1.0
harp,8,1.12,1.0
hat,0,0.53,1.0
harp,8,0.9,1.0
harp,8,1.12,1.0
bass,0,1.0,1.0
harp,8,1.34,1.0
bass,0,0.9,1.0
harp,8,1.12,1.0
harp,8,0.76,1.0
bass,0,0.76,1.0
basedrum,0,0.53,1.0
hat,0,0.53,1.0
harp,8,0.9,1.0
harp,8,1.12,1.0
harp,0,1.78,1.0
harp,0,1.78,1.0
harp,8,0.9,1.0
hat,0,0.53,1.0
harp,0,2.0,1.0
harp,0,2.0,1.0
harp,8,0.76,1.0
harp,0,1.78,1.0
harp,0,1.78,1.0
harp,8,0.9,1.0
harp,8,1.12,1.0
harp,0,1.5,1.0
harp,0,1.5,1.0
harp,8,0.9,1.0
bass,0,0.76,1.0
harp,0,1.78,1.0
harp,0,1.78,1.0
harp,8,0.9,1.0
bass,0,0.9,1.0
basedrum,0,0.53,1.0
hat,0,0.53,1.0
harp,0,1.78,1.0
harp,0,1.78,1.0
harp,8,1.12,1.0
harp,0,2.0,1.0
harp,0,2.0,1.0
harp,8,1.34,1.0
harp,0,1.78,1.0
harp,0,1.78,1.0
harp,8,1.12,1.0
hat,0,0.53,1.0
harp,0,1.34,1.0
harp,0,1.34,1.0
harp,8,0.9,1.0
harp,8,1.12,1.0
harp,8,1.34,1.0
bass,0,0.67,1.0
harp,8,1.12,1.0
harp,8,0.76,1.0
bass,0,0.76,1.0
basedrum,0,0.53,1.0
hat,0,0.53,1.0
harp,8,0.9,1.0
harp,8,1.12,1.0
harp,0,1.78,1.0
harp,0,1.78,1.0
harp,8,0.9,1.0
hat,0,0.53,1.0
harp,0,2.0,1.0
harp,0,2.0,1.0
harp,8,0.76,1.0
harp,0,1.78,1.0
harp,0,1.78,1.0
harp,8,0.9,1.0
harp,8,1.12,1.0
bass,0,0.67,1.0
harp,0,1.5,1.0
harp,0,1.5,1.0
harp,8,0.9,1.0
bass,0,0.76,1.0
harp,0,1.34,1.0
harp,0,1.34,1.0
harp,8,0.9,1.0
bass,0,0.9,1.0
basedrum,0,0.53,1.0
hat,0,0.53,1.0
harp,0,1.34,1.0
harp,0,1.34,1.0
harp,8,1.12,1.0
harp,0,1.78,1.0
harp,0,1.78,1.0
harp,8,1.34,1.0
harp,8,1.12,1.0
hat,0,0.53,1.0
harp,8,0.9,1.0
harp,8,1.12,1.0
bass,0,1.0,1.0
harp,8,1.34,1.0
bass,0,0.9,1.0
harp,8,1.12,1.0
harp,8,0.76,1.0
bass,0,0.76,1.0
basedrum,0,0.53,1.0
hat,0,0.53,1.0
harp,8,0.9,1.0
harp,8,1.12,1.0
harp,0,1.78,1.0
harp,0,1.78,1.0
harp,8,0.9,1.0
hat,0,0.53,1.0
harp,0,2.0,1.0
harp,0,2.0,1.0
harp,8,0.76,1.0
harp,0,1.78,1.0
harp,0,1.78,1.0
harp,8,0.9,1.0
harp,8,1.12,1.0
bass,0,0.67,1.0
harp,0,1.68,1.0
harp,0,1.68,1.0
harp,8,0.9,1.0
bass,0,0.76,1.0
harp,0,1.5,1.0
harp,0,1.5,1.0
harp,8,0.9,1.0
bass,0,0.9,1.0
basedrum,0,0.53,1.0
hat,0,0.53,1.0
harp,0,1.34,1.0
harp,0,1.34,1.0
harp,8,1.12,1.0
harp,0,1.5,1.0
harp,0,1.5,1.0
harp,8,1.34,1.0
harp,0,1.34,1.0
harp,0,1.34,1.0
harp,8,1.12,1.0
hat,0,0.53,1.0
harp,0,1.12,1.0
harp,0,1.12,1.0
harp,8,0.9,1.0
harp,8,1.12,1.0
bass,0,1.0,1.0
harp,0,1.12,1.0
harp,0,1.12,1.0
harp,8,1.34,1.0
bass,0,0.67,1.0
harp,0,1.34,1.0
harp,0,1.34,1.0
harp,8,1.12,1.0
harp,8,0.6,1.0
bass,0,0.6,1.0
basedrum,0,0.53,1.0
hat,0,0.53,1.0
harp,0,1.18,1.0
harp,0,1.18,1.0
harp,8,0.76,1.0
harp,8,0.9,1.0
harp,8,0.76,1.0
hat,0,0.53,1.0
harp,8,0.6,1.0
basedrum,0,0.53,1.0
hat,0,0.53,1.0
harp,8,0.76,1.0
harp,8,0.9,1.0
bass,0,0.67,1.0
harp,8,0.76,1.0
bass,0,0.76,1.0
hat,0,0.53,1.0
harp,8,0.6,1.0
bass,0,0.76,1.0
basedrum,0,0.53,1.0
hat,0,0.53,1.0
harp,8,0.76,1.0
harp,8,0.9,1.0
harp,8,0.76,1.0
hat,0,0.53,1.0
harp,8,0.67,1.0
bass,0,0.67,1.0
basedrum,0,0.53,1.0
hat,0,0.53,1.0
harp,8,0.84,1.0
bass,0,1.0,1.0
harp,8,1.0,1.0
bass,0,0.9,1.0
hat,0,0.53,1.0
harp,8,0.84,1.0
bass,0,0.84,1.0
hat,0,0.53,1.0
harp,8,0.76,1.0
bass,0,0.76,1.0
basedrum,0,0.53,1.0
hat,0,0.53,1.0
harp,8,0.9,1.0
harp,8,1.12,1.0
bass,0,1.34,1.0
harp,0,1.78,1.0
harp,0,1.78,1.0
harp,8,0.9,1.0
hat,0,0.53,1.0
bass,0,1.5,1.0
harp,0,2.0,1.0
harp,0,2.0,1.0
harp,8,0.76,1.0
basedrum,0,0.53,1.0
bass,0,1.78,1.0
harp,0,1.78,1.0
harp,0,1.78,1.0
harp,8,0.9,1.0
harp,8,1.12,1.0
harp,0,1.5,1.0
harp,0,1.5,1.0
harp,8,0.9,1.0
bass,0,0.76,1.0
bass,0,1.5,1.0
harp,0,1.78,1.0
harp,0,1.78,1.0
harp,8,0.9,1.0
bass,0,0.9,1.0
basedrum,0,0.53,1.0
hat,0,0.53,1.0
bass,0,1.78,1.0
harp,0,1.78,1.0
harp,0,1.78,1.0
harp,8,1.12,1.0
bass,0,1.5,1.0
harp,0,2.0,1.0
harp,0,2.0,1.0
harp,8,1.34,1.0
bass,0,1.34,1.0
harp,0,1.78,1.0
harp,0,1.78,1.0
harp,8,1.12,1.0
hat,0,0.53,1.0
harp,0,1.34,1.0
harp,0,1.34,1.0
harp,8,0.9,1.0
basedrum,0,0.53,1.0
harp,8,1.12,1.0
harp,8,1.34,1.0
bass,0,0.67,1.0
bass,0,1.12,1.0
harp,8,1.12,1.0
bass,0,1.34,1.0
harp,8,0.76,1.0
bass,0,0.76,1.0
basedrum,0,0.53,1.0
hat,0,0.53,1.0
bass,0,1.34,1.0
harp,8,0.9,1.0
bass,0,1.5,1.0
harp,8,1.12,1.0
harp,0,1.78,1.0
harp,0,1.78,1.0
harp,8,0.9,1.0
hat,0,0.53,1.0
harp,0,2.0,1.0
harp,0,2.0,1.0
harp,8,0.76,1.0
basedrum,0,0.53,1.0
harp,0,1.78,1.0
harp,0,1.78,1.0
harp,8,0.9,1.0
bass,0,1.5,1.0
harp,8,1.12,1.0
bass,0,0.67,1.0
bass,0,1.78,1.0
harp,0,1.5,1.0
harp,0,1.5,1.0
harp,8,0.9,1.0
bass,0,0.76,1.0
bass,0,2.0,1.0
harp,0,1.34,1.0
harp,0,1.34,1.0
harp,8,0.9,1.0
bass,0,0.9,1.0
basedrum,0,0.53,1.0
hat,0,0.53,1.0
bass,0,1.78,1.0
harp,0,1.34,1.0
harp,0,1.34,1.0
harp,8,1.12,1.0
bass,0,1.34,1.0
harp,0,1.78,1.0
harp,0,1.78,1.0
harp,8,1.34,1.0
harp,8,1.12,1.0
hat,0,0.53,1.0
harp,8,0.9,1.0
basedrum,0,0.53,1.0
bass,0,1.34,1.0
harp,8,1.12,1.0
bass,0,1.0,1.0
bass,0,1.18,1.0
harp,8,1.34,1.0
bass,0,0.9,1.0
bass,0,1.12,1.0
harp,8,1.12,1.0
bass,0,1.0,1.0
harp,8,0.76,1.0
bass,0,0.76,1.0
basedrum,0,0.53,1.0
hat,0,0.53,1.0
bass,0,0.9,1.0
harp,8,0.9,1.0
harp,8,1.12,1.0
harp,0,1.78,1.0
harp,0,1.78,1.0
harp,8,0.9,1.0
hat,0,0.53,1.0
harp,0,2.0,1.0
harp,0,2.0,1.0
harp,8,0.76,1.0
basedrum,0,0.53,1.0
harp,0,1.78,1.0
harp,0,1.78,1.0
harp,8,0.9,1.0
harp,8,1.12,1.0
bass,0,0.67,1.0
bass,0,1.78,1.0
harp,0,1.68,1.0
harp,0,1.68,1.0
harp,8,0.9,1.0
bass,0,0.76,1.0
bass,0,1.78,1.0
harp,0,1.5,1.0
harp,0,1.5,1.0
harp,8,0.9,1.0
bass,0,0.9,1.0
basedrum,0,0.53,1.0
hat,0,0.53,1.0
bass,0,1.78,1.0
harp,0,1.34,1.0
harp,0,1.34,1.0
harp,8,1.12,1.0
bass,0,1.34,1.0
harp,0,1.5,1.0
harp,0,1.5,1.0
harp,8,1.34,1.0
harp,0,1.34,1.0
harp,0,1.34,1.0
harp,8,1.12,1.0
hat,0,0.53,1.0
harp,0,1.12,1.0
harp,0,1.12,1.0
harp,8,0.9,1.0
basedrum,0,0.53,1.0
harp,8,1.12,1.0
bass,0,1.0,1.0
harp,0,1.12,1.0
harp,0,1.12,1.0
harp,8,1.34,1.0
bass,0,0.67,1.0
harp,0,1.34,1.0
harp,0,1.34,1.0
harp,8,1.12,1.0
harp,8,0.6,1.0
bass,0,0.6,1.0
basedrum,0,0.53,1.0
hat,0,0.53,1.0
harp,0,1.18,1.0
harp,0,1.18,1.0
harp,8,0.76,1.0
harp,8,0.9,1.0
harp,8,0.76,1.0
hat,0,0.53,1.0
harp,8,0.6,1.0
basedrum,0,0.53,1.0
hat,0,0.53,1.0
harp,8,0.76,1.0
harp,8,0.9,1.0
bass,0,0.67,1.0
harp,8,0.76,1.0
bass,0,0.76,1.0
hat,0,0.53,1.0
harp,8,0.6,1.0
bass,0,0.76,1.0
basedrum,0,0.53,1.0
hat,0,0.53,1.0
harp,8,0.76,1.0
harp,8,0.9,1.0
harp,8,0.76,1.0
hat,0,0.53,1.0
harp,8,0.67,1.0
bass,0,0.67,1.0
basedrum,0,0.53,1.0
hat,0,0.53,1.0
harp,0,2.0,1.0
harp,0,2.0,1.0
harp,8,0.84,1.0
bass,0,1.0,1.0
harp,0,1.78,1.0
harp,0,1.78,1.0
harp,8,1.0,1.0
bass,0,0.9,1.0
hat,0,0.53,1.0
harp,0,1.68,1.0
harp,0,1.68,1.0
harp,8,0.84,1.0
bass,0,0.84,1.0
hat,0,0.53,1.0
harp,0,1.78,1.0
harp,0,1.78,1.0
harp,8,0.76,1.0
bass,0,0.76,1.0
basedrum,0,0.53,1.0
hat,0,0.53,1.0
harp,0,1.5,1.0
harp,0,1.5,1.0
harp,8,0.9,1.0
harp,8,1.12,1.0
harp,8,0.9,1.0
hat,0,0.53,1.0
harp,8,0.76,1.0
harp,8,0.9,1.0
harp,8,1.12,1.0
harp,8,0.9,1.0
bass,0,0.76,1.0
harp,8,0.76,1.0
bass,0,0.9,1.0
basedrum,0,0.53,1.0
hat,0,0.53,1.0
harp,8,0.9,1.0
harp,8,1.12,1.0
harp,8,0.9,1.0
hat,0,0.53,1.0
harp,8,0.76,1.0
harp,8,0.9,1.0
harp,8,1.12,1.0
bass,0,0.67,1.0
harp,8,0.9,1.0
harp,8,0.67,1.0
bass,0,0.67,1.0
basedrum,0,0.53,1.0
hat,0,0.53,1.0
harp,8,0.84,1.0
harp,8,1.0,1.0
harp,8,0.84,1.0
hat,0,0.53,1.0
harp,8,0.67,1.0
harp,8,0.84,1.0
harp,8,1.0,1.0
harp,8,0.84,1.0
bass,0,0.76,1.0
harp,8,0.67,1.0
bass,0,0.84,1.0
basedrum,0,0.53,1.0
hat,0,0.53,1.0
harp,8,0.84,1.0
harp,8,1.0,1.0
harp,8,0.84,1.0
hat,0,0.53,1.0
harp,8,0.67,1.0
harp,8,0.84,1.0
harp,8,1.0,1.0
bass,0,0.76,1.0
harp,8,0.84,1.0
bass,0,0.67,1.0
harp,8,0.76,1.0
bass,0,0.76,1.0
basedrum,0,0.53,1.0
hat,0,0.53,1.0
harp,8,0.9,1.0
harp,8,1.12,1.0
harp,0,1.5,1.0
harp,0,1.5,1.0
harp,8,0.9,1.0
hat,0,0.53,1.0
harp,8,0.76,1.0
harp,0,1.68,1.0
harp,0,1.68,1.0
harp,8,0.9,1.0
harp,8,1.12,1.0
harp,0,1.78,1.0
harp,0,1.78,1.0
harp,8,0.9,1.0
bass,0,0.76,1.0
harp,8,0.76,1.0
bass,0,0.9,1.0
basedrum,0,0.53,1.0
hat,0,0.53,1.0
harp,8,0.9,1.0
harp,8,1.12,1.0
harp,0,1.5,1.0
harp,0,1.5,1.0
harp,8,0.9,1.0
hat,0,0.53,1.0
harp,0,1.68,1.0
harp,0,1.68,1.0
harp,8,0.76,1.0
harp,0,1.78,1.0
harp,0,1.78,1.0
harp,8,0.9,1.0
harp,8,1.12,1.0
bass,0,0.67,1.0
harp,0,1.68,1.0
harp,0,1.68,1.0
harp,8,0.9,1.0
harp,0,1.5,1.0
harp,0,1.5,1.0
harp,8,0.67,1.0
bass,0,0.67,1.0
basedrum,0,0.53,1.0
hat,0,0.53,1.0
harp,0,1.68,1.0
harp,0,1.34,1.0
harp,0,1.68,1.0
harp,0,1.34,1.0
harp,8,0.84,1.0
harp,0,1.78,1.0
harp,0,1.78,1.0
harp,8,1.0,1.0
harp,0,2.0,1.0
harp,0,2.0,1.0
harp,8,0.84,1.0
hat,0,0.53,1.0
harp,8,0.67,1.0
harp,8,0.84,1.0
harp,8,1.0,1.0
harp,8,0.84,1.0
bass,0,0.76,1.0
harp,8,0.67,1.0
bass,0,0.84,1.0
basedrum,0,0.53,1.0
hat,0,0.53,1.0
harp,8,0.84,1.0
harp,8,1.0,1.0
harp,8,0.84,1.0
hat,0,0.53,1.0
harp,8,0.67,1.0
harp,8,0.84,1.0
harp,8,1.0,1.0
bass,0,0.76,1.0
harp,8,0.84,1.0
bass,0,0.67,1.0
harp,8,0.76,1.0
harp,8,0.9,1.0
harp,8,1.12,1.0
harp,0,1.5,1.0
harp,0,1.5,1.0
harp,8,0.9,1.0
harp,8,0.76,1.0
harp,0,1.68,1.0
harp,0,1.68,1.0
harp,8,0.9,1.0
harp,8,1.12,1.0
harp,0,1.5,1.0
harp,0,1.5,1.0
harp,8,0.9,1.0
harp,8,0.76,1.0
harp,0,1.78,1.0
harp,0,1.78,1.0
harp,8,0.9,1.0
harp,8,1.12,1.0
harp,8,0.9,1.0
harp,8,0.76,1.0
harp,0,1.68,1.0
harp,0,1.68,1.0
harp,8,0.9,1.0
harp,8,1.12,1.0
harp,0,1.5,1.0
harp,0,1.5,1.0
harp,8,0.9,1.0
harp,8,0.67,1.0
harp,0,1.34,1.0
harp,0,1.34,1.0
harp,8,0.84,1.0
harp,0,1.0,1.0
harp,0,1.0,1.0
harp,8,1.0,1.0
harp,0,1.34,1.0
harp,0,1.34,1.0
harp,8,0.84,1.0
harp,0,1.5,1.0
harp,0,1.5,1.0
harp,8,0.67,1.0
harp,0,1.34,1.0
harp,0,1.34,1.0
harp,8,0.84,1.0
harp,8,1.0,1.0
harp,8,0.84,1.0
harp,8,0.67,1.0
harp,8,0.84,1.0
harp,8,1.0,1.0
harp,8,0.84,1.0
harp,8,0.67,1.0
harp,8,0.84,1.0
harp,8,1.0,1.0
harp,0,1.34,1.0
harp,0,1.34,1.0
harp,8,0.84,1.0
harp,8,0.76,1.0
harp,0,1.5,1.0
harp,0,1.5,1.0
harp,8,0.9,1.0
harp,8,1.12,1.0
harp,8,0.9,1.0
harp,8,0.76,1.0
harp,8,0.9,1.0
harp,8,1.12,1.0
harp,8,0.9,1.0
harp,8,0.76,1.0
harp,8,0.9,1.0
harp,8,1.12,1.0
harp,8,0.9,1.0
harp,8,0.76,1.0
harp,0,1.5,1.0
harp,0,1.5,1.0
harp,8,0.9,1.0
harp,8,1.12,1.0
harp,0,1.68,1.0
harp,0,1.68,1.0
harp,8,0.9,1.0
harp,8,0.67,1.0
harp,0,1.68,1.0
harp,0,1.34,1.0
harp,0,2.0,1.0
harp,0,1.68,1.0
harp,0,1.34,1.0
harp,0,2.0,1.0
harp,8,0.84,1.0
harp,8,1.0,1.0
harp,8,0.84,1.0
harp,8,0.67,1.0
harp,8,0.84,1.0
harp,8,1.0,1.0
harp,8,0.84,1.0
harp,8,0.67,1.0
harp,8,0.84,1.0
harp,8,1.0,1.0
harp,8,0.84,1.0
harp,8,0.67,1.0
harp,0,1.12,1.0
harp,0,1.12,1.0
harp,8,0.84,1.0
harp,0,1.34,1.0
harp,0,1.34,1.0
harp,8,1.0,1.0
harp,0,1.5,1.0
harp,0,1.5,1.0
harp,8,0.84,1.0
harp,0,1.34,1.0
harp,0,1.34,1.0
harp,8,0.76,1.0
bass,0,0.76,1.0
basedrum,0,0.53,1.0
hat,0,0.53,1.0
harp,0,1.5,1.0
harp,0,1.5,1.0
harp,8,0.9,1.0
harp,8,1.12,1.0
bass,0,1.34,1.0
harp,0,1.78,1.0
harp,0,1.78,1.0
harp,8,0.9,1.0
hat,0,0.53,1.0
bass,0,1.5,1.0
harp,0,2.0,1.0
harp,0,2.0,1.0
harp,8,0.76,1.0
basedrum,0,0.53,1.0
bass,0,1.78,1.0
harp,0,1.78,1.0
harp,0,1.78,1.0
harp,8,0.9,1.0
harp,8,1.12,1.0
harp,0,1.5,1.0
harp,0,1.5,1.0
harp,8,0.9,1.0
bass,0,0.76,1.0
bass,0,1.5,1.0
harp,0,1.78,1.0
harp,0,1.78,1.0
harp,8,0.9,1.0
bass,0,0.9,1.0
basedrum,0,0.53,1.0
hat,0,0.53,1.0
bass,0,1.78,1.0
harp,0,1.78,1.0
harp,0,1.78,1.0
harp,8,1.12,1.0
bass,0,1.5,1.0
harp,0,2.0,1.0
harp,0,2.0,1.0
harp,8,1.34,1.0
bass,0,1.34,1.0
harp,0,1.78,1.0
harp,0,1.78,1.0
harp,8,1.12,1.0
hat,0,0.53,1.0
harp,0,1.34,1.0
harp,0,1.34,1.0
harp,8,0.9,1.0
basedrum,0,0.53,1.0
harp,8,1.12,1.0
harp,8,1.34,1.0
bass,0,0.67,1.0
bass,0,1.12,1.0
harp,8,1.12,1.0
bass,0,1.34,1.0
harp,8,0.76,1.0
bass,0,0.76,1.0
basedrum,0,0.53,1.0
hat,0,0.53,1.0
bass,0,1.34,1.0
harp,8,0.9,1.0
bass,0,1.5,1.0
harp,8,1.12,1.0
harp,0,1.78,1.0
harp,0,1.78,1.0
harp,8,0.9,1.0
hat,0,0.53,1.0
harp,0,2.0,1.0
harp,0,2.0,1.0
harp,8,0.76,1.0
basedrum,0,0.53,1.0
harp,0,1.78,1.0
harp,0,1.78,1.0
harp,8,0.9,1.0
bass,0,1.5,1.0
harp,8,1.12,1.0
bass,0,0.67,1.0
bass,0,1.78,1.0
harp,0,1.5,1.0
harp,0,1.5,1.0
harp,8,0.9,1.0
bass,0,0.76,1.0
bass,0,2.0,1.0
harp,0,1.34,1.0
harp,0,1.34,1.0
harp,8,0.9,1.0
bass,0,0.9,1.0
basedrum,0,0.53,1.0
hat,0,0.53,1.0
bass,0,1.78,1.0
harp,0,1.34,1.0
harp,0,1.34,1.0
harp,8,1.12,1.0
bass,0,1.34,1.0
harp,0,1.78,1.0
harp,0,1.78,1.0
harp,8,1.34,1.0
harp,8,1.12,1.0
hat,0,0.53,1.0
harp,8,0.9,1.0
basedrum,0,0.53,1.0
bass,0,1.34,1.0
harp,8,1.12,1.0
bass,0,1.0,1.0
bass,0,1.18,1.0
harp,8,1.34,1.0
bass,0,0.9,1.0
bass,0,1.12,1.0
harp,8,1.12,1.0
bass,0,1.0,1.0
harp,8,0.76,1.0
bass,0,0.76,1.0
basedrum,0,0.53,1.0
hat,0,0.53,1.0
bass,0,0.9,1.0
harp,8,0.9,1.0
harp,8,1.12,1.0
harp,0,1.78,1.0
harp,0,1.78,1.0
harp,8,0.9,1.0
hat,0,0.53,1.0
harp,0,2.0,1.0
harp,0,2.0,1.0
harp,8,0.76,1.0
basedrum,0,0.53,1.0
harp,0,1.78,1.0
harp,0,1.78,1.0
harp,8,0.9,1.0
harp,8,1.12,1.0
bass,0,0.67,1.0
bass,0,1.78,1.0
harp,0,1.68,1.0
harp,0,1.68,1.0
harp,8,0.9,1.0
bass,0,0.76,1.0
bass,0,1.78,1.0
harp,0,1.5,1.0
harp,0,1.5,1.0
harp,8,0.9,1.0
bass,0,0.9,1.0
basedrum,0,0.53,1.0
hat,0,0.53,1.0
bass,0,1.78,1.0
harp,0,1.34,1.0
harp,0,1.34,1.0
harp,8,1.12,1.0
bass,0,1.34,1.0
harp,0,1.5,1.0
harp,0,1.5,1.0
harp,8,1.34,1.0
harp,0,1.34,1.0
harp,0,1.34,1.0
harp,8,1.12,1.0
hat,0,0.53,1.0
harp,0,1.12,1.0
harp,0,1.12,1.0
harp,8,0.9,1.0
basedrum,0,0.53,1.0
harp,8,1.12,1.0
bass,0,1.0,1.0
harp,0,1.12,1.0
harp,0,1.12,1.0
harp,8,1.34,1.0
bass,0,0.67,1.0
harp,0,1.34,1.0
harp,0,1.34,1.0
harp,8,1.12,1.0
harp,8,0.6,1.0
bass,0,0.6,1.0
basedrum,0,0.53,1.0
hat,0,0.53,1.0
harp,0,1.18,1.0
harp,0,1.18,1.0
harp,8,0.76,1.0
harp,8,0.9,1.0
harp,8,0.76,1.0
hat,0,0.53,1.0
harp,8,0.6,1.0
basedrum,0,0.53,1.0
hat,0,0.53,1.0
harp,8,0.76,1.0
harp,8,0.9,1.0
bass,0,0.67,1.0
harp,8,0.76,1.0
bass,0,0.76,1.0
hat,0,0.53,1.0
harp,8,0.6,1.0
bass,0,0.76,1.0
basedrum,0,0.53,1.0
hat,0,0.53,1.0
harp,8,0.76,1.0
harp,8,0.9,1.0
harp,8,0.76,1.0
hat,0,0.53,1.0
harp,8,0.67,1.0
bass,0,0.67,1.0
basedrum,0,0.53,1.0
hat,0,0.53,1.0
harp,0,2.0,1.0
harp,0,2.0,1.0
harp,8,0.84,1.0
bass,0,1.0,1.0
harp,0,1.78,1.0
harp,0,1.78,1.0
harp,8,1.0,1.0
bass,0,0.9,1.0
hat,0,0.53,1.0
harp,0,1.68,1.0
harp,0,1.68,1.0
harp,8,0.84,1.0
bass,0,0.84,1.0
hat,0,0.53,1.0
harp,0,1.78,1.0
harp,0,1.78,1.0
harp,8,0.76,1.0
bass,0,0.76,1.0
basedrum,0,0.53,1.0
hat,0,0.53,1.0
harp,0,1.78,1.0
harp,0,1.78,1.0
harp,8,0.9,1.0
harp,8,1.12,1.0
bass,0,1.34,1.0
harp,0,1.78,1.0
harp,0,1.78,1.0
harp,8,0.9,1.0
hat,0,0.53,1.0
bass,0,1.5,1.0
harp,0,1.5,1.0
harp,0,1.5,1.0
harp,8,0.76,1.0
basedrum,0,0.53,1.0
bass,0,1.78,1.0
harp,0,1.5,1.0
harp,0,1.5,1.0
harp,8,0.9,1.0
harp,8,1.12,1.0
harp,0,1.34,1.0
harp,0,1.34,1.0
harp,8,0.9,1.0
bass,0,0.76,1.0
bass,0,1.5,1.0
harp,0,1.5,1.0
harp,0,1.5,1.0
harp,8,0.9,1.0
bass,0,0.9,1.0
basedrum,0,0.53,1.0
hat,0,0.53,1.0
bass,0,1.78,1.0
harp,0,1.78,1.0
harp,0,1.78,1.0
harp,8,1.12,1.0
bass,0,1.5,1.0
harp,0,2.0,1.0
harp,0,2.0,1.0
harp,8,1.34,1.0
bass,0,1.34,1.0
harp,0,1.78,1.0
harp,0,1.78,1.0
harp,8,1.12,1.0
hat,0,0.53,1.0
harp,8,0.9,1.0
basedrum,0,0.53,1.0
harp,8,1.12,1.0
harp,0,0.9,1.0
harp,0,1.34,1.0
harp,0,0.9,1.0
harp,0,1.34,1.0
harp,4,1.0,1.0
harp,0,1.5,1.0
harp,0,1.0,1.0
harp,0,1.5,1.0
harp,4,1.34,1.0
bass,0,0.67,1.0
bass,0,1.12,1.0
harp,0,1.12,1.0
harp,0,1.78,1.0
harp,0,1.12,1.0
harp,0,1.78,1.0
harp,8,1.12,1.0
bass,0,1.34,1.0
harp,0,1.0,1.0
harp,0,1.5,1.0
harp,0,1.0,1.0
harp,0,1.5,1.0
harp,4,0.9,1.0
harp,0,1.34,1.0
harp,0,0.9,1.0
harp,0,1.34,1.0
harp,4,0.76,1.0
bass,0,0.76,1.0
basedrum,0,0.53,1.0
hat,0,0.53,1.0
bass,0,1.34,1.0
harp,8,0.9,1.0
bass,0,1.5,1.0
harp,8,1.12,1.0
harp,0,1.78,1.0
harp,0,1.78,1.0
harp,8,0.9,1.0
hat,0,0.53,1.0
harp,0,1.5,1.0
harp,0,1.5,1.0
harp,8,0.76,1.0
basedrum,0,0.53,1.0
harp,0,1.78,1.0
harp,0,1.78,1.0
harp,8,0.9,1.0
bass,0,1.5,1.0
harp,0,2.0,1.0
harp,0,2.0,1.0
harp,8,1.12,1.0
bass,0,0.67,1.0
bass,0,1.78,1.0
harp,0,1.78,1.0
harp,0,1.78,1.0
harp,8,0.9,1.0
bass,0,0.76,1.0
bass,0,2.0,1.0
harp,8,0.9,1.0
bass,0,0.9,1.0
basedrum,0,0.53,1.0
hat,0,0.53,1.0
bass,0,1.78,1.0
harp,0,1.78,1.0
harp,0,1.78,1.0
harp,8,1.12,1.0
bass,0,1.34,1.0
harp,8,1.34,1.0
harp,0,1.34,1.0
harp,0,1.34,1.0
harp,8,1.12,1.0
hat,0,0.53,1.0
harp,8,0.9,1.0
basedrum,0,0.53,1.0
bass,0,1.34,1.0
harp,8,1.12,1.0
bass,0,1.0,1.0
bass,0,1.18,1.0
harp,0,0.9,1.0
harp,0,1.34,1.0
harp,0,0.9,1.0
harp,0,1.34,1.0
harp,4,1.0,1.0
harp,0,1.5,1.0
harp,0,1.0,1.0
harp,0,1.5,1.0
harp,4,1.34,1.0
bass,0,0.9,1.0
bass,0,1.12,1.0
harp,0,1.12,1.0
harp,0,1.78,1.0
harp,0,1.12,1.0
harp,0,1.78,1.0
harp,8,1.12,1.0
bass,0,1.0,1.0
harp,0,1.0,1.0
harp,0,1.5,1.0
harp,0,1.0,1.0
harp,0,1.5,1.0
harp,4,0.9,1.0
harp,0,1.34,1.0
harp,0,0.9,1.0
harp,0,1.34,1.0
harp,4,0.76,1.0
bass,0,0.76,1.0
basedrum,0,0.53,1.0
hat,0,0.53,1.0
bass,0,0.9,1.0
harp,0,1.78,1.0
harp,0,1.78,1.0
harp,8,0.9,1.0
harp,0,1.78,1.0
harp,0,1.78,1.0
harp,8,1.12,1.0
harp,0,1.78,1.0
harp,0,1.78,1.0
harp,8,0.9,1.0
hat,0,0.53,1.0
harp,0,1.5,1.0
harp,0,1.5,1.0
harp,8,0.76,1.0
basedrum,0,0.53,1.0
harp,0,1.78,1.0
harp,0,1.78,1.0
harp,8,0.9,1.0
harp,0,2.0,1.0
harp,0,2.0,1.0
harp,8,1.12,1.0
bass,0,0.67,1.0
bass,0,1.78,1.0
harp,0,1.78,1.0
harp,0,1.78,1.0
harp,8,0.9,1.0
bass,0,0.76,1.0
bass,0,1.78,1.0
harp,0,2.0,1.0
harp,0,2.0,1.0
harp,8,0.9,1.0
bass,0,0.9,1.0
basedrum,0,0.53,1.0
hat,0,0.53,1.0
bass,0,1.78,1.0
harp,0,1.78,1.0
harp,0,1.78,1.0
harp,8,1.12,1.0
bass,0,1.34,1.0
harp,8,1.34,1.0
harp,8,1.12,1.0
hat,0,0.53,1.0
harp,0,1.5,1.0
harp,0,1.5,1.0
harp,8,0.9,1.0
basedrum,0,0.53,1.0
harp,0,1.34,1.0
harp,0,1.34,1.0
harp,8,1.12,1.0
bass,0,1.0,1.0
harp,0,0.9,1.0
harp,0,1.34,1.0
harp,0,0.9,1.0
harp,0,1.34,1.0
harp,4,1.0,1.0
harp,0,1.5,1.0
harp,0,1.0,1.0
harp,0,1.5,1.0
harp,4,1.34,1.0
bass,0,0.67,1.0
harp,0,1.12,1.0
harp,0,1.78,1.0
harp,0,1.12,1.0
harp,0,1.78,1.0
harp,8,1.12,1.0
harp,0,1.0,1.0
harp,0,1.5,1.0
harp,0,1.0,1.0
harp,0,1.5,1.0
harp,4,0.9,1.0
harp,0,1.34,1.0
harp,0,0.9,1.0
harp,0,1.34,1.0
harp,4,0.6,1.0
bass,0,0.6,1.0
basedrum,0,0.53,1.0
hat,0,0.53,1.0
harp,0,1.5,1.0
harp,0,1.5,1.0
harp,8,0.76,1.0
harp,8,0.9,1.0
harp,8,0.76,1.0
hat,0,0.53,1.0
harp,8,0.6,1.0
basedrum,0,0.53,1.0
hat,0,0.53,1.0
harp,8,0.76,1.0
harp,8,0.9,1.0
bass,0,0.67,1.0
harp,8,0.76,1.0
bass,0,0.76,1.0
hat,0,0.53,1.0
harp,8,0.6,1.0
bass,0,0.76,1.0
basedrum,0,0.53,1.0
hat,0,0.53,1.0
harp,8,0.76,1.0
harp,8,0.9,1.0
harp,8,0.76,1.0
hat,0,0.53,1.0
harp,8,0.67,1.0
bass,0,0.67,1.0
basedrum,0,1.34,1.0
hat,0,0.53,1.0
harp,8,0.84,1.0
bass,0,1.0,1.0
basedrum,0,1.34,1.0
harp,8,1.0,1.0
bass,0,0.9,1.0
basedrum,0,1.34,1.0
harp,8,0.84,1.0
bass,0,0.84,1.0
basedrum,0,1.34,1.0
basedrum,4,1.34,1.0
harp,4,0.9,1.0
hat,0,0.53,1.0
harp,8,1.12,1.0
harp,8,1.34,1.0
harp,8,1.12,1.0
hat,0,0.53,1.0
harp,8,0.9,1.0
harp,8,1.12,1.0
harp,8,1.34,1.0
harp,8,1.12,1.0
harp,8,0.9,1.0
hat,0,0.53,1.0
harp,8,1.12,1.0
harp,8,1.34,1.0
harp,8,1.12,1.0
hat,0,0.53,1.0
harp,8,0.9,1.0
harp,8,1.12,1.0
harp,8,1.34,1.0
harp,8,1.12,1.0
harp,8,0.9,1.0
hat,0,0.53,1.0
harp,8,1.12,1.0
harp,8,1.34,1.0
harp,8,1.12,1.0
hat,0,0.53,1.0
harp,8,0.9,1.0
harp,8,1.12,1.0
harp,8,1.34,1.0
harp,8,1.12,1.0
harp,8,0.9,1.0
hat,0,0.53,1.0
harp,8,1.12,1.0
harp,8,1.34,1.0
harp,8,1.12,1.0
hat,0,0.53,1.0
harp,8,0.9,1.0
harp,8,1.12,1.0
harp,8,1.34,1.0
harp,8,1.12,1.0
harp,8,0.76,1.0
bass,0,0.76,1.0
basedrum,0,0.53,1.0
hat,0,0.53,1.0
harp,8,0.9,1.0
harp,8,1.12,1.0
harp,8,0.9,1.0
hat,0,0.53,1.0
harp,8,0.76,1.0
harp,8,0.9,1.0
harp,8,1.12,1.0
harp,8,0.9,1.0
bass,0,0.76,1.0
harp,8,0.9,1.0
bass,0,0.9,1.0
basedrum,0,0.53,1.0
hat,0,0.53,1.0
harp,8,1.12,1.0
harp,8,1.34,1.0
harp,8,1.12,1.0
hat,0,0.53,1.0
harp,8,0.9,1.0
harp,8,1.12,1.0
harp,8,1.34,1.0
bass,0,0.67,1.0
harp,8,1.12,1.0
harp,8,0.76,1.0
bass,0,0.76,1.0
basedrum,0,0.53,1.0
hat,0,0.53,1.0
harp,8,0.9,1.0
harp,8,1.12,1.0
harp,8,0.9,1.0
hat,0,0.53,1.0
harp,8,0.76,1.0
harp,8,0.9,1.0
harp,8,1.12,1.0
bass,0,0.67,1.0
harp,8,0.9,1.0
bass,0,0.76,1.0
harp,8,0.9,1.0
bass,0,0.9,1.0
basedrum,0,0.53,1.0
hat,0,0.53,1.0
harp,8,1.12,1.0
harp,8,1.34,1.0
harp,8,1.12,1.0
hat,0,0.53,1.0
harp,8,0.9,1.0
harp,8,1.12,1.0
bass,0,1.0,1.0
harp,8,1.34,1.0
bass,0,0.9,1.0
harp,8,1.12,1.0
harp,8,0.76,1.0
bass,0,0.76,1.0
basedrum,0,0.53,1.0
hat,0,0.53,1.0
harp,8,0.9,1.0
harp,8,1.12,1.0
harp,0,1.78,1.0
harp,0,1.78,1.0
harp,8,0.9,1.0
hat,0,0.53,1.0
harp,0,2.0,1.0
harp,0,2.0,1.0
harp,8,0.76,1.0
harp,0,1.78,1.0
harp,0,1.78,1.0
harp,8,0.9,1.0
harp,8,1.12,1.0
harp,0,1.5,1.0
harp,0,1.5,1.0
harp,8,0.9,1.0
bass,0,0.76,1.0
harp,0,1.78,1.0
harp,0,1.78,1.0
harp,8,0.9,1.0
bass,0,0.9,1.0
basedrum,0,0.53,1.0
hat,0,0.53,1.0
harp,0,1.78,1.0
harp,0,1.78,1.0
harp,8,1.12,1.0
harp,0,2.0,1.0
harp,0,2.0,1.0
harp,8,1.34,1.0
harp,0,1.78,1.0
harp,0,1.78,1.0
harp,8,1.12,1.0
hat,0,0.53,1.0
harp,0,1.34,1.0
harp,0,1.34,1.0
harp,8,0.9,1.0
harp,8,1.12,1.0
harp,8,1.34,1.0
bass,0,0.67,1.0
harp,8,1.12,1.0
harp,8,0.76,1.0
bass,0,0.76,1.0
basedrum,0,0.53,1.0
hat,0,0.53,1.0
harp,8,0.9,1.0
harp,8,1.12,1.0
harp,0,1.78,1.0
harp,0,1.78,1.0
harp,8,0.9,1.0
hat,0,0.53,1.0
harp,0,2.0,1.0
harp,0,2.0,1.0
harp,8,0.76,1.0
harp,0,1.78,1.0
harp,0,1.78,1.0
harp,8,0.9,1.0
harp,8,1.12,1.0
bass,0,0.67,1.0
harp,0,1.5,1.0
harp,0,1.5,1.0
harp,8,0.9,1.0
bass,0,0.76,1.0
harp,0,1.34,1.0
harp,0,1.34,1.0
harp,8,0.9,1.0
bass,0,0.9,1.0
basedrum,0,0.53,1.0
hat,0,0.53,1.0
harp,0,1.34,1.0
harp,0,1.34,1.0
harp,8,1.12,1.0
harp,0,1.78,1.0
harp,0,1.78,1.0
harp,8,1.34,1.0
harp,8,1.12,1.0
hat,0,0.53,1.0
harp,8,0.9,1.0
harp,8,1.12,1.0
bass,0,1.0,1.0
harp,8,1.34,1.0
bass,0,0.9,1.0
harp,8,1.12,1.0
harp,8,0.76,1.0
bass,0,0.76,1.0
basedrum,0,0.53,1.0
hat,0,0.53,1.0
harp,8,0.9,1.0
harp,8,1.12,1.0
harp,0,1.78,1.0
harp,0,1.78,1.0
harp,8,0.9,1.0
hat,0,0.53,1.0
harp,0,2.0,1.0
harp,0,2.0,1.0
harp,8,0.76,1.0
harp,0,1.78,1.0
harp,0,1.78,1.0
harp,8,0.9,1.0
harp,8,1.12,1.0
bass,0,0.67,1.0
harp,0,1.68,1.0
harp,0,1.68,1.0
harp,8,0.9,1.0
bass,0,0.76,1.0
harp,0,1.5,1.0
harp,0,1.5,1.0
harp,8,0.9,1.0
bass,0,0.9,1.0
basedrum,0,0.53,1.0
hat,0,0.53,1.0
harp,0,1.34,1.0
harp,0,1.34,1.0
harp,8,1.12,1.0
harp,0,1.5,1.0
harp,0,1.5,1.0
harp,8,1.34,1.0
harp,0,1.34,1.0
harp,0,1.34,1.0
harp,8,1.12,1.0
hat,0,0.53,1.0
harp,0,1.12,1.0
harp,0,1.12,1.0
harp,8,0.9,1.0
harp,8,1.12,1.0
bass,0,1.0,1.0
harp,0,1.12,1.0
harp,0,1.12,1.0
harp,8,1.34,1.0
bass,0,0.67,1.0
harp,0,1.34,1.0
harp,0,1.34,1.0
harp,8,1.12,1.0
harp,8,0.6,1.0
bass,0,0.6,1.0
basedrum,0,0.53,1.0
hat,0,0.53,1.0
harp,0,1.18,1.0
harp,0,1.18,1.0
harp,8,0.76,1.0
harp,8,0.9,1.0
harp,8,0.76,1.0
hat,0,0.53,1.0
harp,8,0.6,1.0
basedrum,0,0.53,1.0
hat,0,0.53,1.0
harp,8,0.76,1.0
harp,8,0.9,1.0
bass,0,0.67,1.0
harp,8,0.76,1.0
bass,0,0.76,1.0
hat,0,0.53,1.0
harp,8,0.6,1.0
bass,0,0.76,1.0
basedrum,0,0.53,1.0
hat,0,0.53,1.0
harp,8,0.76,1.0
harp,8,0.9,1.0
harp,8,0.76,1.0
hat,0,0.53,1.0
harp,8,0.67,1.0
bass,0,0.67,1.0
basedrum,0,0.53,1.0
hat,0,0.53,1.0
harp,8,0.84,1.0
bass,0,1.0,1.0
harp,8,1.0,1.0
bass,0,0.9,1.0
hat,0,0.53,1.0
harp,8,0.84,1.0
bass,0,0.84,1.0
hat,0,0.53,1.0
harp,8,0.76,1.0
bass,0,0.76,1.0
basedrum,0,0.53,1.0
hat,0,0.53,1.0
harp,8,0.9,1.0
harp,8,1.12,1.0
bass,0,1.34,1.0
harp,0,1.78,1.0
harp,0,1.78,1.0
harp,8,0.9,1.0
hat,0,0.53,1.0
bass,0,1.5,1.0
harp,0,2.0,1.0
harp,0,2.0,1.0
harp,8,0.76,1.0
basedrum,0,0.53,1.0
bass,0,1.78,1.0
harp,0,1.78,1.0
harp,0,1.78,1.0
harp,8,0.9,1.0
harp,8,1.12,1.0
harp,0,1.5,1.0
harp,0,1.5,1.0
harp,8,0.9,1.0
bass,0,0.76,1.0
bass,0,1.5,1.0
harp,0,1.78,1.0
harp,0,1.78,1.0
harp,8,0.9,1.0
bass,0,0.9,1.0
basedrum,0,0.53,1.0
hat,0,0.53,1.0
bass,0,1.78,1.0
harp,0,1.78,1.0
harp,0,1.78,1.0
harp,8,1.12,1.0
bass,0,1.5,1.0
harp,0,2.0,1.0
harp,0,2.0,1.0
harp,8,1.34,1.0
bass,0,1.34,1.0
harp,0,1.78,1.0
harp,0,1.78,1.0
harp,8,1.12,1.0
hat,0,0.53,1.0
harp,0,1.34,1.0
harp,0,1.34,1.0
harp,8,0.9,1.0
basedrum,0,0.53,1.0
harp,8,1.12,1.0
harp,8,1.34,1.0
bass,0,0.67,1.0
bass,0,1.12,1.0
harp,8,1.12,1.0
bass,0,1.34,1.0
harp,8,0.76,1.0
bass,0,0.76,1.0
basedrum,0,0.53,1.0
hat,0,0.53,1.0
bass,0,1.34,1.0
harp,8,0.9,1.0
bass,0,1.5,1.0
harp,8,1.12,1.0
harp,0,1.78,1.0
harp,0,1.78,1.0
harp,8,0.9,1.0
hat,0,0.53,1.0
harp,0,2.0,1.0
harp,0,2.0,1.0
harp,8,0.76,1.0
basedrum,0,0.53,1.0
harp,0,1.78,1.0
harp,0,1.78,1.0
harp,8,0.9,1.0
bass,0,1.5,1.0
harp,8,1.12,1.0
bass,0,0.67,1.0
bass,0,1.78,1.0
harp,0,1.5,1.0
harp,0,1.5,1.0
harp,8,0.9,1.0
bass,0,0.76,1.0
bass,0,2.0,1.0
harp,0,1.34,1.0
harp,0,1.34,1.0
harp,8,0.9,1.0
bass,0,0.9,1.0
basedrum,0,0.53,1.0
hat,0,0.53,1.0
bass,0,1.78,1.0
harp,0,1.34,1.0
harp,0,1.34,1.0
harp,8,1.12,1.0
bass,0,1.34,1.0
harp,0,1.78,1.0
harp,0,1.78,1.0
harp,8,1.34,1.0
harp,8,1.12,1.0
hat,0,0.53,1.0
harp,8,0.9,1.0
basedrum,0,0.53,1.0
bass,0,1.34,1.0
harp,8,1.12,1.0
bass,0,1.0,1.0
bass,0,1.18,1.0
harp,8,1.34,1.0
bass,0,0.9,1.0
bass,0,1.12,1.0
harp,8,1.12,1.0
bass,0,1.0,1.0
harp,8,0.76,1.0
bass,0,0.76,1.0
basedrum,0,0.53,1.0
hat,0,0.53,1.0
bass,0,0.9,1.0
harp,8,0.9,1.0
harp,8,1.12,1.0
harp,0,1.78,1.0
harp,0,1.78,1.0
harp,8,0.9,1.0
hat,0,0.53,1.0
harp,0,2.0,1.0
harp,0,2.0,1.0
harp,8,0.76,1.0
basedrum,0,0.53,1.0
harp,0,1.78,1.0
harp,0,1.78,1.0
harp,8,0.9,1.0
harp,8,1.12,1.0
bass,0,0.67,1.0
bass,0,1.78,1.0
harp,0,1.68,1.0
harp,0,1.68,1.0
harp,8,0.9,1.0
bass,0,0.76,1.0
bass,0,1.78,1.0
harp,0,1.5,1.0
harp,0,1.5,1.0
harp,8,0.9,1.0
bass,0,0.9,1.0
basedrum,0,0.53,1.0
hat,0,0.53,1.0
bass,0,1.78,1.0
harp,0,1.34,1.0
harp,0,1.34,1.0
harp,8,1.12,1.0
bass,0,1.34,1.0
harp,0,1.5,1.0
harp,0,1.5,1.0
harp,8,1.34,1.0
harp,0,1.34,1.0
harp,0,1.34,1.0
harp,8,1.12,1.0
hat,0,0.53,1.0
harp,0,1.12,1.0
harp,0,1.12,1.0
harp,8,0.9,1.0
basedrum,0,0.53,1.0
harp,8,1.12,1.0
bass,0,1.0,1.0
harp,0,1.12,1.0
harp,0,1.12,1.0
harp,8,1.34,1.0
bass,0,0.67,1.0
harp,0,1.34,1.0
harp,0,1.34,1.0
harp,8,1.12,1.0
harp,8,0.6,1.0
bass,0,0.6,1.0
basedrum,0,0.53,1.0
hat,0,0.53,1.0
harp,0,1.18,1.0
harp,0,1.18,1.0
harp,8,0.76,1.0
harp,8,0.9,1.0
harp,8,0.76,1.0
hat,0,0.53,1.0
harp,8,0.6,1.0
basedrum,0,0.53,1.0
hat,0,0.53,1.0
harp,8,0.76,1.0
harp,8,0.9,1.0
bass,0,0.67,1.0
harp,8,0.76,1.0
bass,0,0.76,1.0
hat,0,0.53,1.0
harp,8,0.6,1.0
bass,0,0.76,1.0
basedrum,0,0.53,1.0
hat,0,0.53,1.0
harp,8,0.76,1.0
harp,8,0.9,1.0
harp,8,0.76,1.0
hat,0,0.53,1.0
harp,8,0.67,1.0
bass,0,0.67,1.0
basedrum,0,0.53,1.0
hat,0,0.53,1.0
harp,0,2.0,1.0
harp,0,2.0,1.0
harp,8,0.84,1.0
bass,0,1.0,1.0
harp,0,1.78,1.0
harp,0,1.78,1.0
harp,8,1.0,1.0
bass,0,0.9,1.0
hat,0,0.53,1.0
harp,0,1.68,1.0
harp,0,1.68,1.0
harp,8,0.84,1.0
bass,0,0.84,1.0
hat,0,0.53,1.0
harp,0,1.78,1.0
harp,0,1.78,1.0
harp,8,0.76,1.0
bass,0,0.76,1.0
basedrum,0,0.53,1.0
hat,0,0.53,1.0
harp,0,1.5,1.0
harp,0,1.5,1.0
harp,8,0.9,1.0
harp,8,1.12,1.0
harp,8,0.9,1.0
hat,0,0.53,1.0
harp,8,0.76,1.0
harp,8,0.9,1.0
harp,8,1.12,1.0
harp,8,0.9,1.0
bass,0,0.76,1.0
harp,8,0.76,1.0
bass,0,0.9,1.0
basedrum,0,0.53,1.0
hat,0,0.53,1.0
harp,8,0.9,1.0
harp,8,1.12,1.0
harp,8,0.9,1.0
hat,0,0.53,1.0
harp,8,0.76,1.0
harp,8,0.9,1.0
harp,8,1.12,1.0
bass,0,0.67,1.0
harp,8,0.9,1.0
harp,8,0.67,1.0
bass,0,0.67,1.0
basedrum,0,0.53,1.0
hat,0,0.53,1.0
harp,8,0.84,1.0
harp,8,1.0,1.0
harp,8,0.84,1.0
hat,0,0.53,1.0
harp,8,0.67,1.0
harp,8,0.84,1.0
harp,8,1.0,1.0
harp,8,0.84,1.0
bass,0,0.76,1.0
harp,8,0.67,1.0
bass,0,0.84,1.0
basedrum,0,0.53,1.0
hat,0,0.53,1.0
harp,8,0.84,1.0
harp,8,1.0,1.0
harp,8,0.84,1.0
hat,0,0.53,1.0
harp,8,0.67,1.0
harp,8,0.84,1.0
harp,8,1.0,1.0
bass,0,0.76,1.0
harp,8,0.84,1.0
bass,0,0.67,1.0
harp,8,0.76,1.0
bass,0,0.76,1.0
basedrum,0,0.53,1.0
hat,0,0.53,1.0
harp,8,0.9,1.0
harp,8,1.12,1.0
harp,0,1.5,1.0
harp,0,1.5,1.0
harp,8,0.9,1.0
hat,0,0.53,1.0
harp,8,0.76,1.0
harp,0,1.68,1.0
harp,0,1.68,1.0
harp,8,0.9,1.0
harp,8,1.12,1.0
harp,0,1.78,1.0
harp,0,1.78,1.0
harp,8,0.9,1.0
bass,0,0.76,1.0
harp,8,0.76,1.0
bass,0,0.9,1.0
basedrum,0,0.53,1.0
hat,0,0.53,1.0
harp,8,0.9,1.0
harp,8,1.12,1.0
harp,0,1.5,1.0
harp,0,1.5,1.0
harp,8,0.9,1.0
hat,0,0.53,1.0
harp,0,1.68,1.0
harp,0,1.68,1.0
harp,8,0.76,1.0
harp,0,1.78,1.0
harp,0,1.78,1.0
harp,8,0.9,1.0
harp,8,1.12,1.0
bass,0,0.67,1.0
harp,0,1.68,1.0
harp,0,1.68,1.0
harp,8,0.9,1.0
harp,0,1.5,1.0
harp,0,1.5,1.0
harp,8,0.67,1.0
bass,0,0.67,1.0
basedrum,0,0.53,1.0
hat,0,0.53,1.0
harp,0,1.68,1.0
harp,0,1.34,1.0
harp,0,1.68,1.0
harp,0,1.34,1.0
harp,8,0.84,1.0
harp,0,1.78,1.0
harp,0,1.78,1.0
harp,8,1.0,1.0
harp,0,2.0,1.0
harp,0,2.0,1.0
harp,8,0.84,1.0
hat,0,0.53,1.0
harp,8,0.67,1.0
harp,8,0.84,1.0
harp,8,1.0,1.0
harp,8,0.84,1.0
bass,0,0.76,1.0
harp,8,0.67,1.0
bass,0,0.84,1.0
basedrum,0,0.53,1.0
hat,0,0.53,1.0
harp,8,0.84,1.0
harp,8,1.0,1.0
harp,8,0.84,1.0
hat,0,0.53,1.0
harp,8,0.67,1.0
harp,8,0.84,1.0
harp,8,1.0,1.0
bass,0,0.76,1.0
harp,8,0.84,1.0
bass,0,0.67,1.0
harp,8,0.76,1.0
harp,8,0.9,1.0
harp,8,1.12,1.0
harp,0,1.5,1.0
harp,0,1.5,1.0
harp,8,0.9,1.0
harp,8,0.76,1.0
harp,0,1.68,1.0
harp,0,1.68,1.0
harp,8,0.9,1.0
harp,8,1.12,1.0
harp,0,1.5,1.0
harp,0,1.5,1.0
harp,8,0.9,1.0
harp,8,0.76,1.0
harp,0,1.78,1.0
harp,0,1.78,1.0
harp,8,0.9,1.0
harp,8,1.12,1.0
harp,8,0.9,1.0
harp,8,0.76,1.0
harp,0,1.68,1.0
harp,0,1.68,1.0
harp,8,0.9,1.0
harp,8,1.12,1.0
harp,0,1.5,1.0
harp,0,1.5,1.0
harp,8,0.9,1.0
harp,8,0.67,1.0
harp,0,1.34,1.0
harp,0,1.34,1.0
harp,8,0.84,1.0
harp,0,1.0,1.0
harp,0,1.0,1.0
harp,8,1.0,1.0
harp,0,1.34,1.0
harp,0,1.34,1.0
harp,8,0.84,1.0
harp,0,1.5,1.0
harp,0,1.5,1.0
harp,8,0.67,1.0
harp,0,1.34,1.0
harp,0,1.34,1.0
harp,8,0.84,1.0
harp,8,1.0,1.0
harp,8,0.84,1.0
harp,8,0.67,1.0
harp,8,0.84,1.0
harp,8,1.0,1.0
harp,8,0.84,1.0
harp,8,0.67,1.0
harp,8,0.84,1.0
harp,8,1.0,1.0
harp,0,1.34,1.0
harp,0,1.34,1.0
harp,8,0.84,1.0
harp,8,0.76,1.0
harp,0,1.5,1.0
harp,0,1.5,1.0
harp,8,0.9,1.0
harp,8,1.12,1.0
harp,8,0.9,1.0
harp,8,0.76,1.0
harp,8,0.9,1.0
harp,8,1.12,1.0
harp,8,0.9,1.0
harp,8,0.76,1.0
harp,8,0.9,1.0
harp,8,1.12,1.0
harp,8,0.9,1.0
harp,8,0.76,1.0
harp,0,1.5,1.0
harp,0,1.5,1.0
harp,8,0.9,1.0
harp,8,1.12,1.0
harp,0,1.68,1.0
harp,0,1.68,1.0
harp,8,0.9,1.0
harp,8,0.67,1.0
harp,0,1.68,1.0
harp,0,1.34,1.0
harp,0,2.0,1.0
harp,0,1.68,1.0
harp,0,1.34,1.0
harp,0,2.0,1.0
harp,8,0.84,1.0
harp,8,1.0,1.0
harp,8,0.84,1.0
harp,8,0.67,1.0
harp,8,0.84,1.0
harp,8,1.0,1.0
harp,8,0.84,1.0
harp,8,0.67,1.0
harp,8,0.84,1.0
harp,8,1.0,1.0
harp,8,0.84,1.0
harp,8,0.67,1.0
harp,0,1.12,1.0
harp,0,1.12,1.0
harp,8,0.84,1.0
harp,0,1.34,1.0
harp,0,1.34,1.0
harp,8,1.0,1.0
harp,0,1.5,1.0
harp,0,1.5,1.0
harp,8,0.84,1.0
harp,0,1.34,1.0
harp,0,1.34,1.0
harp,8,0.76,1.0
bass,0,0.76,1.0
basedrum,0,0.53,1.0
hat,0,0.53,1.0
harp,0,1.5,1.0
harp,0,1.5,1.0
harp,8,0.9,1.0
harp,8,1.12,1.0
bass,0,1.34,1.0
harp,0,1.78,1.0
harp,0,1.78,1.0
harp,8,0.9,1.0
hat,0,0.53,1.0
bass,0,1.5,1.0
harp,0,2.0,1.0
harp,0,2.0,1.0
harp,8,0.76,1.0
basedrum,0,0.53,1.0
bass,0,1.78,1.0
harp,0,1.78,1.0
harp,0,1.78,1.0
harp,8,0.9,1.0
harp,8,1.12,1.0
harp,0,1.5,1.0
harp,0,1.5,1.0
harp,8,0.9,1.0
bass,0,0.76,1.0
bass,0,1.5,1.0
harp,0,1.78,1.0
harp,0,1.78,1.0
harp,8,0.9,1.0
bass,0,0.9,1.0
basedrum,0,0.53,1.0
hat,0,0.53,1.0
bass,0,1.78,1.0
harp,0,1.78,1.0
harp,0,1.78,1.0
harp,8,1.12,1.0
bass,0,1.5,1.0
harp,0,2.0,1.0
harp,0,2.0,1.0
harp,8,1.34,1.0
bass,0,1.34,1.0
harp,0,1.78,1.0
harp,0,1.78,1.0
harp,8,1.12,1.0
hat,0,0.53,1.0
harp,0,1.34,1.0
harp,0,1.34,1.0
harp,8,0.9,1.0
basedrum,0,0.53,1.0
harp,8,1.12,1.0
harp,8,1.34,1.0
bass,0,0.67,1.0
bass,0,1.12,1.0
harp,8,1.12,1.0
bass,0,1.34,1.0
harp,8,0.76,1.0
bass,0,0.76,1.0
basedrum,0,0.53,1.0
hat,0,0.53,1.0
bass,0,1.34,1.0
harp,8,0.9,1.0
bass,0,1.5,1.0
harp,8,1.12,1.0
harp,0,1.78,1.0
harp,0,1.78,1.0
harp,8,0.9,1.0
hat,0,0.53,1.0
harp,0,2.0,1.0
harp,0,2.0,1.0
harp,8,0.76,1.0
basedrum,0,0.53,1.0
harp,0,1.78,1.0
harp,0,1.78,1.0
harp,8,0.9,1.0
bass,0,1.5,1.0
harp,8,1.12,1.0
bass,0,0.67,1.0
bass,0,1.78,1.0
harp,0,1.5,1.0
harp,0,1.5,1.0
harp,8,0.9,1.0
bass,0,0.76,1.0
bass,0,2.0,1.0
harp,0,1.34,1.0
harp,0,1.34,1.0
harp,8,0.9,1.0
bass,0,0.9,1.0
basedrum,0,0.53,1.0
hat,0,0.53,1.0
bass,0,1.78,1.0
harp,0,1.34,1.0
harp,0,1.34,1.0
harp,8,1.12,1.0
bass,0,1.34,1.0
harp,0,1.78,1.0
harp,0,1.78,1.0
harp,8,1.34,1.0
harp,8,1.12,1.0
hat,0,0.53,1.0
harp,8,0.9,1.0
basedrum,0,0.53,1.0
bass,0,1.34,1.0
harp,8,1.12,1.0
bass,0,1.0,1.0
bass,0,1.18,1.0
harp,8,1.34,1.0
bass,0,0.9,1.0
bass,0,1.12,1.0
harp,8,1.12,1.0
bass,0,1.0,1.0
harp,8,0.76,1.0
bass,0,0.76,1.0
basedrum,0,0.53,1.0
hat,0,0.53,1.0
bass,0,0.9,1.0
harp,8,0.9,1.0
harp,8,1.12,1.0
harp,0,1.78,1.0
harp,0,1.78,1.0
harp,8,0.9,1.0
hat,0,0.53,1.0
harp,0,2.0,1.0
harp,0,2.0,1.0
harp,8,0.76,1.0
basedrum,0,0.53,1.0
harp,0,1.78,1.0
harp,0,1.78,1.0
harp,8,0.9,1.0
harp,8,1.12,1.0
bass,0,0.67,1.0
bass,0,1.78,1.0
harp,0,1.68,1.0
harp,0,1.68,1.0
harp,8,0.9,1.0
bass,0,0.76,1.0
bass,0,1.78,1.0
harp,0,1.5,1.0
harp,0,1.5,1.0
harp,8,0.9,1.0
bass,0,0.9,1.0
basedrum,0,0.53,1.0
hat,0,0.53,1.0
bass,0,1.78,1.0
harp,0,1.34,1.0
harp,0,1.34,1.0
harp,8,1.12,1.0
bass,0,1.34,1.0
harp,0,1.5,1.0
harp,0,1.5,1.0
harp,8,1.34,1.0
harp,0,1.34,1.0
harp,0,1.34,1.0
harp,8,1.12,1.0
hat,0,0.53,1.0
harp,0,1.12,1.0
harp,0,1.12,1.0
harp,8,0.9,1.0
basedrum,0,0.53,1.0
harp,8,1.12,1.0
bass,0,1.0,1.0
harp,0,1.12,1.0
harp,0,1.12,1.0
harp,8,1.34,1.0
bass,0,0.67,1.0
harp,0,1.34,1.0
harp,0,1.34,1.0
harp,8,1.12,1.0
harp,8,0.6,1.0
bass,0,0.6,1.0
basedrum,0,0.53,1.0
hat,0,0.53,1.0
harp,0,1.18,1.0
harp,0,1.18,1.0
harp,8,0.76,1.0
harp,8,0.9,1.0
harp,8,0.76,1.0
hat,0,0.53,1.0
harp,8,0.6,1.0
basedrum,0,0.53,1.0
hat,0,0.53,1.0
harp,8,0.76,1.0
harp,8,0.9,1.0
bass,0,0.67,1.0
harp,8,0.76,1.0
bass,0,0.76,1.0
hat,0,0.53,1.0
harp,8,0.6,1.0
bass,0,0.76,1.0
basedrum,0,0.53,1.0
hat,0,0.53,1.0
harp,8,0.76,1.0
harp,8,0.9,1.0
harp,8,0.76,1.0
hat,0,0.53,1.0
harp,8,0.67,1.0
bass,0,0.67,1.0
basedrum,0,0.53,1.0
hat,0,0.53,1.0
harp,0,2.0,1.0
harp,0,2.0,1.0
harp,8,0.84,1.0
bass,0,1.0,1.0
harp,0,1.78,1.0
harp,0,1.78,1.0
harp,8,1.0,1.0
bass,0,0.9,1.0
hat,0,0.53,1.0
harp,0,1.68,1.0
harp,0,1.68,1.0
harp,8,0.84,1.0
bass,0,0.84,1.0
hat,0,0.53,1.0
harp,0,1.78,1.0
harp,0,1.78,1.0
harp,8,0.76,1.0
bass,0,0.76,1.0
basedrum,0,0.53,1.0
hat,0,0.53,1.0
harp,0,1.78,1.0
harp,0,1.78,1.0
harp,8,0.9,1.0
harp,8,1.12,1.0
bass,0,1.34,1.0
harp,0,1.78,1.0
harp,0,1.78,1.0
harp,8,0.9,1.0
hat,0,0.53,1.0
bass,0,1.5,1.0
harp,0,1.5,1.0
harp,0,1.5,1.0
harp,8,0.76,1.0
basedrum,0,0.53,1.0
bass,0,1.78,1.0
harp,0,1.5,1.0
harp,0,1.5,1.0
harp,8,0.9,1.0
harp,8,1.12,1.0
harp,0,1.34,1.0
harp,0,1.34,1.0
harp,8,0.9,1.0
bass,0,0.76,1.0
bass,0,1.5,1.0
harp,0,1.5,1.0
harp,0,1.5,1.0
harp,8,0.9,1.0
bass,0,0.9,1.0
basedrum,0,0.53,1.0
hat,0,0.53,1.0
bass,0,1.78,1.0
harp,0,1.78,1.0
harp,0,1.78,1.0
harp,8,1.12,1.0
bass,0,1.5,1.0
harp,0,2.0,1.0
harp,0,2.0,1.0
harp,8,1.34,1.0
bass,0,1.34,1.0
harp,0,1.78,1.0
harp,0,1.78,1.0
harp,8,1.12,1.0
hat,0,0.53,1.0
harp,8,0.9,1.0
basedrum,0,0.53,1.0
harp,8,1.12,1.0
harp,0,0.9,1.0
harp,0,1.34,1.0
harp,0,0.9,1.0
harp,0,1.34,1.0
harp,4,1.0,1.0
harp,0,1.5,1.0
harp,0,1.0,1.0
harp,0,1.5,1.0
harp,4,1.34,1.0
bass,0,0.67,1.0
bass,0,1.12,1.0
harp,0,1.12,1.0
harp,0,1.78,1.0
harp,0,1.12,1.0
harp,0,1.78,1.0
harp,8,1.12,1.0
bass,0,1.34,1.0
harp,0,1.0,1.0
harp,0,1.5,1.0
harp,0,1.0,1.0
harp,0,1.5,1.0
harp,4,0.9,1.0
harp,0,1.34,1.0
harp,0,0.9,1.0
harp,0,1.34,1.0
harp,4,0.76,1.0
bass,0,0.76,1.0
basedrum,0,0.53,1.0
hat,0,0.53,1.0
bass,0,1.34,1.0
harp,8,0.9,1.0
bass,0,1.5,1.0
harp,8,1.12,1.0
harp,0,1.78,1.0
harp,0,1.78,1.0
harp,8,0.9,1.0
hat,0,0.53,1.0
harp,0,1.5,1.0
harp,0,1.5,1.0
harp,8,0.76,1.0
basedrum,0,0.53,1.0
harp,0,1.78,1.0
harp,0,1.78,1.0
harp,8,0.9,1.0
bass,0,1.5,1.0
harp,0,2.0,1.0
harp,0,2.0,1.0
harp,8,1.12,1.0
bass,0,0.67,1.0
bass,0,1.78,1.0
harp,0,1.78,1.0
harp,0,1.78,1.0
harp,8,0.9,1.0
bass,0,0.76,1.0
bass,0,2.0,1.0
harp,8,0.9,1.0
bass,0,0.9,1.0
basedrum,0,0.53,1.0
hat,0,0.53,1.0
bass,0,1.78,1.0
harp,0,1.78,1.0
harp,0,1.78,1.0
harp,8,1.12,1.0
bass,0,1.34,1.0
harp,8,1.34,1.0
harp,0,1.34,1.0
harp,0,1.34,1.0
harp,8,1.12,1.0
hat,0,0.53,1.0
harp,8,0.9,1.0
basedrum,0,0.53,1.0
bass,0,1.34,1.0
harp,8,1.12,1.0
bass,0,1.0,1.0
bass,0,1.18,1.0
harp,0,0.9,1.0
harp,0,1.34,1.0
harp,0,0.9,1.0
harp,0,1.34,1.0
harp,4,1.0,1.0
harp,0,1.5,1.0
harp,0,1.0,1.0
harp,0,1.5,1.0
harp,4,1.34,1.0
bass,0,0.9,1.0
bass,0,1.12,1.0
harp,0,1.12,1.0
harp,0,1.78,1.0
harp,0,1.12,1.0
harp,0,1.78,1.0
harp,8,1.12,1.0
bass,0,1.0,1.0
harp,0,1.0,1.0
harp,0,1.5,1.0
harp,0,1.0,1.0
harp,0,1.5,1.0
harp,4,0.9,1.0
harp,0,1.34,1.0
harp,0,0.9,1.0
harp,0,1.34,1.0
harp,4,0.76,1.0
bass,0,0.76,1.0
basedrum,0,0.53,1.0
hat,0,0.53,1.0
bass,0,0.9,1.0
harp,0,1.78,1.0
harp,0,1.78,1.0
harp,8,0.9,1.0
harp,0,1.78,1.0
harp,0,1.78,1.0
harp,8,1.12,1.0
harp,0,1.78,1.0
harp,0,1.78,1.0
harp,8,0.9,1.0
hat,0,0.53,1.0
harp,0,1.5,1.0
harp,0,1.5,1.0
harp,8,0.76,1.0
basedrum,0,0.53,1.0
harp,0,1.78,1.0
harp,0,1.78,1.0
harp,8,0.9,1.0
harp,0,2.0,1.0
harp,0,2.0,1.0
harp,8,1.12,1.0
bass,0,0.67,1.0
bass,0,1.78,1.0
harp,0,1.78,1.0
harp,0,1.78,1.0
harp,8,0.9,1.0
bass,0,0.76,1.0
bass,0,1.78,1.0
harp,0,2.0,1.0
harp,0,2.0,1.0
harp,8,0.9,1.0
bass,0,0.9,1.0
basedrum,0,0.53,1.0
hat,0,0.53,1.0
bass,0,1.78,1.0
harp,0,1.78,1.0
harp,0,1.78,1.0
harp,8,1.12,1.0
bass,0,1.34,1.0
harp,8,1.34,1.0
harp,8,1.12,1.0
hat,0,0.53,1.0
harp,0,1.5,1.0
harp,0,1.5,1.0
harp,8,0.9,1.0
basedrum,0,0.53,1.0
harp,0,1.34,1.0
harp,0,1.34,1.0
harp,8,1.12,1.0
bass,0,1.0,1.0
harp,0,0.9,1.0
harp,0,1.34,1.0
harp,0,0.9,1.0
harp,0,1.34,1.0
harp,4,1.0,1.0
harp,0,1.5,1.0
harp,0,1.0,1.0
harp,0,1.5,1.0
harp,4,1.34,1.0
bass,0,0.67,1.0
harp,0,1.12,1.0
harp,0,1.78,1.0
harp,0,1.12,1.0
harp,0,1.78,1.0
harp,8,1.12,1.0
harp,0,1.0,1.0
harp,0,1.5,1.0
harp,0,1.0,1.0
harp,0,1.5,1.0
harp,4,0.9,1.0
harp,0,1.34,1.0
harp,0,0.9,1.0
harp,0,1.34,1.0
harp,4,0.6,1.0
bass,0,0.6,1.0
basedrum,0,0.53,1.0
hat,0,0.53,1.0
harp,0,1.5,1.0
harp,0,1.5,1.0
harp,8,0.76,1.0
harp,8,0.9,1.0
harp,8,0.76,1.0
hat,0,0.53,1.0
harp,8,0.6,1.0
basedrum,0,0.53,1.0
hat,0,0.53,1.0
harp,8,0.76,1.0
harp,8,0.9,1.0
bass,0,0.67,1.0
harp,8,0.76,1.0
bass,0,0.76,1.0
hat,0,0.53,1.0
harp,8,0.6,1.0
bass,0,0.76,1.0
basedrum,0,0.53,1.0
hat,0,0.53,1.0
harp,8,0.76,1.0
harp,8,0.9,1.0
harp,8,0.76,1.0
hat,0,0.53,1.0
harp,8,0.67,1.0
bass,0,0.67,1.0
basedrum,0,1.34,1.0
hat,0,0.53,1.0
harp,8,0.84,1.0
bass,0,1.0,1.0
basedrum,0,1.34,1.0
harp,8,1.0,1.0
bass,0,0.9,1.0
basedrum,0,1.34,1.0
harp,8,0.84,1.0
bass,0,0.84,1.0
basedrum,0,1.34,1.0
basedrum,4,1.34,1.0
harp,4,0.9,1.0
hat,0,0.53,1.0
