harp,0,0.63,1.0
harp,24,0.76,1.0
harp,0,0.94,1.0
hat,0,0.63,1.0
harp,24,0.7,1.0
harp,0,0.84,1.0
harp,24,0.76,1.0
harp,0,0.56,1.0
hat,0,0.63,1.0
harp,24,0.63,1.0
harp,24,0.76,1.0
harp,0,0.94,1.0
hat,0,0.63,1.0
harp,24,0.84,1.0
harp,0,1.12,1.0
harp,24,0.7,1.0
harp,0,0.84,1.0
hat,0,0.63,1.0
harp,24,0.63,1.0
bass,0,0.63,1.0
bass,12,0.63,1.0
harp,12,0.76,1.0
harp,0,0.94,1.0
hat,0,0.63,1.0
bass,12,0.76,1.0
harp,12,0.7,1.0
harp,0,0.84,1.0
bass,0,0.7,1.0
harp,24,0.76,1.0
harp,0,0.56,1.0
bass,0,0.56,1.0
hat,0,0.63,1.0
harp,24,0.63,1.0
bass,0,0.63,1.0
bass,12,0.63,1.0
harp,12,0.76,1.0
harp,0,0.94,1.0
hat,0,0.63,1.0
bass,12,0.76,1.0
harp,12,0.84,1.0
harp,0,1.12,1.0
bass,0,0.84,1.0
harp,24,0.7,1.0
harp,0,0.84,1.0
bass,0,0.7,1.0
hat,0,0.63,1.0
harp,12,1.12,1.0
harp,12,0.63,1.0
bass,0,0.63,1.0
harp,0,1.26,1.0
basedrum,0,0.7,1.0
bass,0,1.26,1.0
bass,0,0.94,1.0
bass,12,0.63,1.0
basedrum,0,0.7,0.7
harp,12,0.76,1.0
harp,0,0.94,1.0
hat,0,0.63,1.0
bass,0,1.26,1.0
harp,12,0.63,1.0
bass,0,0.76,1.0
harp,6,0.76,1.0
harp,6,0.7,1.0
harp,0,0.84,1.0
bass,0,0.7,1.0
basedrum,0,0.7,1.0
harp,12,0.94,1.0
basedrum,0,0.7,0.7
harp,12,0.76,1.0
harp,0,0.56,1.0
bass,0,0.56,1.0
hat,0,0.63,1.0
harp,0,1.12,1.0
harp,12,1.26,1.0
harp,12,0.63,1.0
bass,0,0.63,1.0
harp,0,0.94,1.0
basedrum,0,0.7,1.0
bass,0,1.26,1.0
bass,0,0.94,1.0
bass,12,0.63,1.0
basedrum,0,0.7,0.7
harp,12,0.76,1.0
harp,0,0.94,1.0
hat,0,0.63,1.0
bass,0,1.26,1.0
harp,12,0.63,1.0
bass,0,0.76,1.0
harp,0,1.26,1.0
harp,6,0.76,1.0
harp,6,0.84,1.0
harp,0,1.12,1.0
bass,0,0.84,1.0
basedrum,0,0.7,1.0
basedrum,12,0.7,0.7
harp,12,0.7,1.0
harp,0,0.84,1.0
bass,0,0.7,1.0
hat,0,0.63,1.0
harp,0,1.42,1.0
basedrum,12,0.7,1.0
harp,12,0.63,1.0
bass,0,0.63,1.0
harp,0,1.26,1.0
basedrum,0,0.7,1.0
harp,0,1.5,1.0
bass,0,1.26,1.0
bass,0,0.94,1.0
bass,12,0.63,1.0
basedrum,0,0.7,0.7
harp,12,0.76,1.0
harp,0,0.94,1.0
hat,0,0.63,1.0
harp,0,1.26,1.0
bass,0,1.26,1.0
harp,12,0.63,1.0
bass,0,0.76,1.0
harp,0,1.5,1.0
harp,6,0.76,1.0
harp,6,0.7,1.0
harp,0,0.84,1.0
bass,0,0.7,1.0
basedrum,0,0.7,1.0
harp,0,1.42,1.0
harp,12,0.94,1.0
basedrum,0,0.7,0.7
harp,12,0.76,1.0
harp,0,0.56,1.0
bass,0,0.56,1.0
hat,0,0.63,1.0
harp,0,1.12,1.0
harp,12,1.42,1.0
harp,12,0.63,1.0
bass,0,0.63,1.0
harp,0,0.94,1.0
basedrum,0,0.7,1.0
harp,0,1.26,1.0
bass,0,1.26,1.0
bass,0,0.94,1.0
bass,12,0.63,1.0
basedrum,0,0.7,0.7
harp,12,0.76,1.0
harp,0,0.94,1.0
hat,0,0.63,1.0
bass,0,1.26,1.0
harp,12,0.63,1.0
bass,0,0.76,1.0
harp,0,1.26,1.0
harp,6,0.76,1.0
harp,6,0.84,1.0
harp,0,1.12,1.0
bass,0,0.84,1.0
basedrum,0,0.7,1.0
harp,0,1.42,1.0
basedrum,12,0.7,0.7
harp,12,0.7,1.0
harp,0,0.84,1.0
bass,0,0.7,1.0
hat,0,0.63,1.0
harp,0,1.12,1.0
basedrum,12,0.7,1.0
harp,12,0.63,1.0
bass,0,0.63,1.0
harp,0,1.26,1.0
basedrum,0,1.0,1.0
harp,0,0.94,1.0
bass,0,1.26,1.0
bass,0,0.94,1.0
bass,12,0.63,1.0
harp,0,0.94,1.0
basedrum,0,1.0,0.7
harp,12,0.76,1.0
harp,0,0.94,1.0
hat,0,0.63,1.0
bass,0,1.26,1.0
harp,12,0.63,1.0
bass,0,0.76,1.0
harp,6,0.76,1.0
harp,6,0.7,1.0
harp,0,0.84,1.0
bass,0,0.7,1.0
basedrum,0,1.0,1.0
harp,12,0.94,1.0
basedrum,0,1.0,0.7
harp,0,0.76,1.0
bass,0,1.12,1.0
harp,12,0.76,1.0
harp,0,0.56,1.0
bass,0,0.56,1.0
hat,0,0.63,1.0
harp,0,1.12,1.0
harp,0,0.94,1.0
bass,0,0.94,1.0
hat,12,1.6,1.0
harp,0,1.26,1.0
harp,0,0.94,1.0
bass,0,1.12,1.0
hat,6,1.6,1.0
harp,6,0.63,1.0
bass,0,0.63,1.0
harp,0,0.94,1.0
basedrum,0,1.0,1.0
harp,0,0.76,1.0
bass,0,1.26,1.0
bass,0,0.94,1.0
bass,12,0.63,1.0
basedrum,0,1.0,0.7
harp,12,0.76,1.0
harp,0,0.94,1.0
hat,0,0.63,1.0
bass,0,1.26,1.0
harp,0,0.63,1.0
harp,12,0.63,1.0
bass,0,0.76,1.0
harp,0,1.26,1.0
harp,0,0.94,1.0
harp,0,0.76,1.0
harp,6,0.76,1.0
harp,6,0.84,1.0
harp,0,1.12,1.0
bass,0,0.84,1.0
basedrum,0,1.0,1.0
basedrum,12,1.0,0.7
bass,0,1.12,1.0
harp,12,0.7,1.0
harp,0,0.84,1.0
bass,0,0.7,1.0
hat,0,0.63,1.0
harp,0,1.42,1.0
harp,0,1.12,1.0
bass,0,1.42,1.0
hat,12,1.6,1.0
basedrum,0,1.0,1.0
bass,0,1.12,1.0
hat,6,1.6,1.0
harp,6,0.63,1.0
bass,0,0.63,1.0
harp,0,1.26,1.0
basedrum,0,1.0,1.0
harp,0,1.5,1.0
bass,0,1.26,1.0
bass,0,0.94,1.0
harp,0,0.94,1.0
bass,12,0.63,1.0
harp,0,0.94,1.0
basedrum,0,1.0,0.7
harp,12,0.76,1.0
harp,0,0.94,1.0
hat,0,0.63,1.0
harp,0,1.26,1.0
bass,0,1.26,1.0
harp,12,0.63,1.0
bass,0,0.76,1.0
harp,0,1.5,1.0
harp,6,0.76,1.0
harp,6,0.7,1.0
harp,0,0.84,1.0
bass,0,0.7,1.0
basedrum,0,1.0,1.0
harp,0,1.42,1.0
harp,12,0.94,1.0
basedrum,0,1.0,0.7
bass,0,1.12,1.0
harp,0,0.76,1.0
harp,12,0.76,1.0
harp,0,0.56,1.0
bass,0,0.56,1.0
hat,0,0.63,1.0
harp,0,1.12,1.0
bass,0,0.94,1.0
harp,0,0.94,1.0
hat,12,1.6,1.0
harp,0,1.42,1.0
bass,0,1.12,1.0
harp,0,0.94,1.0
hat,6,1.6,1.0
harp,6,0.63,1.0
bass,0,0.63,1.0
harp,0,0.94,1.0
basedrum,0,1.0,1.0
harp,0,1.26,1.0
bass,0,1.26,1.0
bass,0,0.94,1.0
harp,0,0.76,1.0
bass,12,0.63,1.0
basedrum,0,1.0,0.7
harp,12,0.76,1.0
harp,0,0.94,1.0
hat,0,0.63,1.0
harp,0,0.63,1.0
bass,0,1.26,1.0
harp,12,0.63,1.0
bass,0,0.76,1.0
harp,0,1.26,1.0
harp,0,0.76,1.0
harp,0,0.94,1.0
harp,6,0.76,1.0
harp,6,0.84,1.0
harp,0,1.12,1.0
bass,0,0.84,1.0
harp,0,0.7,1.0
basedrum,0,1.0,1.0
harp,0,1.42,1.0
basedrum,12,1.0,0.7
bass,0,1.12,1.0
harp,12,0.7,1.0
harp,0,0.84,1.0
bass,0,0.7,1.0
hat,0,0.63,1.0
harp,0,1.12,1.0
harp,0,0.56,1.0
bass,0,1.42,1.0
hat,12,1.6,1.0
basedrum,0,1.0,1.0
bass,0,1.12,1.0
hat,6,1.6,1.0
harp,6,0.63,1.0
bass,0,0.63,1.0
harp,0,1.26,1.0
basedrum,0,1.0,1.0
harp,0,0.94,1.0
bass,0,1.26,1.0
bass,0,0.94,1.0
basedrum,0,1.6,1.0
bass,0,0.63,0.5
bass,12,0.63,1.0
basedrum,0,1.6,0.7
bass,0,1.26,1.0
bass,0,0.94,1.0
hat,0,0.63,1.0
bass,0,0.63,0.5
harp,12,0.76,1.0
harp,0,0.94,1.0
basedrum,0,1.0,1.0
snare,0,0.7,0.7
bass,0,1.26,0.5
harp,12,0.63,1.0
bass,0,0.76,1.0
hat,0,0.63,1.0
bass,0,0.94,1.0
bass,0,0.76,0.5
harp,6,0.76,1.0
harp,6,0.7,1.0
harp,0,0.84,1.0
bass,0,0.7,1.0
basedrum,0,1.0,1.0
hat,0,0.63,0.7
bass,0,0.84,1.0
bass,0,0.7,0.5
harp,12,0.94,1.0
bass,0,1.88,1.0
hat,0,0.63,0.4
harp,12,0.76,1.0
harp,0,0.56,1.0
bass,0,0.56,1.0
basedrum,0,1.0,1.0
snare,0,0.7,0.7
bass,0,0.76,1.0
bass,0,1.68,1.0
bass,0,0.56,0.5
basedrum,12,1.0,1.0
hat,0,0.63,0.7
bass,0,0.7,1.0
bass,0,1.5,1.0
hat,0,1.6,1.0
hat,6,1.6,1.0
harp,6,0.63,1.0
bass,0,0.63,1.0
basedrum,0,1.0,1.0
bass,0,1.26,1.0
bass,0,0.94,1.0
basedrum,0,1.6,1.0
bass,0,0.63,0.5
bass,12,0.63,1.0
basedrum,0,1.6,0.7
bass,0,1.26,1.0
bass,0,0.94,1.0
hat,0,0.63,1.0
bass,0,0.63,0.5
harp,12,0.76,1.0
harp,0,0.94,1.0
basedrum,0,1.0,1.0
snare,0,0.7,0.7
bass,0,1.26,0.5
harp,12,0.63,1.0
bass,0,0.76,1.0
hat,0,0.63,1.0
bass,0,0.94,1.0
bass,0,0.76,0.5
harp,6,0.76,1.0
harp,6,0.84,1.0
harp,0,1.12,1.0
bass,0,0.84,1.0
basedrum,0,1.0,1.0
hat,0,0.63,0.7
bass,0,1.12,1.0
bass,0,0.84,0.5
harp,12,0.94,1.0
bass,0,1.5,1.0
hat,0,0.63,0.4
harp,12,0.7,1.0
harp,0,0.84,1.0
bass,0,0.7,1.0
basedrum,0,1.0,1.0
snare,0,0.7,0.7
bass,0,0.84,1.0
bass,0,1.68,1.0
bass,0,0.7,0.5
basedrum,12,1.0,1.0
hat,0,0.63,0.7
bass,0,0.7,1.0
bass,0,1.42,1.0
hat,0,1.6,1.0
hat,6,1.6,1.0
harp,6,0.63,1.0
bass,0,0.63,1.0
basedrum,0,1.0,1.0
bass,0,1.26,1.0
bass,0,0.94,1.0
basedrum,0,1.6,1.0
bass,0,0.63,0.5
bass,12,0.63,1.0
basedrum,0,1.6,0.7
bass,0,1.26,1.0
bass,0,0.94,1.0
hat,0,0.63,1.0
bass,0,0.63,0.5
harp,12,0.76,1.0
harp,0,0.94,1.0
basedrum,0,1.0,1.0
snare,0,0.7,0.7
bass,0,1.26,0.5
harp,12,0.63,1.0
bass,0,0.76,1.0
hat,0,0.63,1.0
bass,0,0.94,1.0
bass,0,0.76,0.5
harp,6,0.76,1.0
harp,6,0.7,1.0
harp,0,0.84,1.0
bass,0,0.7,1.0
basedrum,0,1.0,1.0
hat,0,0.63,0.7
bass,0,0.84,1.0
bass,0,0.7,0.5
harp,12,0.94,1.0
bass,0,1.88,1.0
hat,0,0.63,0.4
bass,0,1.5,1.0
harp,12,0.76,1.0
harp,0,0.56,1.0
bass,0,0.56,1.0
basedrum,0,1.0,1.0
snare,0,0.7,0.7
bass,0,0.76,1.0
bass,0,1.68,1.0
bass,0,0.56,0.5
bass,0,1.42,1.0
basedrum,12,1.0,1.0
hat,0,0.63,0.7
bass,0,0.7,1.0
bass,0,1.5,1.0
hat,0,1.6,1.0
bass,0,1.12,1.0
hat,6,1.6,1.0
harp,6,0.63,1.0
bass,0,0.63,1.0
basedrum,0,1.0,1.0
bass,0,1.26,1.0
bass,0,0.94,1.0
basedrum,0,1.6,1.0
bass,0,0.63,0.5
bass,12,0.63,1.0
basedrum,0,1.6,0.7
bass,0,1.26,1.0
bass,0,0.94,1.0
hat,0,0.63,1.0
bass,0,0.63,0.5
harp,12,0.76,1.0
harp,0,0.94,1.0
basedrum,0,1.0,1.0
snare,0,0.7,0.7
bass,0,1.26,0.5
harp,12,0.63,1.0
bass,0,0.76,1.0
hat,0,0.63,1.0
bass,0,0.94,1.0
bass,0,0.76,0.5
harp,6,0.76,1.0
harp,6,0.84,1.0
harp,0,1.12,1.0
bass,0,0.84,1.0
basedrum,0,1.0,1.0
hat,0,0.63,0.7
bass,0,1.12,1.0
bass,0,0.84,0.5
harp,12,0.94,1.0
bass,0,1.5,1.0
hat,0,0.63,0.4
bass,0,1.26,1.0
harp,12,0.7,1.0
harp,0,0.84,1.0
bass,0,0.7,1.0
basedrum,0,1.0,1.0
snare,0,0.7,0.7
bass,0,0.84,1.0
bass,0,1.68,1.0
bass,0,0.7,0.5
bass,0,1.42,1.0
basedrum,12,1.0,1.0
hat,0,0.63,0.7
bass,0,0.7,1.0
bass,0,1.42,1.0
hat,0,1.6,1.0
bass,0,1.12,1.0
hat,6,1.6,1.0
harp,6,0.63,1.0
bass,0,0.63,1.0
harp,0,1.26,1.0
basedrum,0,1.0,1.0
harp,0,0.94,1.0
bass,0,1.26,1.0
bass,0,0.94,1.0
basedrum,0,1.6,1.0
bass,0,0.63,0.5
bass,12,0.63,1.0
harp,0,0.76,1.0
basedrum,0,1.6,0.7
harp,0,0.94,1.0
bass,0,1.26,1.0
bass,0,0.94,1.0
hat,0,0.63,1.0
bass,0,0.63,0.5
harp,12,0.76,1.0
harp,0,0.94,1.0
basedrum,0,1.0,1.0
snare,0,0.7,0.7
bass,0,1.26,0.5
harp,12,0.63,1.0
bass,0,0.76,1.0
harp,0,0.94,1.0
hat,0,0.63,1.0
harp,0,1.26,1.0
bass,0,0.94,1.0
bass,0,0.76,0.5
harp,6,0.76,1.0
harp,6,0.7,1.0
harp,0,0.84,1.0
bass,0,0.7,1.0
basedrum,0,1.0,1.0
hat,0,0.63,0.7
harp,0,1.12,1.0
bass,0,0.84,1.0
basedrum,0,1.6,1.0
bass,0,0.7,0.5
harp,12,0.94,1.0
basedrum,0,1.6,0.7
bass,0,1.88,1.0
hat,0,0.63,0.4
bass,0,1.5,1.0
harp,12,0.76,1.0
harp,0,0.56,1.0
bass,0,0.56,1.0
harp,0,1.12,1.0
basedrum,0,1.0,1.0
snare,0,0.7,0.7
harp,0,1.42,1.0
bass,0,0.76,1.0
bass,0,1.68,1.0
bass,0,0.56,0.5
bass,0,1.42,1.0
harp,12,0.84,1.0
basedrum,0,1.0,1.0
hat,0,0.63,0.7
harp,0,1.12,1.0
bass,0,0.7,1.0
bass,0,1.5,1.0
hat,0,1.6,1.0
bass,0,1.12,1.0
hat,6,1.6,1.0
harp,6,0.63,1.0
bass,0,0.63,1.0
harp,0,0.94,1.0
basedrum,0,1.0,1.0
harp,0,1.26,1.0
bass,0,1.26,1.0
bass,0,0.94,1.0
basedrum,0,1.6,1.0
bass,0,0.63,0.5
bass,12,0.63,1.0
basedrum,0,1.6,0.7
bass,0,1.26,1.0
bass,0,0.94,1.0
hat,0,0.63,1.0
bass,0,0.63,0.5
harp,12,0.76,1.0
harp,0,0.94,1.0
harp,0,1.26,1.0
basedrum,0,1.0,1.0
snare,0,0.7,0.7
harp,0,1.5,1.0
bass,0,1.26,0.5
harp,12,0.63,1.0
bass,0,0.76,1.0
hat,0,0.63,1.0
bass,0,0.94,1.0
bass,0,0.76,0.5
harp,6,0.76,1.0
harp,6,0.84,1.0
harp,0,1.12,1.0
bass,0,0.84,1.0
harp,0,1.42,1.0
basedrum,0,1.0,1.0
hat,0,0.63,0.7
harp,0,1.12,1.0
bass,0,1.12,1.0
basedrum,0,1.6,1.0
bass,0,0.84,0.5
harp,12,0.94,1.0
harp,0,1.26,1.0
basedrum,0,1.6,0.7
bass,0,1.5,1.0
hat,0,0.63,0.4
bass,0,1.26,1.0
harp,12,0.7,1.0
harp,0,0.84,1.0
bass,0,0.7,1.0
harp,0,1.12,1.0
basedrum,0,1.0,1.0
snare,0,0.7,0.7
bass,0,0.84,1.0
bass,0,1.68,1.0
bass,0,0.7,0.5
bass,0,1.42,1.0
harp,12,0.84,1.0
basedrum,0,1.0,1.0
hat,0,0.63,0.7
harp,0,1.12,1.0
bass,0,0.7,1.0
bass,0,1.42,1.0
hat,0,1.6,1.0
bass,0,1.12,1.0
hat,6,1.6,1.0
harp,6,0.63,1.0
bass,0,0.63,1.0
harp,0,0.94,1.0
basedrum,0,1.0,1.0
harp,0,1.26,1.0
bass,0,1.26,1.0
bass,0,0.94,1.0
basedrum,0,1.6,1.0
bass,0,0.63,0.5
bass,12,0.63,1.0
harp,0,0.76,1.0
basedrum,0,1.6,0.7
harp,0,0.94,1.0
bass,0,1.26,1.0
bass,0,0.94,1.0
hat,0,0.63,1.0
bass,0,0.63,0.5
harp,12,0.76,1.0
harp,0,0.94,1.0
basedrum,0,1.0,1.0
snare,0,0.7,0.7
bass,0,1.26,0.5
harp,12,0.63,1.0
bass,0,0.76,1.0
harp,0,0.94,1.0
hat,0,0.63,1.0
harp,0,1.26,1.0
bass,0,0.94,1.0
bass,0,0.76,0.5
harp,6,0.76,1.0
harp,6,0.7,1.0
harp,0,0.84,1.0
bass,0,0.7,1.0
basedrum,0,1.0,1.0
hat,0,0.63,0.7
harp,0,1.12,1.0
bass,0,0.84,1.0
basedrum,0,1.6,1.0
bass,0,0.7,0.5
harp,12,0.94,1.0
basedrum,0,1.6,0.7
bass,0,1.88,1.0
hat,0,0.63,0.4
bass,0,1.5,1.0
harp,12,0.76,1.0
harp,0,0.56,1.0
bass,0,0.56,1.0
harp,0,1.12,1.0
basedrum,0,1.0,1.0
snare,0,0.7,0.7
harp,0,1.42,1.0
bass,0,0.76,1.0
bass,0,1.68,1.0
bass,0,0.56,0.5
bass,0,1.42,1.0
harp,12,0.84,1.0
basedrum,0,1.0,1.0
hat,0,0.63,0.7
harp,0,1.12,1.0
bass,0,0.7,1.0
bass,0,1.5,1.0
hat,0,1.6,1.0
bass,0,1.12,1.0
hat,6,1.6,1.0
harp,6,0.63,1.0
bass,0,0.63,1.0
harp,0,0.94,1.0
basedrum,0,1.0,1.0
harp,0,1.26,1.0
bass,0,1.26,1.0
bass,0,0.94,1.0
basedrum,0,1.6,1.0
bass,0,0.63,0.5
bass,12,0.63,1.0
basedrum,0,1.6,0.7
bass,0,1.26,1.0
bass,0,0.94,1.0
hat,0,0.63,1.0
bass,0,0.63,0.5
harp,12,0.76,1.0
harp,0,0.94,1.0
harp,0,1.26,1.0
basedrum,0,1.0,1.0
snare,0,0.7,0.7
harp,0,1.5,1.0
bass,0,1.26,0.5
harp,12,0.63,1.0
bass,0,0.76,1.0
hat,0,0.63,1.0
bass,0,0.94,1.0
bass,0,0.76,0.5
harp,6,0.76,1.0
harp,6,0.84,1.0
harp,0,1.12,1.0
bass,0,0.84,1.0
harp,0,1.42,1.0
basedrum,0,1.0,1.0
hat,0,0.63,0.7
harp,0,1.68,1.0
bass,0,1.12,1.0
basedrum,0,1.6,1.0
bass,0,0.84,0.5
harp,12,0.94,1.0
harp,0,1.26,1.0
basedrum,0,1.6,0.7
harp,0,1.5,1.0
bass,0,1.5,1.0
hat,0,0.63,0.4
bass,0,1.26,1.0
harp,12,0.7,1.0
harp,0,0.84,1.0
bass,0,0.7,1.0
harp,0,1.12,1.0
basedrum,0,1.0,1.0
snare,0,0.7,0.7
harp,0,1.42,1.0
bass,0,0.84,1.0
bass,0,1.68,1.0
bass,0,0.7,0.5
bass,0,1.42,1.0
harp,12,0.84,1.0
basedrum,0,1.0,1.0
hat,0,0.63,0.7
harp,0,1.12,1.0
bass,0,0.7,1.0
bass,0,1.42,1.0
hat,0,1.6,1.0
bass,0,1.12,1.0
hat,6,1.6,1.0
harp,6,0.63,1.0
bass,0,0.63,1.0
harp,0,1.26,1.0
basedrum,0,1.0,1.0
harp,0,0.94,1.0
bass,0,1.26,1.0
bass,0,0.94,1.0
basedrum,0,1.6,1.0
bass,0,0.63,0.5
harp,6,0.63,0.7
harp,0,1.26,0.6
harp,0,0.94,0.4
harp,6,0.94,1.0
bass,0,0.63,1.0
harp,6,0.94,0.6
harp,6,0.76,1.0
harp,0,0.94,1.0
hat,0,0.63,1.0
hat,0,0.63,0.7
bass,0,0.76,1.0
harp,6,0.76,0.7
harp,0,0.94,0.6
harp,6,0.63,1.0
bass,0,0.76,0.9
harp,6,0.76,1.0
harp,0,0.63,0.6
harp,6,0.7,1.0
harp,0,0.84,1.0
bass,0,0.7,0.8
harp,0,0.76,0.6
harp,6,0.7,0.7
harp,0,0.84,0.6
harp,6,0.94,1.0
harp,0,0.76,1.0
bass,0,0.7,0.9
harp,6,0.94,0.6
harp,0,0.76,0.4
harp,6,0.76,1.0
harp,0,0.56,1.0
harp,0,1.12,1.0
hat,0,0.63,1.0
hat,0,0.63,0.7
harp,0,0.94,1.0
bass,0,0.56,1.0
harp,6,0.76,0.7
harp,0,0.56,0.6
harp,0,1.12,0.6
harp,0,0.94,0.4
harp,6,1.26,1.0
harp,0,0.94,1.0
bass,0,0.56,1.0
harp,6,1.26,0.6
harp,0,0.94,0.4
harp,6,0.63,1.0
harp,0,0.94,1.0
harp,0,0.76,1.0
bass,0,0.63,1.0
harp,6,0.63,0.7
harp,0,0.94,0.6
harp,0,0.76,0.4
harp,6,0.94,1.0
bass,0,0.63,1.0
harp,6,0.94,0.6
harp,6,0.76,1.0
harp,0,0.94,1.0
hat,0,0.63,1.0
hat,0,0.63,0.7
harp,0,0.63,1.0
bass,0,0.76,1.0
harp,6,0.76,0.7
harp,0,0.94,0.6
harp,0,0.63,1.0
harp,6,0.63,1.0
harp,0,1.26,1.0
harp,0,0.94,1.0
harp,0,0.76,1.0
bass,0,0.76,0.9
harp,6,0.76,1.0
harp,0,0.63,0.7
harp,0,1.26,0.6
harp,0,0.94,0.4
harp,0,0.76,1.0
harp,6,0.84,1.0
harp,0,1.12,1.0
bass,0,0.7,0.8
harp,0,0.76,0.7
harp,6,0.84,0.7
harp,0,1.12,0.6
harp,6,0.84,1.0
bass,0,0.7,0.9
harp,6,0.84,0.6
harp,6,0.7,1.0
harp,0,0.84,1.0
harp,0,1.42,1.0
hat,0,0.63,1.0
hat,0,0.63,0.7
harp,0,1.12,1.0
bass,0,0.56,1.0
harp,6,0.7,0.7
harp,0,0.84,0.6
harp,0,1.42,0.6
harp,0,1.12,0.4
harp,6,1.12,1.0
bass,0,0.56,1.0
harp,6,1.12,0.6
harp,6,0.63,1.0
harp,0,1.26,1.0
harp,0,1.5,1.0
harp,0,0.94,1.0
bass,0,0.63,1.0
harp,6,0.63,0.7
harp,0,1.26,0.6
harp,0,1.5,0.4
harp,0,0.94,1.0
harp,6,0.94,1.0
bass,0,0.63,1.0
harp,6,0.94,0.6
harp,6,0.76,1.0
harp,0,0.94,1.0
hat,0,0.63,1.0
hat,0,0.63,0.7
harp,0,1.26,1.0
bass,0,0.76,1.0
harp,6,0.76,0.7
harp,0,0.94,0.6
harp,0,1.26,0.4
harp,6,0.63,1.0
harp,0,1.5,1.0
bass,0,0.76,0.9
harp,6,0.76,1.0
harp,0,0.63,0.6
harp,0,1.5,0.4
harp,6,0.7,1.0
harp,0,0.84,1.0
harp,0,1.42,1.0
bass,0,0.7,0.8
harp,0,0.76,0.6
harp,6,0.7,0.7
harp,0,0.84,0.6
harp,0,1.42,0.4
harp,6,0.94,1.0
harp,0,0.76,1.0
bass,0,0.7,0.9
harp,6,0.94,0.6
harp,0,0.76,1.0
harp,6,0.76,1.0
harp,0,0.56,1.0
harp,0,1.12,1.0
hat,0,0.63,1.0
hat,0,0.63,0.7
harp,0,0.94,1.0
bass,0,0.56,1.0
harp,6,0.76,0.7
harp,0,0.56,0.6
harp,0,1.12,0.6
harp,0,0.94,1.0
harp,6,1.42,1.0
harp,0,0.94,1.0
bass,0,0.56,1.0
harp,6,1.42,0.4
harp,0,0.94,1.0
harp,6,0.63,1.0
harp,0,0.94,1.0
harp,0,1.26,1.0
harp,0,0.76,1.0
bass,0,0.63,1.0
harp,6,0.63,0.7
harp,0,0.94,0.6
harp,0,1.26,0.4
harp,0,0.76,1.0
harp,6,0.94,1.0
bass,0,0.63,1.0
harp,6,0.94,0.6
harp,6,0.76,1.0
harp,0,0.94,1.0
hat,0,0.63,1.0
hat,0,0.63,0.7
harp,0,0.63,1.0
bass,0,0.76,1.0
harp,6,0.76,0.7
harp,0,0.94,0.6
harp,0,0.63,0.4
harp,6,0.63,1.0
harp,0,1.26,1.0
harp,0,0.76,1.0
harp,0,0.94,1.0
bass,0,0.76,0.9
harp,6,0.76,1.0
harp,0,0.63,0.7
harp,0,1.26,0.6
harp,0,0.76,0.4
harp,0,0.94,1.0
harp,6,0.84,1.0
harp,0,1.12,1.0
harp,0,0.7,1.0
harp,0,1.42,1.0
bass,0,0.7,0.8
harp,0,0.76,0.7
harp,6,0.84,0.7
harp,0,1.12,0.6
harp,0,0.7,0.6
harp,0,1.42,0.4
harp,6,1.42,1.0
bass,0,0.7,0.9
harp,6,1.42,0.4
harp,6,0.7,1.0
harp,0,0.84,1.0
harp,0,1.12,1.0
hat,0,0.63,1.0
hat,0,0.63,0.7
harp,0,0.56,1.0
bass,0,0.56,1.0
harp,6,0.7,0.7
harp,0,0.84,0.6
harp,0,1.12,0.6
harp,0,0.56,0.4
harp,6,1.12,1.0
bass,0,0.56,1.0
harp,6,1.12,0.6
harp,6,0.63,1.0
bass,0,0.63,1.0
harp,0,1.26,1.0
basedrum,0,1.0,1.0
harp,0,0.94,1.0
bass,0,1.26,1.0
bass,0,0.94,1.0
harp,0,1.5,1.0
bass,0,0.63,1.0
harp,6,0.63,0.7
harp,0,1.26,0.6
harp,0,0.94,0.4
harp,0,1.5,1.0
bass,6,0.63,1.0
harp,0,0.94,1.0
harp,0,1.26,1.0
bass,0,1.26,1.0
bass,0,0.94,1.0
bass,0,0.63,1.0
harp,6,0.94,0.6
harp,0,1.26,0.4
harp,6,0.76,1.0
harp,0,0.94,1.0
hat,0,0.63,1.0
hat,0,0.63,0.7
bass,0,0.76,1.0
harp,6,0.76,0.7
harp,0,0.94,0.6
harp,6,0.63,1.0
bass,0,0.76,0.9
harp,6,0.76,1.0
harp,0,0.63,0.6
harp,6,0.7,1.0
harp,0,0.84,1.0
basedrum,0,1.0,1.0
bass,0,0.7,0.8
harp,0,0.76,0.6
harp,6,0.7,0.7
harp,0,0.84,0.6
harp,6,0.94,1.0
harp,0,0.76,1.0
harp,0,1.26,1.0
bass,0,0.7,0.9
harp,6,0.94,0.6
harp,0,0.76,0.4
harp,0,1.26,1.0
harp,6,0.76,1.0
harp,0,0.56,1.0
harp,0,1.12,1.0
hat,0,0.63,1.0
hat,0,0.63,0.7
harp,0,0.94,1.0
harp,0,1.42,1.0
bass,0,0.56,1.0
harp,6,0.76,0.7
harp,0,0.56,0.6
harp,0,1.12,0.6
harp,0,0.94,0.4
harp,0,1.42,1.0
harp,6,1.26,1.0
harp,0,0.94,1.0
harp,0,1.5,1.0
bass,0,0.56,1.0
harp,6,1.26,0.6
harp,0,0.94,0.4
harp,0,1.5,1.0
harp,6,0.63,1.0
bass,0,0.63,1.0
harp,0,0.94,1.0
basedrum,0,1.0,1.0
harp,0,0.76,1.0
bass,0,1.26,1.0
bass,0,0.94,1.0
harp,0,1.26,1.0
bass,0,0.63,1.0
harp,6,0.63,0.7
harp,0,0.94,0.6
harp,0,0.76,0.4
harp,0,1.26,1.0
bass,6,0.63,1.0
harp,0,0.94,1.0
bass,0,1.26,1.0
bass,0,0.94,1.0
harp,0,1.26,1.0
bass,0,0.63,1.0
harp,6,0.94,0.6
harp,0,1.26,1.0
harp,6,0.76,1.0
harp,0,0.94,1.0
hat,0,0.63,1.0
hat,0,0.63,0.7
harp,0,0.63,1.0
bass,0,0.76,1.0
harp,6,0.76,0.7
harp,0,0.94,0.6
harp,0,0.63,1.0
harp,6,0.63,1.0
harp,0,1.5,1.0
harp,0,1.26,1.0
harp,0,0.94,1.0
harp,0,0.76,1.0
bass,0,0.76,0.9
harp,6,0.76,1.0
harp,0,0.63,0.7
harp,0,1.5,0.6
harp,0,1.26,0.6
harp,0,0.94,0.4
harp,0,0.76,1.0
harp,6,0.84,1.0
harp,0,1.12,1.0
harp,0,1.42,1.0
basedrum,0,1.0,1.0
bass,0,0.7,0.8
harp,0,0.76,0.7
harp,6,0.84,0.7
harp,0,1.12,0.6
harp,0,1.42,0.6
harp,6,0.84,1.0
bass,0,0.7,0.9
harp,6,0.84,0.6
harp,6,0.7,1.0
harp,0,0.84,1.0
harp,0,1.42,1.0
hat,0,0.63,1.0
hat,0,0.63,0.7
harp,0,1.12,1.0
harp,0,1.68,1.0
bass,0,0.56,1.0
harp,6,0.7,0.7
harp,0,0.84,0.6
harp,0,1.42,0.6
harp,0,1.12,0.4
harp,0,1.68,1.0
harp,6,1.12,1.0
harp,0,1.42,1.0
bass,0,0.56,1.0
harp,6,1.12,0.6
harp,0,1.42,1.0
harp,6,0.63,1.0
bass,0,0.63,1.0
harp,0,1.26,1.0
basedrum,0,1.0,1.0
harp,0,1.5,1.0
bass,0,1.26,1.0
bass,0,0.94,1.0
harp,0,0.94,1.0
bass,0,0.63,1.0
harp,6,0.63,0.7
harp,0,1.26,0.6
harp,0,1.5,0.4
harp,0,0.94,1.0
bass,6,0.63,1.0
harp,0,0.94,1.0
bass,0,1.26,1.0
bass,0,0.94,1.0
bass,0,0.63,1.0
harp,6,0.94,0.6
harp,6,0.76,1.0
harp,0,0.94,1.0
hat,0,0.63,1.0
hat,0,0.63,0.7
harp,0,1.26,1.0
harp,0,1.5,1.0
bass,0,0.76,1.0
harp,6,0.76,0.7
harp,0,0.94,0.6
harp,0,1.26,0.4
harp,0,1.5,1.0
harp,6,0.63,1.0
harp,0,1.5,1.0
harp,0,1.88,1.0
bass,0,0.76,0.9
harp,6,0.76,1.0
harp,0,0.63,0.6
harp,0,1.5,0.4
harp,0,1.88,1.0
harp,6,0.7,1.0
harp,0,0.84,1.0
basedrum,0,1.0,1.0
harp,0,1.42,1.0
harp,0,1.68,1.0
bass,0,0.7,0.8
harp,0,0.76,0.6
harp,6,0.7,0.7
harp,0,0.84,0.6
harp,0,1.42,0.4
harp,0,1.68,1.0
harp,6,0.94,1.0
harp,0,1.12,1.0
harp,0,0.76,1.0
bass,0,0.7,0.9
harp,6,0.94,0.6
harp,0,1.12,0.4
harp,0,0.76,1.0
harp,6,0.76,1.0
harp,0,0.56,1.0
harp,0,1.12,1.0
hat,0,0.63,1.0
hat,0,0.63,0.7
harp,0,1.42,1.0
harp,0,0.94,1.0
bass,0,0.56,1.0
harp,6,0.76,0.7
harp,0,0.56,0.6
harp,0,1.12,0.6
harp,0,1.42,0.4
harp,0,0.94,1.0
harp,6,1.68,1.0
harp,0,1.42,1.0
harp,0,0.94,1.0
bass,0,0.56,1.0
harp,6,1.68,0.6
harp,0,1.42,0.4
harp,0,0.94,1.0
harp,6,0.63,1.0
bass,0,0.63,1.0
harp,0,1.5,1.0
harp,0,0.94,1.0
basedrum,0,1.0,1.0
harp,0,1.26,1.0
bass,0,1.26,1.0
bass,0,0.94,1.0
harp,0,0.76,1.0
bass,0,0.63,1.0
harp,6,0.63,0.7
harp,0,1.5,0.6
harp,0,0.94,0.6
harp,0,1.26,0.4
harp,0,0.76,1.0
bass,6,0.63,1.0
harp,0,0.94,1.0
bass,0,1.26,1.0
bass,0,0.94,1.0
bass,0,0.63,1.0
harp,6,0.94,0.6
harp,0,0.94,0.4
harp,6,0.76,1.0
harp,0,0.94,1.0
hat,0,0.63,1.0
hat,0,0.63,0.7
harp,0,0.63,1.0
bass,0,0.76,1.0
harp,6,0.76,0.7
harp,0,0.94,0.6
harp,0,0.63,0.4
harp,6,0.63,1.0
harp,0,1.5,1.0
harp,0,1.26,1.0
harp,0,0.76,1.0
harp,0,0.94,1.0
bass,0,0.76,0.9
harp,6,0.76,1.0
harp,0,0.63,0.7
harp,0,1.5,0.6
harp,0,1.26,0.6
harp,0,0.76,0.4
harp,0,0.94,1.0
harp,6,0.84,1.0
harp,0,1.12,1.0
harp,0,1.68,1.0
harp,0,0.7,1.0
basedrum,0,1.0,1.0
harp,0,1.42,1.0
bass,0,0.7,0.8
harp,0,0.76,0.7
harp,6,0.84,0.7
harp,0,1.12,0.6
harp,0,1.68,0.6
harp,0,0.7,0.6
harp,0,1.42,0.4
harp,6,1.42,1.0
bass,0,0.7,0.9
harp,6,1.42,0.4
harp,6,0.7,1.0
harp,0,0.84,1.0
harp,0,1.42,1.0
harp,0,1.12,1.0
hat,0,0.63,1.0
hat,0,0.63,0.7
harp,0,0.56,1.0
bass,0,0.56,1.0
harp,6,0.7,0.7
harp,0,0.84,0.6
harp,0,1.42,0.6
harp,0,1.12,0.6
harp,0,0.56,0.4
harp,6,1.12,1.0
bass,0,0.56,1.0
harp,6,1.12,0.6
harp,6,0.63,1.0
bass,0,0.63,1.0
harp,0,1.26,1.0
basedrum,0,1.0,1.0
harp,0,0.94,1.0
bass,0,1.26,1.0
bass,0,0.94,1.0
bass,0,0.63,1.0
basedrum,12,1.0,1.0
basedrum,6,1.0,1.0
basedrum,6,1.6,1.0
basedrum,6,1.6,1.0
basedrum,6,1.18,1.0
basedrum,6,1.18,1.0
harp,6,0.67,1.0
bass,0,0.67,1.0
harp,0,1.34,1.0
basedrum,0,1.0,1.0
snare,0,0.7,0.7
harp,0,1.0,1.0
bass,0,1.34,1.0
bass,0,1.0,1.0
basedrum,0,1.6,1.0
bass,0,0.67,0.5
bass,0,0.67,1.0
bass,12,0.67,1.0
harp,0,0.8,1.0
basedrum,0,1.6,0.7
harp,0,1.0,1.0
bass,0,1.34,1.0
bass,0,1.0,1.0
hat,0,0.63,1.0
bass,0,0.67,0.5
bass,0,0.67,1.0
harp,12,0.8,1.0
harp,0,1.0,1.0
basedrum,0,1.0,1.0
snare,0,0.7,0.7
bass,0,1.34,0.5
bass,0,0.8,1.0
harp,12,0.67,1.0
bass,0,0.8,1.0
harp,0,1.0,1.0
hat,0,0.63,1.0
harp,0,1.34,1.0
bass,0,1.0,1.0
bass,0,0.8,0.5
bass,0,0.8,0.9
harp,6,0.8,1.0
harp,6,0.76,1.0
harp,0,0.9,1.0
bass,0,0.76,1.0
basedrum,0,1.0,1.0
hat,0,0.63,0.7
harp,0,1.18,1.0
bass,0,0.9,1.0
basedrum,0,1.6,1.0
bass,0,0.76,0.5
bass,0,0.76,0.8
harp,12,1.0,1.0
basedrum,0,1.6,0.7
bass,0,2.0,1.0
hat,0,0.63,0.4
bass,0,1.6,1.0
bass,0,0.76,0.9
harp,12,0.8,1.0
harp,0,0.6,1.0
bass,0,0.6,1.0
harp,0,1.18,1.0
basedrum,0,1.0,1.0
snare,0,0.7,0.7
harp,0,1.5,1.0
bass,0,0.8,1.0
bass,0,1.78,1.0
bass,0,0.6,0.5
bass,0,1.5,1.0
bass,0,0.6,1.0
harp,12,0.9,1.0
basedrum,0,1.0,1.0
hat,0,0.63,0.7
harp,0,1.18,1.0
bass,0,0.76,1.0
bass,0,1.6,1.0
hat,0,1.6,1.0
bass,0,1.18,1.0
bass,0,0.6,1.0
hat,6,1.6,1.0
harp,6,0.67,1.0
bass,0,0.67,1.0
harp,0,1.0,1.0
basedrum,0,1.0,1.0
harp,0,1.34,1.0
bass,0,1.34,1.0
bass,0,1.0,1.0
basedrum,0,1.6,1.0
bass,0,0.67,0.5
bass,0,0.67,1.0
bass,12,0.67,1.0
basedrum,0,1.6,0.7
bass,0,1.34,1.0
bass,0,1.0,1.0
hat,0,0.63,1.0
bass,0,0.67,0.5
bass,0,0.67,1.0
harp,12,0.8,1.0
harp,0,1.0,1.0
harp,0,1.34,1.0
basedrum,0,1.0,1.0
snare,0,0.7,0.7
harp,0,1.6,1.0
bass,0,1.34,0.5
bass,0,0.8,1.0
harp,12,0.67,1.0
bass,0,0.8,1.0
hat,0,0.63,1.0
bass,0,1.0,1.0
bass,0,0.8,0.5
bass,0,0.8,0.9
harp,6,0.8,1.0
harp,6,0.9,1.0
harp,0,1.18,1.0
bass,0,0.9,1.0
harp,0,1.5,1.0
basedrum,0,1.0,1.0
hat,0,0.63,0.7
harp,0,1.18,1.0
bass,0,1.18,1.0
basedrum,0,1.6,1.0
bass,0,0.9,0.5
bass,0,0.76,0.8
harp,12,1.0,1.0
harp,0,1.34,1.0
basedrum,0,1.6,0.7
bass,0,1.6,1.0
hat,0,0.63,0.4
bass,0,1.34,1.0
bass,0,0.76,0.9
harp,12,0.76,1.0
harp,0,0.9,1.0
bass,0,0.76,1.0
harp,0,1.18,1.0
basedrum,0,1.0,1.0
snare,0,0.7,0.7
bass,0,0.9,1.0
bass,0,1.78,1.0
bass,0,0.76,0.5
bass,0,1.5,1.0
bass,0,0.6,1.0
harp,12,0.9,1.0
basedrum,0,1.0,1.0
hat,0,0.63,0.7
harp,0,1.18,1.0
bass,0,0.76,1.0
bass,0,1.5,1.0
hat,0,1.6,1.0
bass,0,1.18,1.0
bass,0,0.6,1.0
hat,6,1.6,1.0
harp,6,0.67,1.0
bass,0,0.67,1.0
harp,0,1.0,1.0
basedrum,0,1.0,1.0
harp,0,1.34,1.0
bass,0,1.34,1.0
bass,0,1.0,1.0
basedrum,0,1.6,1.0
bass,0,0.67,0.5
bass,0,0.67,1.0
bass,12,0.67,1.0
harp,0,0.8,1.0
basedrum,0,1.6,0.7
harp,0,1.0,1.0
bass,0,1.34,1.0
bass,0,1.0,1.0
hat,0,0.63,1.0
bass,0,0.67,0.5
bass,0,0.67,1.0
harp,12,0.8,1.0
harp,0,1.0,1.0
basedrum,0,1.0,1.0
snare,0,0.7,0.7
bass,0,1.34,0.5
bass,0,0.8,1.0
harp,12,0.67,1.0
bass,0,0.8,1.0
harp,0,1.0,1.0
hat,0,0.63,1.0
harp,0,1.34,1.0
bass,0,1.0,1.0
bass,0,0.8,0.5
bass,0,0.8,0.9
harp,6,0.8,1.0
harp,6,0.76,1.0
harp,0,0.9,1.0
bass,0,0.76,1.0
basedrum,0,1.0,1.0
hat,0,0.63,0.7
harp,0,1.18,1.0
bass,0,0.9,1.0
basedrum,0,1.6,1.0
bass,0,0.76,0.5
bass,0,0.76,0.8
harp,12,1.0,1.0
basedrum,0,1.6,0.7
bass,0,2.0,1.0
hat,0,0.63,0.4
bass,0,1.6,1.0
bass,0,0.76,0.9
harp,12,0.8,1.0
harp,0,0.6,1.0
bass,0,0.6,1.0
harp,0,1.18,1.0
basedrum,0,1.0,1.0
snare,0,0.7,0.7
harp,0,1.5,1.0
bass,0,0.8,1.0
bass,0,1.78,1.0
bass,0,0.6,0.5
bass,0,1.5,1.0
bass,0,0.6,1.0
harp,12,0.9,1.0
basedrum,0,1.0,1.0
hat,0,0.63,0.7
harp,0,1.18,1.0
bass,0,0.76,1.0
bass,0,1.6,1.0
hat,0,1.6,1.0
bass,0,1.18,1.0
bass,0,0.6,1.0
hat,6,1.6,1.0
harp,6,0.67,1.0
bass,0,0.67,1.0
harp,0,1.0,1.0
basedrum,0,1.0,1.0
harp,0,1.34,1.0
bass,0,1.34,1.0
bass,0,1.0,1.0
basedrum,0,1.6,1.0
bass,0,0.67,0.5
bass,0,0.67,1.0
bass,12,0.67,1.0
basedrum,0,1.6,0.7
bass,0,1.34,1.0
bass,0,1.0,1.0
hat,0,0.63,1.0
bass,0,0.67,0.5
bass,0,0.67,1.0
harp,12,0.8,1.0
harp,0,1.0,1.0
harp,0,1.34,1.0
basedrum,0,1.0,1.0
snare,0,0.7,0.7
harp,0,1.6,1.0
bass,0,1.34,0.5
bass,0,0.8,1.0
harp,12,0.67,1.0
bass,0,0.8,1.0
hat,0,0.63,1.0
bass,0,1.0,1.0
bass,0,0.8,0.5
bass,0,0.8,0.9
harp,6,0.8,1.0
harp,6,0.9,1.0
harp,0,1.18,1.0
bass,0,0.9,1.0
harp,0,1.5,1.0
basedrum,0,1.0,1.0
hat,0,0.63,0.7
harp,0,1.78,1.0
bass,0,1.18,1.0
basedrum,0,1.6,1.0
bass,0,0.9,0.5
bass,0,0.76,0.8
harp,12,1.0,1.0
harp,0,1.34,1.0
basedrum,0,1.6,0.7
harp,0,1.6,1.0
bass,0,1.6,1.0
hat,0,0.63,0.4
bass,0,1.34,1.0
bass,0,0.76,0.9
harp,12,0.76,1.0
harp,0,0.9,1.0
bass,0,0.76,1.0
harp,0,1.18,1.0
basedrum,0,1.0,1.0
snare,0,0.7,0.7
harp,0,1.5,1.0
bass,0,0.9,1.0
bass,0,1.78,1.0
bass,0,0.76,0.5
bass,0,1.5,1.0
bass,0,0.6,1.0
harp,12,0.9,1.0
basedrum,0,1.0,1.0
hat,0,0.63,0.7
harp,0,1.18,1.0
bass,0,0.76,1.0
bass,0,1.5,1.0
hat,0,1.6,1.0
bass,0,1.18,1.0
bass,0,0.6,1.0
hat,6,1.6,1.0
harp,6,0.67,1.0
bass,0,0.67,1.0
harp,0,1.34,1.0
basedrum,0,1.0,1.0
snare,0,0.7,0.7
harp,0,1.0,1.0
bass,0,1.34,1.0
bass,0,1.0,1.0
basedrum,0,1.6,1.0
bass,0,0.67,0.5
bass,0,0.67,1.0
bass,12,0.67,1.0
harp,0,0.8,1.0
basedrum,0,1.6,0.7
harp,0,1.0,1.0
bass,0,1.34,1.0
bass,0,1.0,1.0
hat,0,0.63,1.0
bass,0,0.67,0.5
bass,0,0.67,1.0
harp,12,0.8,1.0
harp,0,1.0,1.0
basedrum,0,1.0,1.0
snare,0,0.7,0.7
bass,0,1.34,0.5
bass,0,0.8,1.0
harp,12,0.67,1.0
bass,0,0.8,1.0
harp,0,1.0,1.0
hat,0,0.63,1.0
harp,0,1.34,1.0
bass,0,1.0,1.0
bass,0,0.8,0.5
bass,0,0.8,0.9
harp,6,0.8,1.0
harp,6,0.76,1.0
harp,0,0.9,1.0
bass,0,0.76,1.0
basedrum,0,1.0,1.0
hat,0,0.63,0.7
harp,0,1.18,1.0
bass,0,0.9,1.0
basedrum,0,1.6,1.0
bass,0,0.76,0.5
bass,0,0.76,0.8
harp,12,1.0,1.0
basedrum,0,1.6,0.7
bass,0,2.0,1.0
hat,0,0.63,0.4
bass,0,1.6,1.0
bass,0,0.76,0.9
harp,12,0.8,1.0
harp,0,0.6,1.0
bass,0,0.6,1.0
harp,0,1.18,1.0
basedrum,0,1.0,1.0
snare,0,0.7,0.7
harp,0,1.5,1.0
bass,0,0.8,1.0
bass,0,1.78,1.0
bass,0,0.6,0.5
bass,0,1.5,1.0
bass,0,0.6,1.0
harp,12,0.9,1.0
basedrum,0,1.0,1.0
hat,0,0.63,0.7
harp,0,1.18,1.0
bass,0,0.76,1.0
bass,0,1.6,1.0
hat,0,1.6,1.0
bass,0,1.18,1.0
bass,0,0.6,1.0
hat,6,1.6,1.0
harp,6,0.67,1.0
bass,0,0.67,1.0
harp,0,1.0,1.0
basedrum,0,1.0,1.0
harp,0,1.34,1.0
bass,0,1.34,1.0
bass,0,1.0,1.0
basedrum,0,1.6,1.0
bass,0,0.67,0.5
bass,0,0.67,1.0
bass,12,0.67,1.0
basedrum,0,1.6,0.7
bass,0,1.34,1.0
bass,0,1.0,1.0
hat,0,0.63,1.0
bass,0,0.67,0.5
bass,0,0.67,1.0
harp,12,0.8,1.0
harp,0,1.0,1.0
harp,0,1.34,1.0
basedrum,0,1.0,1.0
snare,0,0.7,0.7
harp,0,1.6,1.0
bass,0,1.34,0.5
bass,0,0.8,1.0
harp,12,0.67,1.0
bass,0,0.8,1.0
hat,0,0.63,1.0
bass,0,1.0,1.0
bass,0,0.8,0.5
bass,0,0.8,0.9
harp,6,0.8,1.0
harp,6,0.9,1.0
harp,0,1.18,1.0
bass,0,0.9,1.0
harp,0,1.5,1.0
basedrum,0,1.0,1.0
hat,0,0.63,0.7
harp,0,1.18,1.0
bass,0,1.18,1.0
basedrum,0,1.6,1.0
bass,0,0.9,0.5
bass,0,0.76,0.8
harp,12,1.0,1.0
harp,0,1.34,1.0
basedrum,0,1.6,0.7
bass,0,1.6,1.0
hat,0,0.63,0.4
bass,0,1.34,1.0
bass,0,0.76,0.9
harp,12,0.76,1.0
harp,0,0.9,1.0
bass,0,0.76,1.0
harp,0,1.18,1.0
basedrum,0,1.0,1.0
snare,0,0.7,0.7
bass,0,0.9,1.0
bass,0,1.78,1.0
bass,0,0.76,0.5
bass,0,1.5,1.0
bass,0,0.6,1.0
harp,12,0.9,1.0
basedrum,0,1.0,1.0
hat,0,0.63,0.7
harp,0,1.18,1.0
bass,0,0.76,1.0
bass,0,1.5,1.0
hat,0,1.6,1.0
bass,0,1.18,1.0
bass,0,0.6,1.0
hat,6,1.6,1.0
harp,6,0.67,1.0
bass,0,0.67,1.0
harp,0,1.0,1.0
basedrum,0,1.0,1.0
harp,0,1.34,1.0
bass,0,1.34,1.0
bass,0,1.0,1.0
basedrum,0,1.6,1.0
bass,0,0.67,0.5
bass,0,0.67,1.0
bass,12,0.67,1.0
harp,0,0.8,1.0
basedrum,0,1.6,0.7
harp,0,1.0,1.0
bass,0,1.34,1.0
bass,0,1.0,1.0
hat,0,0.63,1.0
bass,0,0.67,0.5
bass,0,0.67,1.0
harp,12,0.8,1.0
harp,0,1.0,1.0
basedrum,0,1.0,1.0
snare,0,0.7,0.7
bass,0,1.34,0.5
bass,0,0.8,1.0
harp,12,0.67,1.0
bass,0,0.8,1.0
harp,0,1.0,1.0
hat,0,0.63,1.0
harp,0,1.34,1.0
bass,0,1.0,1.0
bass,0,0.8,0.5
bass,0,0.8,0.9
harp,6,0.8,1.0
harp,6,0.76,1.0
harp,0,0.9,1.0
bass,0,0.76,1.0
basedrum,0,1.0,1.0
hat,0,0.63,0.7
harp,0,1.18,1.0
bass,0,0.9,1.0
basedrum,0,1.6,1.0
bass,0,0.76,0.5
bass,0,0.76,0.8
harp,12,1.0,1.0
basedrum,0,1.6,0.7
bass,0,2.0,1.0
hat,0,0.63,0.4
bass,0,1.6,1.0
bass,0,0.76,0.9
harp,12,0.8,1.0
harp,0,0.6,1.0
bass,0,0.6,1.0
harp,0,1.18,1.0
basedrum,0,1.0,1.0
snare,0,0.7,0.7
harp,0,1.5,1.0
bass,0,0.8,1.0
bass,0,1.78,1.0
bass,0,0.6,0.5
bass,0,1.5,1.0
bass,0,0.6,1.0
harp,12,0.9,1.0
basedrum,0,1.0,1.0
hat,0,0.63,0.7
harp,0,1.18,1.0
bass,0,0.76,1.0
bass,0,1.6,1.0
hat,0,1.6,1.0
bass,0,1.18,1.0
bass,0,0.6,1.0
hat,6,1.6,1.0
harp,6,0.67,1.0
bass,0,0.67,1.0
harp,0,1.0,1.0
basedrum,0,1.0,1.0
harp,0,1.34,1.0
bass,0,1.34,1.0
bass,0,1.0,1.0
basedrum,0,1.6,1.0
bass,0,0.67,0.5
bass,0,0.67,1.0
bass,12,0.67,1.0
basedrum,0,1.6,0.7
bass,0,1.34,1.0
bass,0,1.0,1.0
hat,0,0.63,1.0
bass,0,0.67,0.5
bass,0,0.67,1.0
harp,12,0.8,1.0
harp,0,1.0,1.0
harp,0,1.34,1.0
basedrum,0,1.0,1.0
snare,0,0.7,0.7
harp,0,1.6,1.0
bass,0,1.34,0.5
bass,0,0.8,1.0
harp,12,0.67,1.0
bass,0,0.8,1.0
hat,0,0.63,1.0
bass,0,1.0,1.0
bass,0,0.8,0.5
bass,0,0.8,0.9
harp,6,0.8,1.0
harp,6,0.9,1.0
harp,0,1.18,1.0
bass,0,0.9,1.0
harp,0,1.5,1.0
basedrum,0,1.0,1.0
hat,0,0.63,0.7
harp,0,1.78,1.0
bass,0,1.18,1.0
basedrum,0,1.6,1.0
bass,0,0.9,0.5
bass,0,0.76,0.8
harp,12,1.0,1.0
harp,0,1.34,1.0
basedrum,0,1.6,0.7
harp,0,1.6,1.0
bass,0,1.6,1.0
hat,0,0.63,0.4
bass,0,1.34,1.0
bass,0,0.76,0.9
harp,12,0.76,1.0
harp,0,0.9,1.0
bass,0,0.76,1.0
harp,0,1.18,1.0
basedrum,0,1.0,1.0
snare,0,0.7,0.7
harp,0,1.5,1.0
bass,0,0.9,1.0
bass,0,1.78,1.0
bass,0,0.76,0.5
bass,0,1.5,1.0
bass,0,0.6,1.0
harp,12,0.9,1.0
basedrum,0,1.0,1.0
hat,0,0.63,0.7
harp,0,1.18,1.0
bass,0,0.76,1.0
bass,0,1.5,1.0
hat,0,1.6,1.0
bass,0,1.18,1.0
bass,0,0.6,1.0
hat,6,1.6,1.0
harp,6,0.67,1.0
bass,0,0.67,1.0
harp,0,1.34,1.0
basedrum,0,1.0,1.0
snare,0,0.7,0.7
harp,0,1.0,1.0
bass,0,1.34,1.0
bass,0,1.0,1.0
basedrum,0,1.6,1.0
bass,0,0.67,0.5
bass,12,0.67,1.0
harp,0,1.0,1.0
basedrum,0,1.6,0.7
bass,0,1.34,1.0
bass,0,1.0,1.0
hat,0,0.63,1.0
harp,12,0.8,1.0
harp,0,1.0,1.0
basedrum,0,1.0,1.0
snare,0,0.7,0.7
harp,12,0.67,1.0
bass,0,0.8,1.0
hat,0,0.63,1.0
bass,0,1.0,1.0
harp,6,0.8,1.0
harp,6,0.76,1.0
harp,0,0.9,1.0
bass,0,0.76,1.0
basedrum,0,1.0,1.0
hat,0,0.63,0.7
bass,0,0.9,1.0
basedrum,0,1.6,1.0
harp,12,1.0,1.0
basedrum,0,1.6,0.7
harp,0,0.8,1.0
bass,0,2.0,1.0
hat,0,0.63,0.4
harp,12,0.8,1.0
harp,0,0.6,1.0
bass,0,0.6,1.0
harp,0,1.18,1.0
basedrum,0,1.0,1.0
snare,0,0.7,0.7
harp,0,1.0,1.0
bass,0,0.8,1.0
bass,0,1.78,1.0
harp,12,1.34,1.0
basedrum,0,1.0,1.0
hat,0,0.63,0.7
harp,0,1.0,1.0
bass,0,0.76,1.0
bass,0,1.6,1.0
hat,0,1.6,1.0
hat,6,1.6,1.0
harp,6,0.67,1.0
bass,0,0.67,1.0
harp,0,1.0,1.0
basedrum,0,1.0,1.0
harp,0,0.8,1.0
bass,0,1.34,1.0
bass,0,1.0,1.0
basedrum,0,1.6,1.0
bass,12,0.67,1.0
harp,0,1.0,1.0
basedrum,0,1.6,0.7
bass,0,1.34,1.0
bass,0,1.0,1.0
hat,0,0.63,1.0
harp,12,0.8,1.0
harp,0,1.0,1.0
basedrum,0,1.0,1.0
snare,0,0.7,0.7
harp,0,0.67,1.0
harp,12,0.67,1.0
bass,0,0.8,1.0
harp,0,1.34,1.0
hat,0,0.63,1.0
harp,0,1.0,1.0
bass,0,1.0,1.0
harp,0,0.8,1.0
harp,6,0.8,1.0
harp,6,0.9,1.0
harp,0,1.18,1.0
bass,0,0.9,1.0
basedrum,0,1.0,1.0
hat,0,0.63,0.7
bass,0,1.18,1.0
basedrum,0,1.6,1.0
harp,12,0.9,1.0
basedrum,0,1.6,0.7
bass,0,1.6,1.0
hat,0,0.63,0.4
harp,12,0.76,1.0
harp,0,0.9,1.0
bass,0,0.76,1.0
harp,0,1.5,1.0
basedrum,0,1.0,1.0
snare,0,0.7,0.7
harp,0,1.18,1.0
bass,0,0.9,1.0
bass,0,1.78,1.0
harp,12,1.18,1.0
basedrum,0,1.0,1.0
hat,0,0.63,0.7
bass,0,0.76,1.0
bass,0,1.5,1.0
hat,0,1.6,1.0
hat,6,1.6,1.0
harp,6,0.67,1.0
bass,0,0.67,1.0
harp,0,1.34,1.0
basedrum,0,1.0,1.0
harp,0,1.6,1.0
bass,0,1.34,1.0
bass,0,1.0,1.0
harp,0,1.0,1.0
basedrum,0,1.6,1.0
bass,12,0.67,1.0
harp,0,1.0,1.0
basedrum,0,1.6,0.7
bass,0,1.34,1.0
bass,0,1.0,1.0
hat,0,0.63,1.0
harp,12,0.8,1.0
harp,0,1.0,1.0
basedrum,0,1.0,1.0
snare,0,0.7,0.7
harp,0,1.34,1.0
harp,12,0.67,1.0
bass,0,0.8,1.0
hat,0,0.63,1.0
harp,0,1.6,1.0
bass,0,1.0,1.0
harp,6,0.8,1.0
harp,6,0.76,1.0
harp,0,0.9,1.0
bass,0,0.76,1.0
basedrum,0,1.0,1.0
hat,0,0.63,0.7
harp,0,1.5,1.0
bass,0,0.9,1.0
basedrum,0,1.6,1.0
harp,12,1.0,1.0
basedrum,0,1.6,0.7
bass,0,2.0,1.0
harp,0,0.8,1.0
hat,0,0.63,0.4
harp,12,0.8,1.0
harp,0,0.6,1.0
bass,0,0.6,1.0
harp,0,1.18,1.0
basedrum,0,1.0,1.0
snare,0,0.7,0.7
bass,0,0.8,1.0
bass,0,1.78,1.0
harp,0,1.0,1.0
basedrum,12,1.0,1.0
hat,0,0.63,0.7
harp,0,1.5,1.0
bass,0,0.76,1.0
bass,0,1.6,1.0
harp,0,1.0,1.0
hat,0,1.6,1.0
hat,6,1.6,1.0
harp,6,0.67,1.0
bass,0,0.67,1.0
harp,0,1.0,1.0
basedrum,0,1.0,1.0
harp,0,1.34,1.0
bass,0,1.34,1.0
bass,0,1.0,1.0
harp,0,0.8,1.0
basedrum,0,1.6,1.0
bass,12,0.67,1.0
basedrum,0,1.6,0.7
harp,0,1.0,1.0
bass,0,1.34,1.0
bass,0,1.0,1.0
hat,0,0.63,1.0
harp,12,0.8,1.0
harp,0,1.0,1.0
basedrum,0,1.0,1.0
snare,0,0.7,0.7
harp,0,0.67,1.0
harp,12,0.67,1.0
bass,0,0.8,1.0
harp,0,1.34,1.0
hat,0,0.63,1.0
harp,0,0.8,1.0
bass,0,1.0,1.0
harp,0,1.0,1.0
harp,6,0.8,1.0
harp,6,0.9,1.0
harp,0,1.18,1.0
bass,0,0.9,1.0
harp,0,0.76,1.0
basedrum,0,1.0,1.0
hat,0,0.63,0.7
harp,0,1.5,1.0
bass,0,1.18,1.0
basedrum,0,1.6,1.0
basedrum,12,1.6,0.7
harp,0,1.5,1.0
bass,0,1.6,1.0
hat,0,0.63,0.4
harp,12,0.76,1.0
harp,0,0.9,1.0
bass,0,0.76,1.0
harp,0,1.18,1.0
basedrum,0,1.0,1.0
snare,0,0.7,0.7
harp,0,0.6,1.0
bass,0,0.9,1.0
bass,0,1.78,1.0
harp,12,1.18,1.0
basedrum,0,1.0,1.0
hat,0,0.63,0.7
bass,0,0.76,1.0
bass,0,1.5,1.0
hat,0,1.6,1.0
hat,6,1.6,1.0
harp,6,0.67,1.0
bass,0,0.67,1.0
harp,0,1.34,1.0
basedrum,0,1.0,1.0
snare,0,0.7,0.7
harp,0,1.0,1.0
bass,0,1.34,1.0
bass,0,1.0,1.0
harp,0,1.6,1.0
basedrum,0,1.6,1.0
bass,12,0.67,1.0
harp,0,1.0,1.0
basedrum,0,1.6,0.7
harp,0,1.34,1.0
bass,0,1.34,1.0
bass,0,1.0,1.0
hat,0,0.63,1.0
harp,12,0.8,1.0
harp,0,1.0,1.0
basedrum,0,1.0,1.0
snare,0,0.7,0.7
harp,12,0.67,1.0
bass,0,0.8,1.0
hat,0,0.63,1.0
bass,0,1.0,1.0
harp,6,0.8,1.0
harp,6,0.76,1.0
harp,0,0.9,1.0
bass,0,0.76,1.0
basedrum,0,1.0,1.0
hat,0,0.63,0.7
bass,0,0.9,1.0
basedrum,0,1.6,1.0
harp,12,1.0,1.0
basedrum,0,1.6,0.7
harp,0,0.8,1.0
bass,0,2.0,1.0
harp,0,1.34,1.0
hat,0,0.63,0.4
harp,12,0.8,1.0
harp,0,0.6,1.0
bass,0,0.6,1.0
harp,0,1.18,1.0
basedrum,0,1.0,1.0
snare,0,0.7,0.7
harp,0,1.0,1.0
bass,0,0.8,1.0
bass,0,1.78,1.0
harp,0,1.5,1.0
harp,12,1.34,1.0
basedrum,0,1.0,1.0
hat,0,0.63,0.7
harp,0,1.0,1.0
bass,0,0.76,1.0
bass,0,1.6,1.0
harp,0,1.6,1.0
hat,0,1.6,1.0
hat,6,1.6,1.0
harp,6,0.67,1.0
bass,0,0.67,1.0
harp,0,1.0,1.0
basedrum,0,1.0,1.0
harp,0,0.8,1.0
bass,0,1.34,1.0
bass,0,1.0,1.0
harp,0,1.34,1.0
basedrum,0,1.6,1.0
bass,12,0.67,1.0
harp,0,1.0,1.0
basedrum,0,1.6,0.7
bass,0,1.34,1.0
bass,0,1.0,1.0
harp,0,1.34,1.0
hat,0,0.63,1.0
harp,12,0.8,1.0
harp,0,1.0,1.0
basedrum,0,1.0,1.0
snare,0,0.7,0.7
harp,0,0.67,1.0
harp,12,0.67,1.0
bass,0,0.8,1.0
harp,0,1.6,1.0
harp,0,1.34,1.0
hat,0,0.63,1.0
harp,0,1.0,1.0
bass,0,1.0,1.0
harp,0,0.8,1.0
harp,6,0.8,1.0
harp,6,0.9,1.0
harp,0,1.18,1.0
bass,0,0.9,1.0
harp,0,1.5,1.0
basedrum,0,1.0,1.0
hat,0,0.63,0.7
bass,0,1.18,1.0
basedrum,0,1.6,1.0
harp,12,0.9,1.0
basedrum,0,1.6,0.7
bass,0,1.6,1.0
hat,0,0.63,0.4
harp,12,0.76,1.0
harp,0,0.9,1.0
bass,0,0.76,1.0
harp,0,1.5,1.0
basedrum,0,1.0,1.0
snare,0,0.7,0.7
harp,0,1.18,1.0
bass,0,0.9,1.0
bass,0,1.78,1.0
harp,0,1.78,1.0
harp,12,1.18,1.0
basedrum,0,1.0,1.0
hat,0,0.63,0.7
bass,0,0.76,1.0
bass,0,1.5,1.0
harp,0,1.5,1.0
hat,0,1.6,1.0
hat,6,1.6,1.0
harp,6,0.67,1.0
bass,0,0.67,1.0
harp,0,1.34,1.0
basedrum,0,1.0,1.0
harp,0,1.6,1.0
bass,0,1.34,1.0
bass,0,1.0,1.0
harp,0,1.0,1.0
basedrum,0,1.6,1.0
bass,12,0.67,1.0
harp,0,1.0,1.0
basedrum,0,1.6,0.7
bass,0,1.34,1.0
bass,0,1.0,1.0
hat,0,0.63,1.0
harp,12,0.8,1.0
harp,0,1.0,1.0
basedrum,0,1.0,1.0
snare,0,0.7,0.7
harp,0,1.34,1.0
harp,0,1.6,1.0
harp,12,0.67,1.0
bass,0,0.8,1.0
hat,0,0.63,1.0
harp,0,1.6,1.0
bass,0,1.0,1.0
harp,0,2.0,1.0
harp,6,0.8,1.0
harp,6,0.76,1.0
harp,0,0.9,1.0
bass,0,0.76,1.0
basedrum,0,1.0,1.0
hat,0,0.63,0.7
harp,0,1.5,1.0
bass,0,0.9,1.0
harp,0,1.78,1.0
basedrum,0,1.6,1.0
harp,12,1.0,1.0
basedrum,0,1.6,0.7
harp,0,1.18,1.0
bass,0,2.0,1.0
harp,0,0.8,1.0
hat,0,0.63,0.4
harp,12,0.8,1.0
harp,0,0.6,1.0
bass,0,0.6,1.0
harp,0,1.18,1.0
basedrum,0,1.0,1.0
snare,0,0.7,0.7
harp,0,1.5,1.0
bass,0,0.8,1.0
bass,0,1.78,1.0
harp,0,1.0,1.0
harp,12,1.78,1.0
basedrum,0,1.0,1.0
hat,0,0.63,0.7
harp,0,1.5,1.0
bass,0,0.76,1.0
bass,0,1.6,1.0
harp,0,1.0,1.0
hat,0,1.6,1.0
hat,6,1.6,1.0
harp,6,0.67,1.0
bass,0,0.67,1.0
harp,0,1.6,1.0
harp,0,1.0,1.0
basedrum,0,1.0,1.0
harp,0,1.34,1.0
bass,0,1.34,1.0
bass,0,1.0,1.0
harp,0,0.8,1.0
basedrum,0,1.6,1.0
bass,12,0.67,1.0
basedrum,0,1.6,0.7
harp,0,1.0,1.0
bass,0,1.34,1.0
bass,0,1.0,1.0
hat,0,0.63,1.0
harp,12,0.8,1.0
harp,0,1.0,1.0
basedrum,0,1.0,1.0
snare,0,0.7,0.7
harp,0,0.67,1.0
harp,12,0.67,1.0
bass,0,0.8,1.0
harp,0,1.6,1.0
harp,0,1.34,1.0
hat,0,0.63,1.0
harp,0,0.8,1.0
bass,0,1.0,1.0
harp,0,1.0,1.0
harp,6,0.8,1.0
harp,6,0.9,1.0
harp,0,1.18,1.0
bass,0,0.9,1.0
harp,0,1.78,1.0
harp,0,0.76,1.0
basedrum,0,1.0,1.0
hat,0,0.63,0.7
harp,0,1.5,1.0
bass,0,1.18,1.0
basedrum,0,1.6,1.0
basedrum,12,1.6,0.7
harp,0,1.5,1.0
bass,0,1.6,1.0
hat,0,0.63,0.4
harp,12,0.76,1.0
harp,0,0.9,1.0
bass,0,0.76,1.0
harp,0,1.5,1.0
harp,0,1.18,1.0
basedrum,0,1.0,1.0
snare,0,0.7,0.7
harp,0,0.6,1.0
bass,0,0.9,1.0
bass,0,1.78,1.0
harp,12,1.18,1.0
basedrum,0,1.0,1.0
hat,0,0.63,0.7
bass,0,0.76,1.0
bass,0,1.5,1.0
hat,0,1.6,1.0
hat,6,1.6,1.0
harp,6,0.67,1.0
bass,0,0.67,1.0
harp,0,1.34,1.0
basedrum,0,1.0,1.0
harp,0,1.0,1.0
bass,0,1.34,1.0
bass,0,1.0,1.0
basedrum,0,1.6,1.0
harp,6,1.34,0.6
harp,0,1.0,0.4
harp,0,0.67,0.4
harp,6,1.34,0.6
harp,0,1.0,0.2
harp,0,0.67,0.2
harp,6,1.34,0.6
harp,0,1.0,0.7
harp,0,0.67,0.7
harp,6,1.34,0.7
harp,0,1.0,0.6
harp,0,0.67,0.6
harp,6,1.34,0.6
harp,0,1.0,0.5
harp,0,0.67,0.5
harp,6,1.34,0.5
harp,0,1.0,0.4
harp,0,0.67,0.4
harp,6,1.34,0.4
harp,0,1.0,0.3
harp,0,0.67,0.3
harp,6,0.63,1.0
harp,24,0.76,1.0
harp,0,0.94,1.0
hat,0,0.63,1.0
harp,24,0.7,1.0
harp,0,0.84,1.0
harp,24,0.76,1.0
harp,0,0.56,1.0
hat,0,0.63,1.0
harp,24,0.63,1.0
harp,24,0.76,1.0
harp,0,0.94,1.0
hat,0,0.63,1.0
harp,24,0.84,1.0
harp,0,1.12,1.0
harp,24,0.7,1.0
harp,0,0.84,1.0
hat,0,0.63,1.0
harp,24,0.63,1.0
bass,0,0.63,1.0
bass,12,0.63,1.0
harp,12,0.76,1.0
harp,0,0.94,1.0
hat,0,0.63,1.0
bass,12,0.76,1.0
harp,12,0.7,1.0
harp,0,0.84,1.0
bass,0,0.7,1.0
harp,24,0.76,1.0
harp,0,0.56,1.0
bass,0,0.56,1.0
hat,0,0.63,1.0
harp,24,0.63,1.0
bass,0,0.63,1.0
bass,12,0.63,1.0
harp,12,0.76,1.0
harp,0,0.94,1.0
hat,0,0.63,1.0
bass,12,0.76,1.0
harp,12,0.84,1.0
harp,0,1.12,1.0
bass,0,0.84,1.0
harp,24,0.7,1.0
harp,0,0.84,1.0
bass,0,0.7,1.0
hat,0,0.63,1.0
harp,12,1.12,1.0
harp,12,0.63,1.0
bass,0,0.63,1.0
harp,0,1.26,1.0
basedrum,0,0.7,1.0
bass,0,1.26,1.0
bass,0,0.94,1.0
bass,12,0.63,1.0
basedrum,0,0.7,0.7
harp,12,0.76,1.0
harp,0,0.94,1.0
hat,0,0.63,1.0
bass,0,1.26,1.0
harp,12,0.63,1.0
bass,0,0.76,1.0
harp,6,0.76,1.0
harp,6,0.7,1.0
harp,0,0.84,1.0
bass,0,0.7,1.0
basedrum,0,0.7,1.0
harp,12,0.94,1.0
basedrum,0,0.7,0.7
harp,12,0.76,1.0
harp,0,0.56,1.0
bass,0,0.56,1.0
hat,0,0.63,1.0
harp,0,1.12,1.0
harp,12,1.26,1.0
harp,12,0.63,1.0
bass,0,0.63,1.0
harp,0,0.94,1.0
basedrum,0,0.7,1.0
bass,0,1.26,1.0
bass,0,0.94,1.0
bass,12,0.63,1.0
basedrum,0,0.7,0.7
harp,12,0.76,1.0
harp,0,0.94,1.0
hat,0,0.63,1.0
bass,0,1.26,1.0
harp,12,0.63,1.0
bass,0,0.76,1.0
harp,0,1.26,1.0
harp,6,0.76,1.0
harp,6,0.84,1.0
harp,0,1.12,1.0
bass,0,0.84,1.0
basedrum,0,0.7,1.0
basedrum,12,0.7,0.7
harp,12,0.7,1.0
harp,0,0.84,1.0
bass,0,0.7,1.0
hat,0,0.63,1.0
harp,0,1.42,1.0
basedrum,12,0.7,1.0
harp,12,0.63,1.0
bass,0,0.63,1.0
harp,0,1.26,1.0
basedrum,0,0.7,1.0
harp,0,1.5,1.0
bass,0,1.26,1.0
bass,0,0.94,1.0
bass,12,0.63,1.0
basedrum,0,0.7,0.7
harp,12,0.76,1.0
harp,0,0.94,1.0
hat,0,0.63,1.0
harp,0,1.26,1.0
bass,0,1.26,1.0
harp,12,0.63,1.0
bass,0,0.76,1.0
harp,0,1.5,1.0
harp,6,0.76,1.0
harp,6,0.7,1.0
harp,0,0.84,1.0
bass,0,0.7,1.0
basedrum,0,0.7,1.0
harp,0,1.42,1.0
harp,12,0.94,1.0
basedrum,0,0.7,0.7
harp,12,0.76,1.0
harp,0,0.56,1.0
bass,0,0.56,1.0
hat,0,0.63,1.0
harp,0,1.12,1.0
harp,12,1.42,1.0
harp,12,0.63,1.0
bass,0,0.63,1.0
harp,0,0.94,1.0
basedrum,0,0.7,1.0
harp,0,1.26,1.0
bass,0,1.26,1.0
bass,0,0.94,1.0
bass,12,0.63,1.0
basedrum,0,0.7,0.7
harp,12,0.76,1.0
harp,0,0.94,1.0
hat,0,0.63,1.0
bass,0,1.26,1.0
harp,12,0.63,1.0
bass,0,0.76,1.0
harp,0,1.26,1.0
harp,6,0.76,1.0
harp,6,0.84,1.0
harp,0,1.12,1.0
bass,0,0.84,1.0
basedrum,0,0.7,1.0
harp,0,1.42,1.0
basedrum,12,0.7,0.7
harp,12,0.7,1.0
harp,0,0.84,1.0
bass,0,0.7,1.0
hat,0,0.63,1.0
harp,0,1.12,1.0
basedrum,12,0.7,1.0
harp,12,0.63,1.0
bass,0,0.63,1.0
harp,0,1.26,1.0
basedrum,0,1.0,1.0
harp,0,0.94,1.0
bass,0,1.26,1.0
bass,0,0.94,1.0
bass,12,0.63,1.0
harp,0,0.94,1.0
basedrum,0,1.0,0.7
harp,12,0.76,1.0
harp,0,0.94,1.0
hat,0,0.63,1.0
bass,0,1.26,1.0
harp,12,0.63,1.0
bass,0,0.76,1.0
harp,6,0.76,1.0
harp,6,0.7,1.0
harp,0,0.84,1.0
bass,0,0.7,1.0
basedrum,0,1.0,1.0
harp,12,0.94,1.0
basedrum,0,1.0,0.7
harp,0,0.76,1.0
bass,0,1.12,1.0
harp,12,0.76,1.0
harp,0,0.56,1.0
bass,0,0.56,1.0
hat,0,0.63,1.0
harp,0,1.12,1.0
harp,0,0.94,1.0
bass,0,0.94,1.0
hat,12,1.6,1.0
harp,0,1.26,1.0
harp,0,0.94,1.0
bass,0,1.12,1.0
hat,6,1.6,1.0
harp,6,0.63,1.0
bass,0,0.63,1.0
harp,0,0.94,1.0
basedrum,0,1.0,1.0
harp,0,0.76,1.0
bass,0,1.26,1.0
bass,0,0.94,1.0
bass,12,0.63,1.0
basedrum,0,1.0,0.7
harp,12,0.76,1.0
harp,0,0.94,1.0
hat,0,0.63,1.0
bass,0,1.26,1.0
harp,0,0.63,1.0
harp,12,0.63,1.0
bass,0,0.76,1.0
harp,0,1.26,1.0
harp,0,0.94,1.0
harp,0,0.76,1.0
harp,6,0.76,1.0
harp,6,0.84,1.0
harp,0,1.12,1.0
bass,0,0.84,1.0
basedrum,0,1.0,1.0
basedrum,12,1.0,0.7
bass,0,1.12,1.0
harp,12,0.7,1.0
harp,0,0.84,1.0
bass,0,0.7,1.0
hat,0,0.63,1.0
harp,0,1.42,1.0
harp,0,1.12,1.0
bass,0,1.42,1.0
hat,12,1.6,1.0
basedrum,0,1.0,1.0
bass,0,1.12,1.0
hat,6,1.6,1.0
harp,6,0.63,1.0
bass,0,0.63,1.0
harp,0,1.26,1.0
basedrum,0,1.0,1.0
harp,0,1.5,1.0
bass,0,1.26,1.0
bass,0,0.94,1.0
harp,0,0.94,1.0
bass,12,0.63,1.0
harp,0,0.94,1.0
basedrum,0,1.0,0.7
harp,12,0.76,1.0
harp,0,0.94,1.0
hat,0,0.63,1.0
harp,0,1.26,1.0
bass,0,1.26,1.0
harp,12,0.63,1.0
bass,0,0.76,1.0
harp,0,1.5,1.0
harp,6,0.76,1.0
harp,6,0.7,1.0
harp,0,0.84,1.0
bass,0,0.7,1.0
basedrum,0,1.0,1.0
harp,0,1.42,1.0
harp,12,0.94,1.0
basedrum,0,1.0,0.7
bass,0,1.12,1.0
harp,0,0.76,1.0
harp,12,0.76,1.0
harp,0,0.56,1.0
bass,0,0.56,1.0
hat,0,0.63,1.0
harp,0,1.12,1.0
bass,0,0.94,1.0
harp,0,0.94,1.0
hat,12,1.6,1.0
harp,0,1.42,1.0
bass,0,1.12,1.0
harp,0,0.94,1.0
hat,6,1.6,1.0
harp,6,0.63,1.0
bass,0,0.63,1.0
harp,0,0.94,1.0
basedrum,0,1.0,1.0
harp,0,1.26,1.0
bass,0,1.26,1.0
bass,0,0.94,1.0
harp,0,0.76,1.0
bass,12,0.63,1.0
basedrum,0,1.0,0.7
harp,12,0.76,1.0
harp,0,0.94,1.0
hat,0,0.63,1.0
harp,0,0.63,1.0
bass,0,1.26,1.0
harp,12,0.63,1.0
bass,0,0.76,1.0
harp,0,1.26,1.0
harp,0,0.76,1.0
harp,0,0.94,1.0
harp,6,0.76,1.0
harp,6,0.84,1.0
harp,0,1.12,1.0
bass,0,0.84,1.0
harp,0,0.7,1.0
basedrum,0,1.0,1.0
harp,0,1.42,1.0
basedrum,12,1.0,0.7
bass,0,1.12,1.0
harp,12,0.7,1.0
harp,0,0.84,1.0
bass,0,0.7,1.0
hat,0,0.63,1.0
harp,0,1.12,1.0
harp,0,0.56,1.0
bass,0,1.42,1.0
hat,12,1.6,1.0
basedrum,0,1.0,1.0
bass,0,1.12,1.0
hat,6,1.6,1.0
harp,6,0.63,1.0
bass,0,0.63,1.0
harp,0,1.26,1.0
basedrum,0,1.0,1.0
harp,0,0.94,1.0
bass,0,1.26,1.0
bass,0,0.94,1.0
basedrum,0,1.6,1.0
bass,0,0.63,0.5
bass,12,0.63,1.0
basedrum,0,1.6,0.7
bass,0,1.26,1.0
bass,0,0.94,1.0
hat,0,0.63,1.0
bass,0,0.63,0.5
harp,12,0.76,1.0
harp,0,0.94,1.0
basedrum,0,1.0,1.0
snare,0,0.7,0.7
bass,0,1.26,0.5
harp,12,0.63,1.0
bass,0,0.76,1.0
hat,0,0.63,1.0
bass,0,0.94,1.0
bass,0,0.76,0.5
harp,6,0.76,1.0
harp,6,0.7,1.0
harp,0,0.84,1.0
bass,0,0.7,1.0
basedrum,0,1.0,1.0
hat,0,0.63,0.7
bass,0,0.84,1.0
bass,0,0.7,0.5
harp,12,0.94,1.0
bass,0,1.88,1.0
hat,0,0.63,0.4
harp,12,0.76,1.0
harp,0,0.56,1.0
bass,0,0.56,1.0
basedrum,0,1.0,1.0
snare,0,0.7,0.7
bass,0,0.76,1.0
bass,0,1.68,1.0
bass,0,0.56,0.5
basedrum,12,1.0,1.0
hat,0,0.63,0.7
bass,0,0.7,1.0
bass,0,1.5,1.0
hat,0,1.6,1.0
hat,6,1.6,1.0
harp,6,0.63,1.0
bass,0,0.63,1.0
basedrum,0,1.0,1.0
bass,0,1.26,1.0
bass,0,0.94,1.0
basedrum,0,1.6,1.0
bass,0,0.63,0.5
bass,12,0.63,1.0
basedrum,0,1.6,0.7
bass,0,1.26,1.0
bass,0,0.94,1.0
hat,0,0.63,1.0
bass,0,0.63,0.5
harp,12,0.76,1.0
harp,0,0.94,1.0
basedrum,0,1.0,1.0
snare,0,0.7,0.7
bass,0,1.26,0.5
harp,12,0.63,1.0
bass,0,0.76,1.0
hat,0,0.63,1.0
bass,0,0.94,1.0
bass,0,0.76,0.5
harp,6,0.76,1.0
harp,6,0.84,1.0
harp,0,1.12,1.0
bass,0,0.84,1.0
basedrum,0,1.0,1.0
hat,0,0.63,0.7
bass,0,1.12,1.0
bass,0,0.84,0.5
harp,12,0.94,1.0
bass,0,1.5,1.0
hat,0,0.63,0.4
harp,12,0.7,1.0
harp,0,0.84,1.0
bass,0,0.7,1.0
basedrum,0,1.0,1.0
snare,0,0.7,0.7
bass,0,0.84,1.0
bass,0,1.68,1.0
bass,0,0.7,0.5
basedrum,12,1.0,1.0
hat,0,0.63,0.7
bass,0,0.7,1.0
bass,0,1.42,1.0
hat,0,1.6,1.0
hat,6,1.6,1.0
harp,6,0.63,1.0
bass,0,0.63,1.0
basedrum,0,1.0,1.0
bass,0,1.26,1.0
bass,0,0.94,1.0
basedrum,0,1.6,1.0
bass,0,0.63,0.5
bass,12,0.63,1.0
basedrum,0,1.6,0.7
bass,0,1.26,1.0
bass,0,0.94,1.0
hat,0,0.63,1.0
bass,0,0.63,0.5
harp,12,0.76,1.0
harp,0,0.94,1.0
basedrum,0,1.0,1.0
snare,0,0.7,0.7
bass,0,1.26,0.5
harp,12,0.63,1.0
bass,0,0.76,1.0
hat,0,0.63,1.0
bass,0,0.94,1.0
bass,0,0.76,0.5
harp,6,0.76,1.0
harp,6,0.7,1.0
harp,0,0.84,1.0
bass,0,0.7,1.0
basedrum,0,1.0,1.0
hat,0,0.63,0.7
bass,0,0.84,1.0
bass,0,0.7,0.5
harp,12,0.94,1.0
bass,0,1.88,1.0
hat,0,0.63,0.4
bass,0,1.5,1.0
harp,12,0.76,1.0
harp,0,0.56,1.0
bass,0,0.56,1.0
basedrum,0,1.0,1.0
snare,0,0.7,0.7
bass,0,0.76,1.0
bass,0,1.68,1.0
bass,0,0.56,0.5
bass,0,1.42,1.0
basedrum,12,1.0,1.0
hat,0,0.63,0.7
bass,0,0.7,1.0
bass,0,1.5,1.0
hat,0,1.6,1.0
bass,0,1.12,1.0
hat,6,1.6,1.0
harp,6,0.63,1.0
bass,0,0.63,1.0
basedrum,0,1.0,1.0
bass,0,1.26,1.0
bass,0,0.94,1.0
basedrum,0,1.6,1.0
bass,0,0.63,0.5
bass,12,0.63,1.0
basedrum,0,1.6,0.7
bass,0,1.26,1.0
bass,0,0.94,1.0
hat,0,0.63,1.0
bass,0,0.63,0.5
harp,12,0.76,1.0
harp,0,0.94,1.0
basedrum,0,1.0,1.0
snare,0,0.7,0.7
bass,0,1.26,0.5
harp,12,0.63,1.0
bass,0,0.76,1.0
hat,0,0.63,1.0
bass,0,0.94,1.0
bass,0,0.76,0.5
harp,6,0.76,1.0
harp,6,0.84,1.0
harp,0,1.12,1.0
bass,0,0.84,1.0
basedrum,0,1.0,1.0
hat,0,0.63,0.7
bass,0,1.12,1.0
bass,0,0.84,0.5
harp,12,0.94,1.0
bass,0,1.5,1.0
hat,0,0.63,0.4
bass,0,1.26,1.0
harp,12,0.7,1.0
harp,0,0.84,1.0
bass,0,0.7,1.0
basedrum,0,1.0,1.0
snare,0,0.7,0.7
bass,0,0.84,1.0
bass,0,1.68,1.0
bass,0,0.7,0.5
bass,0,1.42,1.0
basedrum,12,1.0,1.0
hat,0,0.63,0.7
bass,0,0.7,1.0
bass,0,1.42,1.0
hat,0,1.6,1.0
bass,0,1.12,1.0
hat,6,1.6,1.0
harp,6,0.63,1.0
bass,0,0.63,1.0
harp,0,1.26,1.0
basedrum,0,1.0,1.0
harp,0,0.94,1.0
bass,0,1.26,1.0
bass,0,0.94,1.0
basedrum,0,1.6,1.0
bass,0,0.63,0.5
bass,12,0.63,1.0
harp,0,0.76,1.0
basedrum,0,1.6,0.7
harp,0,0.94,1.0
bass,0,1.26,1.0
bass,0,0.94,1.0
hat,0,0.63,1.0
bass,0,0.63,0.5
harp,12,0.76,1.0
harp,0,0.94,1.0
basedrum,0,1.0,1.0
snare,0,0.7,0.7
bass,0,1.26,0.5
harp,12,0.63,1.0
bass,0,0.76,1.0
harp,0,0.94,1.0
hat,0,0.63,1.0
harp,0,1.26,1.0
bass,0,0.94,1.0
bass,0,0.76,0.5
harp,6,0.76,1.0
harp,6,0.7,1.0
harp,0,0.84,1.0
bass,0,0.7,1.0
basedrum,0,1.0,1.0
hat,0,0.63,0.7
harp,0,1.12,1.0
bass,0,0.84,1.0
basedrum,0,1.6,1.0
bass,0,0.7,0.5
harp,12,0.94,1.0
basedrum,0,1.6,0.7
bass,0,1.88,1.0
hat,0,0.63,0.4
bass,0,1.5,1.0
harp,12,0.76,1.0
harp,0,0.56,1.0
bass,0,0.56,1.0
harp,0,1.12,1.0
basedrum,0,1.0,1.0
snare,0,0.7,0.7
harp,0,1.42,1.0
bass,0,0.76,1.0
bass,0,1.68,1.0
bass,0,0.56,0.5
bass,0,1.42,1.0
harp,12,0.84,1.0
basedrum,0,1.0,1.0
hat,0,0.63,0.7
harp,0,1.12,1.0
bass,0,0.7,1.0
bass,0,1.5,1.0
hat,0,1.6,1.0
bass,0,1.12,1.0
hat,6,1.6,1.0
harp,6,0.63,1.0
bass,0,0.63,1.0
harp,0,0.94,1.0
basedrum,0,1.0,1.0
harp,0,1.26,1.0
bass,0,1.26,1.0
bass,0,0.94,1.0
basedrum,0,1.6,1.0
bass,0,0.63,0.5
bass,12,0.63,1.0
basedrum,0,1.6,0.7
bass,0,1.26,1.0
bass,0,0.94,1.0
hat,0,0.63,1.0
bass,0,0.63,0.5
harp,12,0.76,1.0
harp,0,0.94,1.0
harp,0,1.26,1.0
basedrum,0,1.0,1.0
snare,0,0.7,0.7
harp,0,1.5,1.0
bass,0,1.26,0.5
harp,12,0.63,1.0
bass,0,0.76,1.0
hat,0,0.63,1.0
bass,0,0.94,1.0
bass,0,0.76,0.5
harp,6,0.76,1.0
harp,6,0.84,1.0
harp,0,1.12,1.0
bass,0,0.84,1.0
harp,0,1.42,1.0
basedrum,0,1.0,1.0
hat,0,0.63,0.7
harp,0,1.12,1.0
bass,0,1.12,1.0
basedrum,0,1.6,1.0
bass,0,0.84,0.5
harp,12,0.94,1.0
harp,0,1.26,1.0
basedrum,0,1.6,0.7
bass,0,1.5,1.0
hat,0,0.63,0.4
bass,0,1.26,1.0
harp,12,0.7,1.0
harp,0,0.84,1.0
bass,0,0.7,1.0
harp,0,1.12,1.0
basedrum,0,1.0,1.0
snare,0,0.7,0.7
bass,0,0.84,1.0
bass,0,1.68,1.0
bass,0,0.7,0.5
bass,0,1.42,1.0
harp,12,0.84,1.0
basedrum,0,1.0,1.0
hat,0,0.63,0.7
harp,0,1.12,1.0
bass,0,0.7,1.0
bass,0,1.42,1.0
hat,0,1.6,1.0
bass,0,1.12,1.0
hat,6,1.6,1.0
harp,6,0.63,1.0
bass,0,0.63,1.0
harp,0,0.94,1.0
basedrum,0,1.0,1.0
harp,0,1.26,1.0
bass,0,1.26,1.0
bass,0,0.94,1.0
basedrum,0,1.6,1.0
bass,0,0.63,0.5
bass,12,0.63,1.0
harp,0,0.76,1.0
basedrum,0,1.6,0.7
harp,0,0.94,1.0
bass,0,1.26,1.0
bass,0,0.94,1.0
hat,0,0.63,1.0
bass,0,0.63,0.5
harp,12,0.76,1.0
harp,0,0.94,1.0
basedrum,0,1.0,1.0
snare,0,0.7,0.7
bass,0,1.26,0.5
harp,12,0.63,1.0
bass,0,0.76,1.0
harp,0,0.94,1.0
hat,0,0.63,1.0
harp,0,1.26,1.0
bass,0,0.94,1.0
bass,0,0.76,0.5
harp,6,0.76,1.0
harp,6,0.7,1.0
harp,0,0.84,1.0
bass,0,0.7,1.0
basedrum,0,1.0,1.0
hat,0,0.63,0.7
harp,0,1.12,1.0
bass,0,0.84,1.0
basedrum,0,1.6,1.0
bass,0,0.7,0.5
harp,12,0.94,1.0
basedrum,0,1.6,0.7
bass,0,1.88,1.0
hat,0,0.63,0.4
bass,0,1.5,1.0
harp,12,0.76,1.0
harp,0,0.56,1.0
bass,0,0.56,1.0
harp,0,1.12,1.0
basedrum,0,1.0,1.0
snare,0,0.7,0.7
harp,0,1.42,1.0
bass,0,0.76,1.0
bass,0,1.68,1.0
bass,0,0.56,0.5
bass,0,1.42,1.0
harp,12,0.84,1.0
basedrum,0,1.0,1.0
hat,0,0.63,0.7
harp,0,1.12,1.0
bass,0,0.7,1.0
bass,0,1.5,1.0
hat,0,1.6,1.0
bass,0,1.12,1.0
hat,6,1.6,1.0
harp,6,0.63,1.0
bass,0,0.63,1.0
harp,0,0.94,1.0
basedrum,0,1.0,1.0
harp,0,1.26,1.0
bass,0,1.26,1.0
bass,0,0.94,1.0
basedrum,0,1.6,1.0
bass,0,0.63,0.5
bass,12,0.63,1.0
basedrum,0,1.6,0.7
bass,0,1.26,1.0
bass,0,0.94,1.0
hat,0,0.63,1.0
bass,0,0.63,0.5
harp,12,0.76,1.0
harp,0,0.94,1.0
harp,0,1.26,1.0
basedrum,0,1.0,1.0
snare,0,0.7,0.7
harp,0,1.5,1.0
bass,0,1.26,0.5
harp,12,0.63,1.0
bass,0,0.76,1.0
hat,0,0.63,1.0
bass,0,0.94,1.0
bass,0,0.76,0.5
harp,6,0.76,1.0
harp,6,0.84,1.0
harp,0,1.12,1.0
bass,0,0.84,1.0
harp,0,1.42,1.0
basedrum,0,1.0,1.0
hat,0,0.63,0.7
harp,0,1.68,1.0
bass,0,1.12,1.0
basedrum,0,1.6,1.0
bass,0,0.84,0.5
harp,12,0.94,1.0
harp,0,1.26,1.0
basedrum,0,1.6,0.7
harp,0,1.5,1.0
bass,0,1.5,1.0
hat,0,0.63,0.4
bass,0,1.26,1.0
harp,12,0.7,1.0
harp,0,0.84,1.0
bass,0,0.7,1.0
harp,0,1.12,1.0
basedrum,0,1.0,1.0
snare,0,0.7,0.7
harp,0,1.42,1.0
bass,0,0.84,1.0
bass,0,1.68,1.0
bass,0,0.7,0.5
bass,0,1.42,1.0
harp,12,0.84,1.0
basedrum,0,1.0,1.0
hat,0,0.63,0.7
harp,0,1.12,1.0
bass,0,0.7,1.0
bass,0,1.42,1.0
hat,0,1.6,1.0
bass,0,1.12,1.0
hat,6,1.6,1.0
harp,6,0.63,1.0
bass,0,0.63,1.0
harp,0,1.26,1.0
basedrum,0,1.0,1.0
harp,0,0.94,1.0
bass,0,1.26,1.0
bass,0,0.94,1.0
basedrum,0,1.6,1.0
bass,0,0.63,0.5
harp,6,0.63,0.7
harp,0,1.26,0.6
harp,0,0.94,0.4
harp,6,0.94,1.0
bass,0,0.63,1.0
harp,6,0.94,0.6
harp,6,0.76,1.0
harp,0,0.94,1.0
hat,0,0.63,1.0
hat,0,0.63,0.7
bass,0,0.76,1.0
harp,6,0.76,0.7
harp,0,0.94,0.6
harp,6,0.63,1.0
bass,0,0.76,0.9
harp,6,0.76,1.0
harp,0,0.63,0.6
harp,6,0.7,1.0
harp,0,0.84,1.0
bass,0,0.7,0.8
harp,0,0.76,0.6
harp,6,0.7,0.7
harp,0,0.84,0.6
harp,6,0.94,1.0
harp,0,0.76,1.0
bass,0,0.7,0.9
harp,6,0.94,0.6
harp,0,0.76,0.4
harp,6,0.76,1.0
harp,0,0.56,1.0
harp,0,1.12,1.0
hat,0,0.63,1.0
hat,0,0.63,0.7
harp,0,0.94,1.0
bass,0,0.56,1.0
harp,6,0.76,0.7
harp,0,0.56,0.6
harp,0,1.12,0.6
harp,0,0.94,0.4
harp,6,1.26,1.0
harp,0,0.94,1.0
bass,0,0.56,1.0
harp,6,1.26,0.6
harp,0,0.94,0.4
harp,6,0.63,1.0
harp,0,0.94,1.0
harp,0,0.76,1.0
bass,0,0.63,1.0
harp,6,0.63,0.7
harp,0,0.94,0.6
harp,0,0.76,0.4
harp,6,0.94,1.0
bass,0,0.63,1.0
harp,6,0.94,0.6
harp,6,0.76,1.0
harp,0,0.94,1.0
hat,0,0.63,1.0
hat,0,0.63,0.7
harp,0,0.63,1.0
bass,0,0.76,1.0
harp,6,0.76,0.7
harp,0,0.94,0.6
harp,0,0.63,1.0
harp,6,0.63,1.0
harp,0,1.26,1.0
harp,0,0.94,1.0
harp,0,0.76,1.0
bass,0,0.76,0.9
harp,6,0.76,1.0
harp,0,0.63,0.7
harp,0,1.26,0.6
harp,0,0.94,0.4
harp,0,0.76,1.0
harp,6,0.84,1.0
harp,0,1.12,1.0
bass,0,0.7,0.8
harp,0,0.76,0.7
harp,6,0.84,0.7
harp,0,1.12,0.6
harp,6,0.84,1.0
bass,0,0.7,0.9
harp,6,0.84,0.6
harp,6,0.7,1.0
harp,0,0.84,1.0
harp,0,1.42,1.0
hat,0,0.63,1.0
hat,0,0.63,0.7
harp,0,1.12,1.0
bass,0,0.56,1.0
harp,6,0.7,0.7
harp,0,0.84,0.6
harp,0,1.42,0.6
harp,0,1.12,0.4
harp,6,1.12,1.0
bass,0,0.56,1.0
harp,6,1.12,0.6
harp,6,0.63,1.0
harp,0,1.26,1.0
harp,0,1.5,1.0
harp,0,0.94,1.0
bass,0,0.63,1.0
harp,6,0.63,0.7
harp,0,1.26,0.6
harp,0,1.5,0.4
harp,0,0.94,1.0
harp,6,0.94,1.0
bass,0,0.63,1.0
harp,6,0.94,0.6
harp,6,0.76,1.0
harp,0,0.94,1.0
hat,0,0.63,1.0
hat,0,0.63,0.7
harp,0,1.26,1.0
bass,0,0.76,1.0
harp,6,0.76,0.7
harp,0,0.94,0.6
harp,0,1.26,0.4
harp,6,0.63,1.0
harp,0,1.5,1.0
bass,0,0.76,0.9
harp,6,0.76,1.0
harp,0,0.63,0.6
harp,0,1.5,0.4
harp,6,0.7,1.0
harp,0,0.84,1.0
harp,0,1.42,1.0
bass,0,0.7,0.8
harp,0,0.76,0.6
harp,6,0.7,0.7
harp,0,0.84,0.6
harp,0,1.42,0.4
harp,6,0.94,1.0
harp,0,0.76,1.0
bass,0,0.7,0.9
harp,6,0.94,0.6
harp,0,0.76,1.0
harp,6,0.76,1.0
harp,0,0.56,1.0
harp,0,1.12,1.0
hat,0,0.63,1.0
hat,0,0.63,0.7
harp,0,0.94,1.0
bass,0,0.56,1.0
harp,6,0.76,0.7
harp,0,0.56,0.6
harp,0,1.12,0.6
harp,0,0.94,1.0
harp,6,1.42,1.0
harp,0,0.94,1.0
bass,0,0.56,1.0
harp,6,1.42,0.4
harp,0,0.94,1.0
harp,6,0.63,1.0
harp,0,0.94,1.0
harp,0,1.26,1.0
harp,0,0.76,1.0
bass,0,0.63,1.0
harp,6,0.63,0.7
harp,0,0.94,0.6
harp,0,1.26,0.4
harp,0,0.76,1.0
harp,6,0.94,1.0
bass,0,0.63,1.0
harp,6,0.94,0.6
harp,6,0.76,1.0
harp,0,0.94,1.0
hat,0,0.63,1.0
hat,0,0.63,0.7
harp,0,0.63,1.0
bass,0,0.76,1.0
harp,6,0.76,0.7
harp,0,0.94,0.6
harp,0,0.63,0.4
harp,6,0.63,1.0
harp,0,1.26,1.0
harp,0,0.76,1.0
harp,0,0.94,1.0
bass,0,0.76,0.9
harp,6,0.76,1.0
harp,0,0.63,0.7
harp,0,1.26,0.6
harp,0,0.76,0.4
harp,0,0.94,1.0
harp,6,0.84,1.0
harp,0,1.12,1.0
harp,0,0.7,1.0
harp,0,1.42,1.0
bass,0,0.7,0.8
harp,0,0.76,0.7
harp,6,0.84,0.7
harp,0,1.12,0.6
harp,0,0.7,0.6
harp,0,1.42,0.4
harp,6,1.42,1.0
bass,0,0.7,0.9
harp,6,1.42,0.4
harp,6,0.7,1.0
harp,0,0.84,1.0
harp,0,1.12,1.0
hat,0,0.63,1.0
hat,0,0.63,0.7
harp,0,0.56,1.0
bass,0,0.56,1.0
harp,6,0.7,0.7
harp,0,0.84,0.6
harp,0,1.12,0.6
harp,0,0.56,0.4
harp,6,1.12,1.0
bass,0,0.56,1.0
harp,6,1.12,0.6
harp,6,0.63,1.0
bass,0,0.63,1.0
harp,0,1.26,1.0
basedrum,0,1.0,1.0
harp,0,0.94,1.0
bass,0,1.26,1.0
bass,0,0.94,1.0
harp,0,1.5,1.0
bass,0,0.63,1.0
harp,6,0.63,0.7
harp,0,1.26,0.6
harp,0,0.94,0.4
harp,0,1.5,1.0
bass,6,0.63,1.0
harp,0,0.94,1.0
harp,0,1.26,1.0
bass,0,1.26,1.0
bass,0,0.94,1.0
bass,0,0.63,1.0
harp,6,0.94,0.6
harp,0,1.26,0.4
harp,6,0.76,1.0
harp,0,0.94,1.0
hat,0,0.63,1.0
hat,0,0.63,0.7
bass,0,0.76,1.0
harp,6,0.76,0.7
harp,0,0.94,0.6
harp,6,0.63,1.0
bass,0,0.76,0.9
harp,6,0.76,1.0
harp,0,0.63,0.6
harp,6,0.7,1.0
harp,0,0.84,1.0
basedrum,0,1.0,1.0
bass,0,0.7,0.8
harp,0,0.76,0.6
harp,6,0.7,0.7
harp,0,0.84,0.6
harp,6,0.94,1.0
harp,0,0.76,1.0
harp,0,1.26,1.0
bass,0,0.7,0.9
harp,6,0.94,0.6
harp,0,0.76,0.4
harp,0,1.26,1.0
harp,6,0.76,1.0
harp,0,0.56,1.0
harp,0,1.12,1.0
hat,0,0.63,1.0
hat,0,0.63,0.7
harp,0,0.94,1.0
harp,0,1.42,1.0
bass,0,0.56,1.0
harp,6,0.76,0.7
harp,0,0.56,0.6
harp,0,1.12,0.6
harp,0,0.94,0.4
harp,0,1.42,1.0
harp,6,1.26,1.0
harp,0,0.94,1.0
harp,0,1.5,1.0
bass,0,0.56,1.0
harp,6,1.26,0.6
harp,0,0.94,0.4
harp,0,1.5,1.0
harp,6,0.63,1.0
bass,0,0.63,1.0
harp,0,0.94,1.0
basedrum,0,1.0,1.0
harp,0,0.76,1.0
bass,0,1.26,1.0
bass,0,0.94,1.0
harp,0,1.26,1.0
bass,0,0.63,1.0
harp,6,0.63,0.7
harp,0,0.94,0.6
harp,0,0.76,0.4
harp,0,1.26,1.0
bass,6,0.63,1.0
harp,0,0.94,1.0
bass,0,1.26,1.0
bass,0,0.94,1.0
harp,0,1.26,1.0
bass,0,0.63,1.0
harp,6,0.94,0.6
harp,0,1.26,1.0
harp,6,0.76,1.0
harp,0,0.94,1.0
hat,0,0.63,1.0
hat,0,0.63,0.7
harp,0,0.63,1.0
bass,0,0.76,1.0
harp,6,0.76,0.7
harp,0,0.94,0.6
harp,0,0.63,1.0
harp,6,0.63,1.0
harp,0,1.5,1.0
harp,0,1.26,1.0
harp,0,0.94,1.0
harp,0,0.76,1.0
bass,0,0.76,0.9
harp,6,0.76,1.0
harp,0,0.63,0.7
harp,0,1.5,0.6
harp,0,1.26,0.6
harp,0,0.94,0.4
harp,0,0.76,1.0
harp,6,0.84,1.0
harp,0,1.12,1.0
harp,0,1.42,1.0
basedrum,0,1.0,1.0
bass,0,0.7,0.8
harp,0,0.76,0.7
harp,6,0.84,0.7
harp,0,1.12,0.6
harp,0,1.42,0.6
harp,6,0.84,1.0
bass,0,0.7,0.9
harp,6,0.84,0.6
harp,6,0.7,1.0
harp,0,0.84,1.0
harp,0,1.42,1.0
hat,0,0.63,1.0
hat,0,0.63,0.7
harp,0,1.12,1.0
harp,0,1.68,1.0
bass,0,0.56,1.0
harp,6,0.7,0.7
harp,0,0.84,0.6
harp,0,1.42,0.6
harp,0,1.12,0.4
harp,0,1.68,1.0
harp,6,1.12,1.0
harp,0,1.42,1.0
bass,0,0.56,1.0
harp,6,1.12,0.6
harp,0,1.42,1.0
harp,6,0.63,1.0
bass,0,0.63,1.0
harp,0,1.26,1.0
basedrum,0,1.0,1.0
harp,0,1.5,1.0
bass,0,1.26,1.0
bass,0,0.94,1.0
harp,0,0.94,1.0
bass,0,0.63,1.0
harp,6,0.63,0.7
harp,0,1.26,0.6
harp,0,1.5,0.4
harp,0,0.94,1.0
bass,6,0.63,1.0
harp,0,0.94,1.0
bass,0,1.26,1.0
bass,0,0.94,1.0
bass,0,0.63,1.0
harp,6,0.94,0.6
harp,6,0.76,1.0
harp,0,0.94,1.0
hat,0,0.63,1.0
hat,0,0.63,0.7
harp,0,1.26,1.0
harp,0,1.5,1.0
bass,0,0.76,1.0
harp,6,0.76,0.7
harp,0,0.94,0.6
harp,0,1.26,0.4
harp,0,1.5,1.0
harp,6,0.63,1.0
harp,0,1.5,1.0
harp,0,1.88,1.0
bass,0,0.76,0.9
harp,6,0.76,1.0
harp,0,0.63,0.6
harp,0,1.5,0.4
harp,0,1.88,1.0
harp,6,0.7,1.0
harp,0,0.84,1.0
basedrum,0,1.0,1.0
harp,0,1.42,1.0
harp,0,1.68,1.0
bass,0,0.7,0.8
harp,0,0.76,0.6
harp,6,0.7,0.7
harp,0,0.84,0.6
harp,0,1.42,0.4
harp,0,1.68,1.0
harp,6,0.94,1.0
harp,0,1.12,1.0
harp,0,0.76,1.0
bass,0,0.7,0.9
harp,6,0.94,0.6
harp,0,1.12,0.4
harp,0,0.76,1.0
harp,6,0.76,1.0
harp,0,0.56,1.0
harp,0,1.12,1.0
hat,0,0.63,1.0
hat,0,0.63,0.7
harp,0,1.42,1.0
harp,0,0.94,1.0
bass,0,0.56,1.0
harp,6,0.76,0.7
harp,0,0.56,0.6
harp,0,1.12,0.6
harp,0,1.42,0.4
harp,0,0.94,1.0
harp,6,1.68,1.0
harp,0,1.42,1.0
harp,0,0.94,1.0
bass,0,0.56,1.0
harp,6,1.68,0.6
harp,0,1.42,0.4
harp,0,0.94,1.0
harp,6,0.63,1.0
bass,0,0.63,1.0
harp,0,1.5,1.0
harp,0,0.94,1.0
basedrum,0,1.0,1.0
harp,0,1.26,1.0
bass,0,1.26,1.0
bass,0,0.94,1.0
harp,0,0.76,1.0
bass,0,0.63,1.0
harp,6,0.63,0.7
harp,0,1.5,0.6
harp,0,0.94,0.6
harp,0,1.26,0.4
harp,0,0.76,1.0
bass,6,0.63,1.0
harp,0,0.94,1.0
bass,0,1.26,1.0
bass,0,0.94,1.0
bass,0,0.63,1.0
harp,6,0.94,0.6
harp,0,0.94,0.4
harp,6,0.76,1.0
harp,0,0.94,1.0
hat,0,0.63,1.0
hat,0,0.63,0.7
harp,0,0.63,1.0
bass,0,0.76,1.0
harp,6,0.76,0.7
harp,0,0.94,0.6
harp,0,0.63,0.4
harp,6,0.63,1.0
harp,0,1.5,1.0
harp,0,1.26,1.0
harp,0,0.76,1.0
harp,0,0.94,1.0
bass,0,0.76,0.9
harp,6,0.76,1.0
harp,0,0.63,0.7
harp,0,1.5,0.6
harp,0,1.26,0.6
harp,0,0.76,0.4
harp,0,0.94,1.0
harp,6,0.84,1.0
harp,0,1.12,1.0
harp,0,1.68,1.0
harp,0,0.7,1.0
basedrum,0,1.0,1.0
harp,0,1.42,1.0
bass,0,0.7,0.8
harp,0,0.76,0.7
harp,6,0.84,0.7
harp,0,1.12,0.6
harp,0,1.68,0.6
harp,0,0.7,0.6
harp,0,1.42,0.4
harp,6,1.42,1.0
bass,0,0.7,0.9
harp,6,1.42,0.4
harp,6,0.7,1.0
harp,0,0.84,1.0
harp,0,1.42,1.0
harp,0,1.12,1.0
hat,0,0.63,1.0
hat,0,0.63,0.7
harp,0,0.56,1.0
bass,0,0.56,1.0
harp,6,0.7,0.7
harp,0,0.84,0.6
harp,0,1.42,0.6
harp,0,1.12,0.6
harp,0,0.56,0.4
harp,6,1.12,1.0
bass,0,0.56,1.0
harp,6,1.12,0.6
harp,6,0.63,1.0
bass,0,0.63,1.0
harp,0,1.26,1.0
basedrum,0,1.0,1.0
harp,0,0.94,1.0
bass,0,1.26,1.0
bass,0,0.94,1.0
bass,0,0.63,1.0
basedrum,12,1.0,1.0
basedrum,6,1.0,1.0
basedrum,6,1.6,1.0
basedrum,6,1.6,1.0
basedrum,6,1.18,1.0
basedrum,6,1.18,1.0
harp,6,0.67,1.0
bass,0,0.67,1.0
harp,0,1.34,1.0
basedrum,0,1.0,1.0
snare,0,0.7,0.7
harp,0,1.0,1.0
bass,0,1.34,1.0
bass,0,1.0,1.0
basedrum,0,1.6,1.0
bass,0,0.67,0.5
bass,0,0.67,1.0
bass,12,0.67,1.0
harp,0,0.8,1.0
basedrum,0,1.6,0.7
harp,0,1.0,1.0
bass,0,1.34,1.0
bass,0,1.0,1.0
hat,0,0.63,1.0
bass,0,0.67,0.5
bass,0,0.67,1.0
harp,12,0.8,1.0
harp,0,1.0,1.0
basedrum,0,1.0,1.0
snare,0,0.7,0.7
bass,0,1.34,0.5
bass,0,0.8,1.0
harp,12,0.67,1.0
bass,0,0.8,1.0
harp,0,1.0,1.0
hat,0,0.63,1.0
harp,0,1.34,1.0
bass,0,1.0,1.0
bass,0,0.8,0.5
bass,0,0.8,0.9
harp,6,0.8,1.0
harp,6,0.76,1.0
harp,0,0.9,1.0
bass,0,0.76,1.0
basedrum,0,1.0,1.0
hat,0,0.63,0.7
harp,0,1.18,1.0
bass,0,0.9,1.0
basedrum,0,1.6,1.0
bass,0,0.76,0.5
bass,0,0.76,0.8
harp,12,1.0,1.0
basedrum,0,1.6,0.7
bass,0,2.0,1.0
hat,0,0.63,0.4
bass,0,1.6,1.0
bass,0,0.76,0.9
harp,12,0.8,1.0
harp,0,0.6,1.0
bass,0,0.6,1.0
harp,0,1.18,1.0
basedrum,0,1.0,1.0
snare,0,0.7,0.7
harp,0,1.5,1.0
bass,0,0.8,1.0
bass,0,1.78,1.0
bass,0,0.6,0.5
bass,0,1.5,1.0
bass,0,0.6,1.0
harp,12,0.9,1.0
basedrum,0,1.0,1.0
hat,0,0.63,0.7
harp,0,1.18,1.0
bass,0,0.76,1.0
bass,0,1.6,1.0
hat,0,1.6,1.0
bass,0,1.18,1.0
bass,0,0.6,1.0
hat,6,1.6,1.0
harp,6,0.67,1.0
bass,0,0.67,1.0
harp,0,1.0,1.0
basedrum,0,1.0,1.0
harp,0,1.34,1.0
bass,0,1.34,1.0
bass,0,1.0,1.0
basedrum,0,1.6,1.0
bass,0,0.67,0.5
bass,0,0.67,1.0
bass,12,0.67,1.0
basedrum,0,1.6,0.7
bass,0,1.34,1.0
bass,0,1.0,1.0
hat,0,0.63,1.0
bass,0,0.67,0.5
bass,0,0.67,1.0
harp,12,0.8,1.0
harp,0,1.0,1.0
harp,0,1.34,1.0
basedrum,0,1.0,1.0
snare,0,0.7,0.7
harp,0,1.6,1.0
bass,0,1.34,0.5
bass,0,0.8,1.0
harp,12,0.67,1.0
bass,0,0.8,1.0
hat,0,0.63,1.0
bass,0,1.0,1.0
bass,0,0.8,0.5
bass,0,0.8,0.9
harp,6,0.8,1.0
harp,6,0.9,1.0
harp,0,1.18,1.0
bass,0,0.9,1.0
harp,0,1.5,1.0
basedrum,0,1.0,1.0
hat,0,0.63,0.7
harp,0,1.18,1.0
bass,0,1.18,1.0
basedrum,0,1.6,1.0
bass,0,0.9,0.5
bass,0,0.76,0.8
harp,12,1.0,1.0
harp,0,1.34,1.0
basedrum,0,1.6,0.7
bass,0,1.6,1.0
hat,0,0.63,0.4
bass,0,1.34,1.0
bass,0,0.76,0.9
harp,12,0.76,1.0
harp,0,0.9,1.0
bass,0,0.76,1.0
harp,0,1.18,1.0
basedrum,0,1.0,1.0
snare,0,0.7,0.7
bass,0,0.9,1.0
bass,0,1.78,1.0
bass,0,0.76,0.5
bass,0,1.5,1.0
bass,0,0.6,1.0
harp,12,0.9,1.0
basedrum,0,1.0,1.0
hat,0,0.63,0.7
harp,0,1.18,1.0
bass,0,0.76,1.0
bass,0,1.5,1.0
hat,0,1.6,1.0
bass,0,1.18,1.0
bass,0,0.6,1.0
hat,6,1.6,1.0
harp,6,0.67,1.0
bass,0,0.67,1.0
harp,0,1.0,1.0
basedrum,0,1.0,1.0
harp,0,1.34,1.0
bass,0,1.34,1.0
bass,0,1.0,1.0
basedrum,0,1.6,1.0
bass,0,0.67,0.5
bass,0,0.67,1.0
bass,12,0.67,1.0
harp,0,0.8,1.0
basedrum,0,1.6,0.7
harp,0,1.0,1.0
bass,0,1.34,1.0
bass,0,1.0,1.0
hat,0,0.63,1.0
bass,0,0.67,0.5
bass,0,0.67,1.0
harp,12,0.8,1.0
harp,0,1.0,1.0
basedrum,0,1.0,1.0
snare,0,0.7,0.7
bass,0,1.34,0.5
bass,0,0.8,1.0
harp,12,0.67,1.0
bass,0,0.8,1.0
harp,0,1.0,1.0
hat,0,0.63,1.0
harp,0,1.34,1.0
bass,0,1.0,1.0
bass,0,0.8,0.5
bass,0,0.8,0.9
harp,6,0.8,1.0
harp,6,0.76,1.0
harp,0,0.9,1.0
bass,0,0.76,1.0
basedrum,0,1.0,1.0
hat,0,0.63,0.7
harp,0,1.18,1.0
bass,0,0.9,1.0
basedrum,0,1.6,1.0
bass,0,0.76,0.5
bass,0,0.76,0.8
harp,12,1.0,1.0
basedrum,0,1.6,0.7
bass,0,2.0,1.0
hat,0,0.63,0.4
bass,0,1.6,1.0
bass,0,0.76,0.9
harp,12,0.8,1.0
harp,0,0.6,1.0
bass,0,0.6,1.0
harp,0,1.18,1.0
basedrum,0,1.0,1.0
snare,0,0.7,0.7
harp,0,1.5,1.0
bass,0,0.8,1.0
bass,0,1.78,1.0
bass,0,0.6,0.5
bass,0,1.5,1.0
bass,0,0.6,1.0
harp,12,0.9,1.0
basedrum,0,1.0,1.0
hat,0,0.63,0.7
harp,0,1.18,1.0
bass,0,0.76,1.0
bass,0,1.6,1.0
hat,0,1.6,1.0
bass,0,1.18,1.0
bass,0,0.6,1.0
hat,6,1.6,1.0
harp,6,0.67,1.0
bass,0,0.67,1.0
harp,0,1.0,1.0
basedrum,0,1.0,1.0
harp,0,1.34,1.0
bass,0,1.34,1.0
bass,0,1.0,1.0
basedrum,0,1.6,1.0
bass,0,0.67,0.5
bass,0,0.67,1.0
bass,12,0.67,1.0
basedrum,0,1.6,0.7
bass,0,1.34,1.0
bass,0,1.0,1.0
hat,0,0.63,1.0
bass,0,0.67,0.5
bass,0,0.67,1.0
harp,12,0.8,1.0
harp,0,1.0,1.0
harp,0,1.34,1.0
basedrum,0,1.0,1.0
snare,0,0.7,0.7
harp,0,1.6,1.0
bass,0,1.34,0.5
bass,0,0.8,1.0
harp,12,0.67,1.0
bass,0,0.8,1.0
hat,0,0.63,1.0
bass,0,1.0,1.0
bass,0,0.8,0.5
bass,0,0.8,0.9
harp,6,0.8,1.0
harp,6,0.9,1.0
harp,0,1.18,1.0
bass,0,0.9,1.0
harp,0,1.5,1.0
basedrum,0,1.0,1.0
hat,0,0.63,0.7
harp,0,1.78,1.0
bass,0,1.18,1.0
basedrum,0,1.6,1.0
bass,0,0.9,0.5
bass,0,0.76,0.8
harp,12,1.0,1.0
harp,0,1.34,1.0
basedrum,0,1.6,0.7
harp,0,1.6,1.0
bass,0,1.6,1.0
hat,0,0.63,0.4
bass,0,1.34,1.0
bass,0,0.76,0.9
harp,12,0.76,1.0
harp,0,0.9,1.0
bass,0,0.76,1.0
harp,0,1.18,1.0
basedrum,0,1.0,1.0
snare,0,0.7,0.7
harp,0,1.5,1.0
bass,0,0.9,1.0
bass,0,1.78,1.0
bass,0,0.76,0.5
bass,0,1.5,1.0
bass,0,0.6,1.0
harp,12,0.9,1.0
basedrum,0,1.0,1.0
hat,0,0.63,0.7
harp,0,1.18,1.0
bass,0,0.76,1.0
bass,0,1.5,1.0
hat,0,1.6,1.0
bass,0,1.18,1.0
bass,0,0.6,1.0
hat,6,1.6,1.0
harp,6,0.67,1.0
bass,0,0.67,1.0
harp,0,1.34,1.0
basedrum,0,1.0,1.0
snare,0,0.7,0.7
harp,0,1.0,1.0
bass,0,1.34,1.0
bass,0,1.0,1.0
basedrum,0,1.6,1.0
bass,0,0.67,0.5
bass,0,0.67,1.0
bass,12,0.67,1.0
harp,0,0.8,1.0
basedrum,0,1.6,0.7
harp,0,1.0,1.0
bass,0,1.34,1.0
bass,0,1.0,1.0
hat,0,0.63,1.0
bass,0,0.67,0.5
bass,0,0.67,1.0
harp,12,0.8,1.0
harp,0,1.0,1.0
basedrum,0,1.0,1.0
snare,0,0.7,0.7
bass,0,1.34,0.5
bass,0,0.8,1.0
harp,12,0.67,1.0
bass,0,0.8,1.0
harp,0,1.0,1.0
hat,0,0.63,1.0
harp,0,1.34,1.0
bass,0,1.0,1.0
bass,0,0.8,0.5
bass,0,0.8,0.9
harp,6,0.8,1.0
harp,6,0.76,1.0
harp,0,0.9,1.0
bass,0,0.76,1.0
basedrum,0,1.0,1.0
hat,0,0.63,0.7
harp,0,1.18,1.0
bass,0,0.9,1.0
basedrum,0,1.6,1.0
bass,0,0.76,0.5
bass,0,0.76,0.8
harp,12,1.0,1.0
basedrum,0,1.6,0.7
bass,0,2.0,1.0
hat,0,0.63,0.4
bass,0,1.6,1.0
bass,0,0.76,0.9
harp,12,0.8,1.0
harp,0,0.6,1.0
bass,0,0.6,1.0
harp,0,1.18,1.0
basedrum,0,1.0,1.0
snare,0,0.7,0.7
harp,0,1.5,1.0
bass,0,0.8,1.0
bass,0,1.78,1.0
bass,0,0.6,0.5
bass,0,1.5,1.0
bass,0,0.6,1.0
harp,12,0.9,1.0
basedrum,0,1.0,1.0
hat,0,0.63,0.7
harp,0,1.18,1.0
bass,0,0.76,1.0
bass,0,1.6,1.0
hat,0,1.6,1.0
bass,0,1.18,1.0
bass,0,0.6,1.0
hat,6,1.6,1.0
harp,6,0.67,1.0
bass,0,0.67,1.0
harp,0,1.0,1.0
basedrum,0,1.0,1.0
harp,0,1.34,1.0
bass,0,1.34,1.0
bass,0,1.0,1.0
basedrum,0,1.6,1.0
bass,0,0.67,0.5
bass,0,0.67,1.0
bass,12,0.67,1.0
basedrum,0,1.6,0.7
bass,0,1.34,1.0
bass,0,1.0,1.0
hat,0,0.63,1.0
bass,0,0.67,0.5
bass,0,0.67,1.0
harp,12,0.8,1.0
harp,0,1.0,1.0
harp,0,1.34,1.0
basedrum,0,1.0,1.0
snare,0,0.7,0.7
harp,0,1.6,1.0
bass,0,1.34,0.5
bass,0,0.8,1.0
harp,12,0.67,1.0
bass,0,0.8,1.0
hat,0,0.63,1.0
bass,0,1.0,1.0
bass,0,0.8,0.5
bass,0,0.8,0.9
harp,6,0.8,1.0
harp,6,0.9,1.0
harp,0,1.18,1.0
bass,0,0.9,1.0
harp,0,1.5,1.0
basedrum,0,1.0,1.0
hat,0,0.63,0.7
harp,0,1.18,1.0
bass,0,1.18,1.0
basedrum,0,1.6,1.0
bass,0,0.9,0.5
bass,0,0.76,0.8
harp,12,1.0,1.0
harp,0,1.34,1.0
basedrum,0,1.6,0.7
bass,0,1.6,1.0
hat,0,0.63,0.4
bass,0,1.34,1.0
bass,0,0.76,0.9
harp,12,0.76,1.0
harp,0,0.9,1.0
bass,0,0.76,1.0
harp,0,1.18,1.0
basedrum,0,1.0,1.0
snare,0,0.7,0.7
bass,0,0.9,1.0
bass,0,1.78,1.0
bass,0,0.76,0.5
bass,0,1.5,1.0
bass,0,0.6,1.0
harp,12,0.9,1.0
basedrum,0,1.0,1.0
hat,0,0.63,0.7
harp,0,1.18,1.0
bass,0,0.76,1.0
bass,0,1.5,1.0
hat,0,1.6,1.0
bass,0,1.18,1.0
bass,0,0.6,1.0
hat,6,1.6,1.0
harp,6,0.67,1.0
bass,0,0.67,1.0
harp,0,1.0,1.0
basedrum,0,1.0,1.0
harp,0,1.34,1.0
bass,0,1.34,1.0
bass,0,1.0,1.0
basedrum,0,1.6,1.0
bass,0,0.67,0.5
bass,0,0.67,1.0
bass,12,0.67,1.0
harp,0,0.8,1.0
basedrum,0,1.6,0.7
harp,0,1.0,1.0
bass,0,1.34,1.0
bass,0,1.0,1.0
hat,0,0.63,1.0
bass,0,0.67,0.5
bass,0,0.67,1.0
harp,12,0.8,1.0
harp,0,1.0,1.0
basedrum,0,1.0,1.0
snare,0,0.7,0.7
bass,0,1.34,0.5
bass,0,0.8,1.0
harp,12,0.67,1.0
bass,0,0.8,1.0
harp,0,1.0,1.0
hat,0,0.63,1.0
harp,0,1.34,1.0
bass,0,1.0,1.0
bass,0,0.8,0.5
bass,0,0.8,0.9
harp,6,0.8,1.0
harp,6,0.76,1.0
harp,0,0.9,1.0
bass,0,0.76,1.0
basedrum,0,1.0,1.0
hat,0,0.63,0.7
harp,0,1.18,1.0
bass,0,0.9,1.0
basedrum,0,1.6,1.0
bass,0,0.76,0.5
bass,0,0.76,0.8
harp,12,1.0,1.0
basedrum,0,1.6,0.7
bass,0,2.0,1.0
hat,0,0.63,0.4
bass,0,1.6,1.0
bass,0,0.76,0.9
harp,12,0.8,1.0
harp,0,0.6,1.0
bass,0,0.6,1.0
harp,0,1.18,1.0
basedrum,0,1.0,1.0
snare,0,0.7,0.7
harp,0,1.5,1.0
bass,0,0.8,1.0
bass,0,1.78,1.0
bass,0,0.6,0.5
bass,0,1.5,1.0
bass,0,0.6,1.0
harp,12,0.9,1.0
basedrum,0,1.0,1.0
hat,0,0.63,0.7
harp,0,1.18,1.0
bass,0,0.76,1.0
bass,0,1.6,1.0
hat,0,1.6,1.0
bass,0,1.18,1.0
bass,0,0.6,1.0
hat,6,1.6,1.0
harp,6,0.67,1.0
bass,0,0.67,1.0
harp,0,1.0,1.0
basedrum,0,1.0,1.0
harp,0,1.34,1.0
bass,0,1.34,1.0
bass,0,1.0,1.0
basedrum,0,1.6,1.0
bass,0,0.67,0.5
bass,0,0.67,1.0
bass,12,0.67,1.0
basedrum,0,1.6,0.7
bass,0,1.34,1.0
bass,0,1.0,1.0
hat,0,0.63,1.0
bass,0,0.67,0.5
bass,0,0.67,1.0
harp,12,0.8,1.0
harp,0,1.0,1.0
harp,0,1.34,1.0
basedrum,0,1.0,1.0
snare,0,0.7,0.7
harp,0,1.6,1.0
bass,0,1.34,0.5
bass,0,0.8,1.0
harp,12,0.67,1.0
bass,0,0.8,1.0
hat,0,0.63,1.0
bass,0,1.0,1.0
bass,0,0.8,0.5
bass,0,0.8,0.9
harp,6,0.8,1.0
harp,6,0.9,1.0
harp,0,1.18,1.0
bass,0,0.9,1.0
harp,0,1.5,1.0
basedrum,0,1.0,1.0
hat,0,0.63,0.7
harp,0,1.78,1.0
bass,0,1.18,1.0
basedrum,0,1.6,1.0
bass,0,0.9,0.5
bass,0,0.76,0.8
harp,12,1.0,1.0
harp,0,1.34,1.0
basedrum,0,1.6,0.7
harp,0,1.6,1.0
bass,0,1.6,1.0
hat,0,0.63,0.4
bass,0,1.34,1.0
bass,0,0.76,0.9
harp,12,0.76,1.0
harp,0,0.9,1.0
bass,0,0.76,1.0
harp,0,1.18,1.0
basedrum,0,1.0,1.0
snare,0,0.7,0.7
harp,0,1.5,1.0
bass,0,0.9,1.0
bass,0,1.78,1.0
bass,0,0.76,0.5
bass,0,1.5,1.0
bass,0,0.6,1.0
harp,12,0.9,1.0
basedrum,0,1.0,1.0
hat,0,0.63,0.7
harp,0,1.18,1.0
bass,0,0.76,1.0
bass,0,1.5,1.0
hat,0,1.6,1.0
bass,0,1.18,1.0
bass,0,0.6,1.0
hat,6,1.6,1.0
harp,6,0.67,1.0
bass,0,0.67,1.0
harp,0,1.34,1.0
basedrum,0,1.0,1.0
snare,0,0.7,0.7
harp,0,1.0,1.0
bass,0,1.34,1.0
bass,0,1.0,1.0
basedrum,0,1.6,1.0
bass,0,0.67,0.5
bass,12,0.67,1.0
harp,0,1.0,1.0
basedrum,0,1.6,0.7
bass,0,1.34,1.0
bass,0,1.0,1.0
hat,0,0.63,1.0
harp,12,0.8,1.0
harp,0,1.0,1.0
basedrum,0,1.0,1.0
snare,0,0.7,0.7
harp,12,0.67,1.0
bass,0,0.8,1.0
hat,0,0.63,1.0
bass,0,1.0,1.0
harp,6,0.8,1.0
harp,6,0.76,1.0
harp,0,0.9,1.0
bass,0,0.76,1.0
basedrum,0,1.0,1.0
hat,0,0.63,0.7
bass,0,0.9,1.0
basedrum,0,1.6,1.0
harp,12,1.0,1.0
basedrum,0,1.6,0.7
harp,0,0.8,1.0
bass,0,2.0,1.0
hat,0,0.63,0.4
harp,12,0.8,1.0
harp,0,0.6,1.0
bass,0,0.6,1.0
harp,0,1.18,1.0
basedrum,0,1.0,1.0
snare,0,0.7,0.7
harp,0,1.0,1.0
bass,0,0.8,1.0
bass,0,1.78,1.0
harp,12,1.34,1.0
basedrum,0,1.0,1.0
hat,0,0.63,0.7
harp,0,1.0,1.0
bass,0,0.76,1.0
bass,0,1.6,1.0
hat,0,1.6,1.0
hat,6,1.6,1.0
harp,6,0.67,1.0
bass,0,0.67,1.0
harp,0,1.0,1.0
basedrum,0,1.0,1.0
harp,0,0.8,1.0
bass,0,1.34,1.0
bass,0,1.0,1.0
basedrum,0,1.6,1.0
bass,12,0.67,1.0
harp,0,1.0,1.0
basedrum,0,1.6,0.7
bass,0,1.34,1.0
bass,0,1.0,1.0
hat,0,0.63,1.0
harp,12,0.8,1.0
harp,0,1.0,1.0
basedrum,0,1.0,1.0
snare,0,0.7,0.7
harp,0,0.67,1.0
harp,12,0.67,1.0
bass,0,0.8,1.0
harp,0,1.34,1.0
hat,0,0.63,1.0
harp,0,1.0,1.0
bass,0,1.0,1.0
harp,0,0.8,1.0
harp,6,0.8,1.0
harp,6,0.9,1.0
harp,0,1.18,1.0
bass,0,0.9,1.0
basedrum,0,1.0,1.0
hat,0,0.63,0.7
bass,0,1.18,1.0
basedrum,0,1.6,1.0
harp,12,0.9,1.0
basedrum,0,1.6,0.7
bass,0,1.6,1.0
hat,0,0.63,0.4
harp,12,0.76,1.0
harp,0,0.9,1.0
bass,0,0.76,1.0
harp,0,1.5,1.0
basedrum,0,1.0,1.0
snare,0,0.7,0.7
harp,0,1.18,1.0
bass,0,0.9,1.0
bass,0,1.78,1.0
harp,12,1.18,1.0
basedrum,0,1.0,1.0
hat,0,0.63,0.7
bass,0,0.76,1.0
bass,0,1.5,1.0
hat,0,1.6,1.0
hat,6,1.6,1.0
harp,6,0.67,1.0
bass,0,0.67,1.0
harp,0,1.34,1.0
basedrum,0,1.0,1.0
harp,0,1.6,1.0
bass,0,1.34,1.0
bass,0,1.0,1.0
harp,0,1.0,1.0
basedrum,0,1.6,1.0
bass,12,0.67,1.0
harp,0,1.0,1.0
basedrum,0,1.6,0.7
bass,0,1.34,1.0
bass,0,1.0,1.0
hat,0,0.63,1.0
harp,12,0.8,1.0
harp,0,1.0,1.0
basedrum,0,1.0,1.0
snare,0,0.7,0.7
harp,0,1.34,1.0
harp,12,0.67,1.0
bass,0,0.8,1.0
hat,0,0.63,1.0
harp,0,1.6,1.0
bass,0,1.0,1.0
harp,6,0.8,1.0
harp,6,0.76,1.0
harp,0,0.9,1.0
bass,0,0.76,1.0
basedrum,0,1.0,1.0
hat,0,0.63,0.7
harp,0,1.5,1.0
bass,0,0.9,1.0
basedrum,0,1.6,1.0
harp,12,1.0,1.0
basedrum,0,1.6,0.7
bass,0,2.0,1.0
harp,0,0.8,1.0
hat,0,0.63,0.4
harp,12,0.8,1.0
harp,0,0.6,1.0
bass,0,0.6,1.0
harp,0,1.18,1.0
basedrum,0,1.0,1.0
snare,0,0.7,0.7
bass,0,0.8,1.0
bass,0,1.78,1.0
harp,0,1.0,1.0
basedrum,12,1.0,1.0
hat,0,0.63,0.7
harp,0,1.5,1.0
bass,0,0.76,1.0
bass,0,1.6,1.0
harp,0,1.0,1.0
hat,0,1.6,1.0
hat,6,1.6,1.0
harp,6,0.67,1.0
bass,0,0.67,1.0
harp,0,1.0,1.0
basedrum,0,1.0,1.0
harp,0,1.34,1.0
bass,0,1.34,1.0
bass,0,1.0,1.0
harp,0,0.8,1.0
basedrum,0,1.6,1.0
bass,12,0.67,1.0
basedrum,0,1.6,0.7
harp,0,1.0,1.0
bass,0,1.34,1.0
bass,0,1.0,1.0
hat,0,0.63,1.0
harp,12,0.8,1.0
harp,0,1.0,1.0
basedrum,0,1.0,1.0
snare,0,0.7,0.7
harp,0,0.67,1.0
harp,12,0.67,1.0
bass,0,0.8,1.0
harp,0,1.34,1.0
hat,0,0.63,1.0
harp,0,0.8,1.0
bass,0,1.0,1.0
harp,0,1.0,1.0
harp,6,0.8,1.0
harp,6,0.9,1.0
harp,0,1.18,1.0
bass,0,0.9,1.0
harp,0,0.76,1.0
basedrum,0,1.0,1.0
hat,0,0.63,0.7
harp,0,1.5,1.0
bass,0,1.18,1.0
basedrum,0,1.6,1.0
basedrum,12,1.6,0.7
harp,0,1.5,1.0
bass,0,1.6,1.0
hat,0,0.63,0.4
harp,12,0.76,1.0
harp,0,0.9,1.0
bass,0,0.76,1.0
harp,0,1.18,1.0
basedrum,0,1.0,1.0
snare,0,0.7,0.7
harp,0,0.6,1.0
bass,0,0.9,1.0
bass,0,1.78,1.0
harp,12,1.18,1.0
basedrum,0,1.0,1.0
hat,0,0.63,0.7
bass,0,0.76,1.0
bass,0,1.5,1.0
hat,0,1.6,1.0
hat,6,1.6,1.0
harp,6,0.67,1.0
bass,0,0.67,1.0
harp,0,1.34,1.0
basedrum,0,1.0,1.0
snare,0,0.7,0.7
harp,0,1.0,1.0
bass,0,1.34,1.0
bass,0,1.0,1.0
harp,0,1.6,1.0
basedrum,0,1.6,1.0
bass,12,0.67,1.0
harp,0,1.0,1.0
basedrum,0,1.6,0.7
harp,0,1.34,1.0
bass,0,1.34,1.0
bass,0,1.0,1.0
hat,0,0.63,1.0
harp,12,0.8,1.0
harp,0,1.0,1.0
basedrum,0,1.0,1.0
snare,0,0.7,0.7
harp,12,0.67,1.0
bass,0,0.8,1.0
hat,0,0.63,1.0
bass,0,1.0,1.0
harp,6,0.8,1.0
harp,6,0.76,1.0
harp,0,0.9,1.0
bass,0,0.76,1.0
basedrum,0,1.0,1.0
hat,0,0.63,0.7
bass,0,0.9,1.0
basedrum,0,1.6,1.0
harp,12,1.0,1.0
basedrum,0,1.6,0.7
harp,0,0.8,1.0
bass,0,2.0,1.0
harp,0,1.34,1.0
hat,0,0.63,0.4
harp,12,0.8,1.0
harp,0,0.6,1.0
bass,0,0.6,1.0
harp,0,1.18,1.0
basedrum,0,1.0,1.0
snare,0,0.7,0.7
harp,0,1.0,1.0
bass,0,0.8,1.0
bass,0,1.78,1.0
harp,0,1.5,1.0
harp,12,1.34,1.0
basedrum,0,1.0,1.0
hat,0,0.63,0.7
harp,0,1.0,1.0
bass,0,0.76,1.0
bass,0,1.6,1.0
harp,0,1.6,1.0
hat,0,1.6,1.0
hat,6,1.6,1.0
harp,6,0.67,1.0
bass,0,0.67,1.0
harp,0,1.0,1.0
basedrum,0,1.0,1.0
harp,0,0.8,1.0
bass,0,1.34,1.0
bass,0,1.0,1.0
harp,0,1.34,1.0
basedrum,0,1.6,1.0
bass,12,0.67,1.0
harp,0,1.0,1.0
basedrum,0,1.6,0.7
bass,0,1.34,1.0
bass,0,1.0,1.0
harp,0,1.34,1.0
hat,0,0.63,1.0
harp,12,0.8,1.0
harp,0,1.0,1.0
basedrum,0,1.0,1.0
snare,0,0.7,0.7
harp,0,0.67,1.0
harp,12,0.67,1.0
bass,0,0.8,1.0
harp,0,1.6,1.0
harp,0,1.34,1.0
hat,0,0.63,1.0
harp,0,1.0,1.0
bass,0,1.0,1.0
harp,0,0.8,1.0
harp,6,0.8,1.0
harp,6,0.9,1.0
harp,0,1.18,1.0
bass,0,0.9,1.0
harp,0,1.5,1.0
basedrum,0,1.0,1.0
hat,0,0.63,0.7
bass,0,1.18,1.0
basedrum,0,1.6,1.0
harp,12,0.9,1.0
basedrum,0,1.6,0.7
bass,0,1.6,1.0
hat,0,0.63,0.4
harp,12,0.76,1.0
harp,0,0.9,1.0
bass,0,0.76,1.0
harp,0,1.5,1.0
basedrum,0,1.0,1.0
snare,0,0.7,0.7
harp,0,1.18,1.0
bass,0,0.9,1.0
bass,0,1.78,1.0
harp,0,1.78,1.0
harp,12,1.18,1.0
basedrum,0,1.0,1.0
hat,0,0.63,0.7
bass,0,0.76,1.0
bass,0,1.5,1.0
harp,0,1.5,1.0
hat,0,1.6,1.0
hat,6,1.6,1.0
harp,6,0.67,1.0
bass,0,0.67,1.0
harp,0,1.34,1.0
basedrum,0,1.0,1.0
harp,0,1.6,1.0
bass,0,1.34,1.0
bass,0,1.0,1.0
harp,0,1.0,1.0
basedrum,0,1.6,1.0
bass,12,0.67,1.0
harp,0,1.0,1.0
basedrum,0,1.6,0.7
bass,0,1.34,1.0
bass,0,1.0,1.0
hat,0,0.63,1.0
harp,12,0.8,1.0
harp,0,1.0,1.0
basedrum,0,1.0,1.0
snare,0,0.7,0.7
harp,0,1.34,1.0
harp,0,1.6,1.0
harp,12,0.67,1.0
bass,0,0.8,1.0
hat,0,0.63,1.0
harp,0,1.6,1.0
bass,0,1.0,1.0
harp,0,2.0,1.0
harp,6,0.8,1.0
harp,6,0.76,1.0
harp,0,0.9,1.0
bass,0,0.76,1.0
basedrum,0,1.0,1.0
hat,0,0.63,0.7
harp,0,1.5,1.0
bass,0,0.9,1.0
harp,0,1.78,1.0
basedrum,0,1.6,1.0
harp,12,1.0,1.0
basedrum,0,1.6,0.7
harp,0,1.18,1.0
bass,0,2.0,1.0
harp,0,0.8,1.0
hat,0,0.63,0.4
harp,12,0.8,1.0
harp,0,0.6,1.0
bass,0,0.6,1.0
harp,0,1.18,1.0
basedrum,0,1.0,1.0
snare,0,0.7,0.7
harp,0,1.5,1.0
bass,0,0.8,1.0
bass,0,1.78,1.0
harp,0,1.0,1.0
harp,12,1.78,1.0
basedrum,0,1.0,1.0
hat,0,0.63,0.7
harp,0,1.5,1.0
bass,0,0.76,1.0
bass,0,1.6,1.0
harp,0,1.0,1.0
hat,0,1.6,1.0
hat,6,1.6,1.0
harp,6,0.67,1.0
bass,0,0.67,1.0
harp,0,1.6,1.0
harp,0,1.0,1.0
basedrum,0,1.0,1.0
harp,0,1.34,1.0
bass,0,1.34,1.0
bass,0,1.0,1.0
harp,0,0.8,1.0
basedrum,0,1.6,1.0
bass,12,0.67,1.0
basedrum,0,1.6,0.7
harp,0,1.0,1.0
bass,0,1.34,1.0
bass,0,1.0,1.0
hat,0,0.63,1.0
harp,12,0.8,1.0
harp,0,1.0,1.0
basedrum,0,1.0,1.0
snare,0,0.7,0.7
harp,0,0.67,1.0
harp,12,0.67,1.0
bass,0,0.8,1.0
harp,0,1.6,1.0
harp,0,1.34,1.0
hat,0,0.63,1.0
harp,0,0.8,1.0
bass,0,1.0,1.0
harp,0,1.0,1.0
harp,6,0.8,1.0
harp,6,0.9,1.0
harp,0,1.18,1.0
bass,0,0.9,1.0
harp,0,1.78,1.0
harp,0,0.76,1.0
basedrum,0,1.0,1.0
hat,0,0.63,0.7
harp,0,1.5,1.0
bass,0,1.18,1.0
basedrum,0,1.6,1.0
basedrum,12,1.6,0.7
harp,0,1.5,1.0
bass,0,1.6,1.0
hat,0,0.63,0.4
harp,12,0.76,1.0
harp,0,0.9,1.0
bass,0,0.76,1.0
harp,0,1.5,1.0
harp,0,1.18,1.0
basedrum,0,1.0,1.0
snare,0,0.7,0.7
harp,0,0.6,1.0
bass,0,0.9,1.0
bass,0,1.78,1.0
harp,12,1.18,1.0
basedrum,0,1.0,1.0
hat,0,0.63,0.7
bass,0,0.76,1.0
bass,0,1.5,1.0
hat,0,1.6,1.0
hat,6,1.6,1.0
harp,6,0.67,1.0
bass,0,0.67,1.0
harp,0,1.34,1.0
basedrum,0,1.0,1.0
harp,0,1.0,1.0
bass,0,1.34,1.0
bass,0,1.0,1.0
basedrum,0,1.6,1.0
harp,6,1.34,0.6
harp,0,1.0,0.4
harp,0,0.67,0.4
harp,6,1.34,0.6
harp,0,1.0,0.2
harp,0,0.67,0.2
harp,6,1.34,0.6
harp,0,1.0,0.7
harp,0,0.67,0.7
harp,6,1.34,0.7
harp,0,1.0,0.6
harp,0,0.67,0.6
harp,6,1.34,0.6
harp,0,1.0,0.5
harp,0,0.67,0.5
harp,6,1.34,0.5
harp,0,1.0,0.4
harp,0,0.67,0.4
harp,6,1.34,0.4
harp,0,1.0,0.3
harp,0,0.67,0.3
