hat,0,2.0,1.0
hat,0,0.5,1.0
hat,0,2.0,1.0
hat,4,1.88,1.0
hat,4,2.0,1.0
hat,4,1.88,1.0
hat,0,1.88,1.0
hat,4,2.0,1.0
hat,0,2.0,1.0
hat,4,1.88,1.0
hat,4,2.0,1.0
hat,0,0.5,1.0
hat,4,1.88,1.0
hat,4,2.0,1.0
hat,4,1.88,1.0
hat,4,2.0,1.0
hat,4,1.88,1.0
hat,4,2.0,1.0
hat,0,2.0,1.0
hat,0,0.5,0.5
hat,4,1.88,1.0
hat,4,2.0,1.0
hat,4,1.88,1.0
hat,0,1.88,1.0
hat,4,2.0,1.0
hat,0,0.5,1.0
hat,0,2.0,1.0
hat,4,1.88,1.0
hat,4,2.0,1.0
hat,4,1.88,1.0
hat,0,1.88,1.0
hat,4,2.0,1.0
hat,0,2.0,1.0
hat,4,1.88,1.0
hat,4,2.0,1.0
hat,0,0.5,1.0
hat,4,1.88,1.0
hat,0,1.88,1.0
hat,4,2.0,1.0
hat,0,2.0,1.0
hat,4,1.88,1.0
hat,4,2.0,1.0
hat,4,1.88,1.0
hat,0,1.88,1.0
hat,4,2.0,1.0
hat,0,2.0,1.0
hat,0,0.5,0.5
hat,4,1.88,1.0
harp,4,0.5,1.0
hat,0,2.0,1.0
harp,4,0.53,1.0
hat,0,1.88,1.0
hat,0,1.88,1.0
harp,4,0.56,1.0
harp,0,0.56,1.0
harp,0,0.5,1.0
harp,0,0.56,1.0
harp,0,0.56,1.0
harp,0,0.5,1.0
hat,0,2.0,1.0
hat,0,0.5,1.0
hat,0,2.0,1.0
hat,4,1.88,1.0
hat,4,2.0,1.0
hat,4,1.88,1.0
hat,0,1.88,1.0
hat,4,2.0,1.0
hat,0,2.0,1.0
hat,4,1.88,1.0
hat,4,2.0,1.0
hat,0,0.5,1.0
harp,0,0.56,0.3
harp,0,0.56,0.3
harp,0,0.5,0.1
harp,0,0.56,0.1
harp,0,0.56,0.2
harp,0,0.5,0.5
hat,4,1.88,1.0
hat,0,1.88,1.0
harp,4,0.67,1.0
harp,0,0.67,1.0
harp,0,0.63,1.0
harp,0,0.67,1.0
harp,0,0.67,1.0
harp,0,0.63,1.0
hat,0,2.0,1.0
hat,0,2.0,1.0
hat,4,1.88,1.0
hat,4,2.0,1.0
hat,4,1.88,1.0
hat,0,1.88,1.0
hat,4,2.0,1.0
hat,0,2.0,1.0
hat,0,0.5,0.5
harp,0,0.56,0.5
harp,0,0.56,0.5
harp,0,0.5,0.5
harp,0,0.56,0.5
harp,0,0.56,0.5
harp,0,0.5,0.5
hat,4,1.88,1.0
hat,4,2.0,1.0
harp,0,0.67,0.3
harp,0,0.67,0.3
harp,0,0.63,0.1
harp,0,0.67,0.1
harp,0,0.67,0.2
harp,0,0.63,0.5
hat,4,1.88,1.0
hat,0,1.88,1.0
harp,4,0.63,1.0
harp,0,0.63,1.0
harp,0,0.56,1.0
harp,0,0.63,1.0
harp,0,0.63,1.0
harp,0,0.56,1.0
hat,0,2.0,1.0
hat,0,0.5,1.0
hat,0,2.0,1.0
hat,4,1.88,1.0
hat,4,2.0,1.0
hat,4,1.88,1.0
hat,0,1.88,1.0
hat,4,2.0,1.0
hat,0,2.0,1.0
harp,0,0.67,0.5
harp,0,0.67,0.5
harp,0,0.63,0.5
harp,0,0.67,0.5
harp,0,0.67,0.5
harp,0,0.63,0.5
hat,4,1.88,1.0
hat,4,2.0,1.0
hat,0,0.5,1.0
harp,0,0.63,0.3
harp,0,0.63,0.3
harp,0,0.56,0.1
harp,0,0.63,0.1
harp,0,0.63,0.2
harp,0,0.56,0.5
hat,4,1.88,1.0
hat,0,1.88,1.0
hat,4,2.0,1.0
hat,0,2.0,1.0
hat,4,1.88,1.0
harp,4,0.6,1.0
harp,0,0.6,1.0
harp,0,0.56,1.0
harp,0,0.6,1.0
harp,0,0.6,1.0
harp,0,0.56,1.0
hat,0,2.0,1.0
hat,4,1.88,1.0
hat,0,1.88,1.0
hat,4,2.0,1.0
hat,0,2.0,1.0
hat,0,0.5,0.5
harp,0,0.63,0.5
harp,0,0.63,0.5
harp,0,0.56,0.5
harp,0,0.63,0.5
harp,0,0.63,0.5
harp,0,0.56,0.5
hat,4,1.88,1.0
hat,4,2.0,1.0
hat,4,1.88,1.0
hat,0,1.88,1.0
harp,4,0.56,1.0
harp,0,0.56,1.0
harp,0,0.5,1.0
harp,0,0.56,1.0
harp,0,0.56,1.0
harp,0,0.5,1.0
hat,0,0.5,1.0
hat,0,2.0,1.0
hat,0,2.0,1.0
harp,0,0.6,0.3
harp,0,0.6,0.3
harp,0,0.56,0.1
harp,0,0.6,0.1
harp,0,0.6,0.2
harp,0,0.56,0.5
hat,4,1.88,1.0
hat,4,2.0,1.0
hat,4,1.88,1.0
hat,0,1.88,1.0
hat,4,2.0,1.0
hat,0,2.0,1.0
hat,4,1.88,1.0
hat,4,0.5,1.0
hat,0,2.0,1.0
harp,0,0.56,0.3
harp,0,0.56,0.3
harp,0,0.5,0.1
harp,0,0.56,0.1
harp,0,0.56,0.2
harp,0,0.5,0.5
harp,0,0.6,0.5
harp,0,0.6,0.5
harp,0,0.56,0.5
harp,0,0.6,0.5
harp,0,0.6,0.5
harp,0,0.56,0.5
hat,4,1.88,1.0
hat,0,1.88,1.0
hat,4,2.0,1.0
hat,0,2.0,1.0
hat,4,1.88,1.0
harp,4,0.56,1.0
harp,0,0.56,1.0
harp,0,0.5,1.0
harp,0,0.56,1.0
harp,0,0.56,1.0
harp,0,0.5,1.0
hat,0,2.0,1.0
hat,4,1.88,1.0
hat,0,1.88,1.0
harp,4,0.53,1.0
harp,0,0.53,1.0
harp,0,0.5,1.0
harp,0,0.53,1.0
harp,0,0.53,1.0
harp,0,0.5,1.0
hat,0,2.0,1.0
hat,0,0.5,1.0
hat,0,2.0,0.5
harp,0,0.56,0.5
harp,0,0.56,0.5
harp,0,0.5,0.5
harp,0,0.56,0.5
harp,0,0.56,0.5
harp,0,0.5,0.5
hat,4,1.88,1.0
hat,4,2.0,1.0
hat,4,1.88,1.0
hat,0,1.88,1.0
harp,4,0.5,1.0
harp,0,0.5,1.0
harp,0,0.5,1.0
harp,0,0.5,1.0
hat,0,2.0,1.0
hat,0,0.5,1.0
hat,0,2.0,1.0
harp,0,0.56,0.3
harp,0,0.56,0.3
harp,0,0.5,0.1
harp,0,0.56,0.1
harp,0,0.56,0.2
harp,0,0.5,0.5
hat,4,1.88,1.0
hat,4,2.0,1.0
harp,0,0.53,0.3
harp,0,0.53,0.3
harp,0,0.5,0.1
harp,0,0.53,0.1
harp,0,0.53,0.2
harp,0,0.5,0.5
hat,4,1.88,1.0
hat,0,1.88,1.0
hat,4,2.0,1.0
hat,0,2.0,1.0
hat,4,1.88,1.0
hat,4,2.0,1.0
hat,0,0.5,1.0
harp,0,0.5,0.3
harp,0,0.5,0.3
harp,0,0.5,0.1
harp,0,0.5,0.2
harp,0,0.56,0.5
harp,0,0.56,0.5
harp,0,0.5,0.5
harp,0,0.56,0.5
harp,0,0.56,0.5
harp,0,0.5,0.5
hat,4,1.88,1.0
hat,0,1.88,1.0
hat,4,2.0,1.0
hat,0,2.0,1.0
harp,0,0.53,0.5
harp,0,0.53,0.5
harp,0,0.5,0.5
harp,0,0.53,0.5
harp,0,0.53,0.5
harp,0,0.5,0.5
hat,4,1.88,1.0
harp,4,0.63,1.0
harp,0,0.63,1.0
harp,0,0.56,1.0
harp,0,0.63,1.0
harp,0,0.63,1.0
harp,0,0.56,1.0
hat,0,2.0,1.0
hat,4,1.88,1.0
hat,0,1.88,1.0
hat,4,2.0,1.0
hat,0,2.0,1.0
hat,0,0.5,0.5
harp,0,0.5,0.5
harp,0,0.5,0.5
harp,0,0.5,0.5
harp,0,0.5,0.5
hat,4,1.88,1.0
hat,4,2.0,1.0
hat,4,1.88,1.0
hat,0,1.88,1.0
harp,4,0.67,1.0
harp,0,0.67,1.0
harp,0,0.63,1.0
harp,0,0.67,1.0
harp,0,0.67,1.0
harp,0,0.63,1.0
hat,0,2.0,1.0
hat,0,0.5,1.0
hat,0,2.0,1.0
harp,0,0.63,0.3
harp,0,0.63,0.3
harp,0,0.56,0.1
harp,0,0.63,0.1
harp,0,0.63,0.2
harp,0,0.56,0.5
hat,4,1.88,1.0
hat,4,2.0,1.0
hat,4,1.88,1.0
hat,0,1.88,1.0
hat,4,2.0,1.0
hat,0,2.0,1.0
hat,4,1.88,1.0
hat,4,2.0,1.0
hat,0,0.5,1.0
harp,0,0.67,0.3
harp,0,0.67,0.3
harp,0,0.63,0.1
harp,0,0.67,0.1
harp,0,0.67,0.2
harp,0,0.63,0.5
harp,0,0.63,0.5
harp,0,0.63,0.5
harp,0,0.56,0.5
harp,0,0.63,0.5
harp,0,0.63,0.5
harp,0,0.56,0.5
hat,4,1.88,1.0
hat,0,1.88,1.0
harp,4,0.9,1.0
harp,0,0.9,1.0
harp,0,0.84,1.0
harp,0,0.9,1.0
harp,0,0.9,1.0
harp,0,0.84,1.0
hat,0,2.0,1.0
hat,0,2.0,1.0
hat,4,1.88,1.0
hat,4,2.0,1.0
hat,4,1.88,1.0
hat,0,1.88,1.0
hat,4,2.0,1.0
hat,0,2.0,1.0
hat,0,0.5,0.5
harp,0,0.67,0.5
harp,0,0.67,0.5
harp,0,0.63,0.5
harp,0,0.67,0.5
harp,0,0.67,0.5
harp,0,0.63,0.5
hat,4,1.88,1.0
hat,4,2.0,1.0
harp,0,0.9,0.3
harp,0,0.9,0.3
harp,0,0.84,0.1
harp,0,0.9,0.1
harp,0,0.9,0.2
harp,0,0.84,0.5
hat,4,1.88,1.0
hat,0,1.88,1.0
harp,4,0.84,1.0
harp,0,0.84,1.0
harp,0,0.76,1.0
harp,0,0.84,1.0
harp,0,0.84,1.0
harp,0,0.76,1.0
hat,0,2.0,1.0
hat,0,0.5,1.0
hat,0,2.0,1.0
hat,4,1.88,1.0
hat,4,2.0,1.0
hat,4,1.88,1.0
hat,0,1.88,1.0
hat,4,2.0,1.0
hat,0,2.0,1.0
harp,0,0.9,0.5
harp,0,0.9,0.5
harp,0,0.84,0.5
harp,0,0.9,0.5
harp,0,0.9,0.5
harp,0,0.84,0.5
hat,4,1.88,1.0
hat,4,2.0,1.0
hat,0,0.5,1.0
harp,0,0.84,0.3
harp,0,0.84,0.3
harp,0,0.76,0.1
harp,0,0.84,0.1
harp,0,0.84,0.2
harp,0,0.76,0.5
hat,4,1.88,1.0
hat,0,1.88,1.0
hat,4,2.0,1.0
hat,0,2.0,1.0
hat,4,1.88,1.0
harp,4,0.5,1.0
harp,0,0.5,1.0
harp,0,0.5,1.0
harp,0,0.5,1.0
hat,0,2.0,1.0
hat,4,1.88,1.0
hat,0,1.88,1.0
hat,4,2.0,1.0
hat,0,2.0,1.0
hat,0,0.5,0.5
harp,0,0.84,0.5
harp,0,0.84,0.5
harp,0,0.76,0.5
harp,0,0.84,0.5
harp,0,0.84,0.5
harp,0,0.76,0.5
hat,4,1.88,1.0
hat,4,2.0,1.0
hat,4,1.88,1.0
hat,0,1.88,1.0
harp,4,0.53,1.0
harp,0,0.53,1.0
harp,0,0.5,1.0
harp,0,0.53,1.0
harp,0,0.53,1.0
harp,0,0.5,1.0
hat,0,0.5,1.0
hat,0,2.0,1.0
hat,0,2.0,1.0
harp,0,0.5,0.3
harp,0,0.5,0.3
harp,0,0.5,0.1
harp,0,0.5,0.2
hat,4,1.88,1.0
hat,4,2.0,1.0
hat,4,1.88,1.0
hat,0,1.88,1.0
hat,4,2.0,1.0
hat,0,2.0,1.0
hat,4,1.88,1.0
hat,4,0.5,1.0
hat,0,2.0,1.0
harp,0,0.53,0.3
harp,0,0.53,0.3
harp,0,0.5,0.1
harp,0,0.53,0.1
harp,0,0.53,0.2
harp,0,0.5,0.5
harp,0,0.5,0.5
harp,0,0.5,0.5
harp,0,0.5,0.5
harp,0,0.5,0.5
hat,4,1.88,1.0
hat,0,1.88,1.0
harp,4,0.63,1.0
harp,0,0.63,1.0
harp,0,0.56,1.0
harp,0,0.63,1.0
harp,0,0.63,1.0
harp,0,0.56,1.0
hat,0,2.0,1.0
hat,0,2.0,1.0
hat,4,1.88,1.0
hat,4,2.0,1.0
hat,4,1.88,1.0
hat,0,1.88,1.0
hat,4,2.0,1.0
hat,0,0.5,1.0
hat,0,2.0,0.5
harp,0,0.53,0.5
harp,0,0.53,0.5
harp,0,0.5,0.5
harp,0,0.53,0.5
harp,0,0.53,0.5
harp,0,0.5,0.5
hat,4,1.88,1.0
hat,4,2.0,1.0
harp,0,0.63,0.3
harp,0,0.63,0.3
harp,0,0.56,0.1
harp,0,0.63,0.1
harp,0,0.63,0.2
harp,0,0.56,0.5
hat,4,1.88,1.0
hat,0,1.88,1.0
harp,4,0.56,1.0
harp,0,0.56,1.0
harp,0,0.5,1.0
harp,0,0.56,1.0
harp,0,0.56,1.0
harp,0,0.5,1.0
basedrum,0,0.5,1.0
basedrum,0,0.5,1.0
basedrum,0,0.5,1.0
hat,0,2.0,1.0
hat,0,0.5,1.0
hat,0,1.18,1.0
hat,0,2.0,1.0
hat,4,1.12,1.0
hat,0,1.88,1.0
hat,4,1.06,1.0
hat,0,2.0,1.0
hat,4,1.88,1.0
hat,0,1.12,1.0
hat,0,1.88,1.0
basedrum,4,0.5,1.0
basedrum,0,0.5,1.0
hat,0,2.0,1.0
hat,0,1.18,1.0
hat,0,2.0,1.0
harp,0,0.63,0.5
harp,0,0.63,0.5
harp,0,0.56,0.5
harp,0,0.63,0.5
harp,0,0.63,0.5
harp,0,0.56,0.5
hat,4,1.12,1.0
hat,0,1.88,1.0
basedrum,4,0.5,1.0
basedrum,0,0.5,1.0
hat,0,0.5,1.0
hat,0,1.06,1.0
hat,0,2.0,1.0
hat,0,0.5,1.0
hat,0,1.18,1.0
harp,0,0.56,0.3
harp,0,0.56,0.3
harp,0,0.5,0.1
harp,0,0.56,0.1
harp,0,0.56,0.2
harp,0,0.5,0.5
hat,4,1.88,1.0
hat,0,1.12,1.0
hat,0,1.12,1.0
hat,0,1.88,1.0
hat,4,1.18,1.0
hat,0,2.0,1.0
hat,0,0.84,1.0
hat,0,1.06,1.0
hat,0,2.0,1.0
hat,4,1.12,1.0
hat,0,0.8,1.0
hat,0,1.88,1.0
hat,0,1.12,1.0
basedrum,4,0.5,1.0
hat,0,1.06,1.0
hat,0,0.76,1.0
hat,0,2.0,1.0
hat,0,1.18,1.0
hat,4,0.8,1.0
hat,0,1.88,1.0
hat,0,1.12,1.0
hat,0,1.12,1.0
hat,0,1.88,1.0
basedrum,4,0.5,1.0
hat,0,0.5,1.0
hat,0,1.18,1.0
hat,0,2.0,1.0
hat,0,0.84,1.0
hat,0,0.5,1.0
hat,0,1.06,1.0
hat,0,2.0,1.0
hat,0,0.5,0.5
hat,0,1.18,0.5
harp,0,0.56,0.5
harp,0,0.56,0.5
harp,0,0.5,0.5
harp,0,0.56,0.5
harp,0,0.56,0.5
harp,0,0.5,0.5
hat,4,0.8,1.0
hat,0,1.12,1.0
hat,0,1.88,1.0
hat,0,1.12,1.0
hat,0,1.12,1.0
hat,4,0.76,1.0
hat,0,1.06,1.0
hat,0,1.18,1.0
hat,0,2.0,1.0
hat,0,0.84,1.0
hat,0,1.06,1.0
hat,4,1.12,1.0
hat,0,1.88,1.0
hat,0,0.8,1.0
hat,0,1.12,1.0
hat,0,0.8,1.0
hat,0,1.88,1.0
hat,0,1.12,0.5
snare,4,0.7,0.5
snare,4,0.67,0.5
snare,4,0.7,0.5
snare,0,0.7,0.5
snare,4,0.67,0.5
snare,0,0.67,0.5
snare,4,0.7,0.5
snare,0,0.7,0.5
snare,0,0.7,0.5
snare,4,0.67,0.5
snare,0,0.67,0.5
snare,0,0.67,0.5
snare,4,0.7,0.5
snare,0,0.7,0.5
snare,0,0.7,0.5
snare,0,0.7,0.5
snare,4,0.67,0.5
snare,0,0.67,0.5
snare,0,0.67,0.5
snare,0,0.67,0.5
harp,4,1.68,1.0
harp,0,1.12,1.0
harp,0,0.84,1.0
harp,0,0.56,1.0
harp,0,1.68,1.0
harp,0,1.12,1.0
harp,0,0.84,1.0
harp,0,0.56,1.0
snare,0,0.5,1.0
snare,0,0.5,1.0
snare,0,0.5,1.0
basedrum,0,0.5,1.0
basedrum,0,0.5,1.0
hat,0,2.0,1.0
hat,0,0.5,1.0
harp,8,1.68,0.5
harp,0,1.78,0.5
hat,4,1.88,1.0
hat,4,2.0,1.0
hat,8,2.0,1.0
hat,0,0.5,1.0
basedrum,0,0.5,0.5
basedrum,0,0.5,0.2
snare,0,0.5,0.2
snare,0,0.5,0.5
snare,0,0.5,0.5
harp,0,1.68,0.5
harp,0,1.12,0.2
harp,0,0.84,0.2
harp,0,0.56,0.2
harp,0,1.68,0.2
harp,0,1.12,0.2
harp,0,0.84,0.2
harp,0,0.56,0.2
harp,0,1.78,0.5
harp,0,1.68,0.5
hat,4,1.88,1.0
basedrum,4,0.5,1.0
hat,0,2.0,1.0
harp,0,1.68,0.2
harp,0,1.78,0.2
hat,4,1.88,1.0
hat,4,2.0,1.0
harp,0,1.78,0.5
harp,0,1.68,0.5
hat,4,1.88,1.0
hat,4,2.0,1.0
hat,0,2.0,1.0
hat,0,0.5,0.5
harp,0,1.78,0.2
harp,0,1.68,0.2
snare,0,0.5,0.2
snare,0,0.5,0.2
snare,0,0.5,0.6
harp,0,1.68,0.2
harp,0,1.12,0.5
harp,0,0.84,0.5
harp,0,0.56,0.5
harp,0,1.68,0.5
harp,0,1.12,0.5
harp,0,0.84,0.5
harp,0,0.56,0.5
hat,4,1.88,1.0
hat,4,2.0,1.0
basedrum,0,0.5,0.5
harp,0,1.68,0.5
harp,0,1.78,0.5
hat,4,1.88,1.0
hat,0,1.88,1.0
basedrum,4,0.5,1.0
hat,0,2.0,1.0
hat,0,0.5,1.0
hat,0,2.0,1.0
harp,0,1.78,0.2
harp,0,1.68,0.2
hat,4,1.88,1.0
hat,4,2.0,1.0
snare,0,0.5,0.6
snare,0,0.5,0.6
snare,0,0.5,0.3
harp,0,1.78,0.5
harp,0,1.68,0.5
hat,4,1.88,1.0
hat,0,1.88,1.0
hat,4,2.0,1.0
hat,0,2.0,1.0
harp,0,1.68,0.2
harp,0,1.78,0.2
hat,4,1.88,1.0
hat,4,2.0,1.0
hat,0,0.5,1.0
basedrum,0,0.5,0.5
harp,0,1.68,0.5
harp,0,1.78,0.5
hat,4,1.88,1.0
hat,0,1.88,1.0
harp,4,1.42,1.0
harp,0,1.26,1.0
harp,0,0.76,1.0
harp,0,0.5,1.0
harp,0,1.0,1.0
harp,0,1.5,1.0
harp,0,1.42,1.0
harp,0,1.26,1.0
harp,0,0.76,1.0
harp,0,0.5,1.0
harp,0,1.0,1.0
harp,0,1.5,1.0
basedrum,0,0.5,1.0
hat,0,2.0,1.0
hat,0,2.0,1.0
harp,0,1.78,0.2
harp,0,1.68,0.2
hat,4,1.88,1.0
hat,4,2.0,1.0
harp,0,1.5,0.5
harp,0,1.42,0.5
hat,4,1.88,1.0
hat,0,1.88,1.0
hat,4,2.0,1.0
hat,0,2.0,1.0
hat,0,0.5,0.5
harp,0,1.68,0.2
harp,0,1.78,0.2
hat,4,1.88,1.0
hat,4,2.0,1.0
basedrum,0,0.5,0.5
harp,0,1.42,0.5
harp,0,1.26,0.2
harp,0,0.76,0.2
harp,0,0.5,0.2
harp,0,1.0,0.2
harp,0,1.5,0.2
harp,0,1.42,0.2
harp,0,1.26,0.2
harp,0,0.76,0.2
harp,0,0.5,0.2
harp,0,1.0,0.2
harp,0,1.5,0.2
harp,0,1.42,0.5
harp,0,1.5,0.5
hat,4,1.88,1.0
hat,0,1.88,1.0
harp,4,1.68,1.0
harp,0,1.12,1.0
harp,0,0.84,1.0
harp,0,0.56,1.0
harp,0,1.68,1.0
harp,0,1.12,1.0
harp,0,0.84,1.0
harp,0,0.56,1.0
snare,0,0.5,1.0
snare,0,0.5,1.0
snare,0,0.5,1.0
basedrum,0,0.5,1.0
hat,0,2.0,1.0
hat,0,0.5,1.0
hat,0,2.0,1.0
harp,0,1.5,0.2
harp,0,1.42,0.2
hat,4,1.88,1.0
hat,4,2.0,1.0
harp,0,1.78,0.5
harp,0,1.68,0.5
hat,4,1.88,1.0
hat,0,1.88,1.0
hat,4,2.0,1.0
hat,0,2.0,1.0
harp,0,1.42,0.2
harp,0,1.5,0.2
harp,0,1.42,0.2
harp,0,1.26,0.5
harp,0,0.76,0.5
harp,0,0.5,0.5
harp,0,1.0,0.5
harp,0,1.5,0.5
harp,0,1.42,0.5
harp,0,1.26,0.5
harp,0,0.76,0.5
harp,0,0.5,0.5
harp,0,1.0,0.5
harp,0,1.5,0.5
hat,4,1.88,1.0
hat,4,2.0,1.0
hat,0,0.5,1.0
basedrum,0,0.5,0.5
snare,0,0.5,0.2
snare,0,0.5,0.5
snare,0,0.5,0.5
harp,0,1.68,0.5
harp,0,1.12,0.2
harp,0,0.84,0.2
harp,0,0.56,0.2
harp,0,1.68,0.2
harp,0,1.12,0.2
harp,0,0.84,0.2
harp,0,0.56,0.2
harp,0,1.68,0.5
harp,0,1.78,0.5
hat,4,1.88,1.0
hat,0,1.88,1.0
basedrum,4,0.5,1.0
hat,0,2.0,1.0
hat,0,2.0,1.0
harp,0,1.78,0.2
harp,0,1.68,0.2
hat,4,1.88,1.0
hat,4,2.0,1.0
harp,0,1.78,0.5
harp,0,1.68,0.5
hat,4,1.88,1.0
hat,0,1.88,1.0
hat,4,2.0,1.0
hat,0,2.0,1.0
hat,0,0.5,0.5
harp,0,1.68,0.2
harp,0,1.78,0.2
snare,0,0.5,0.2
snare,0,0.5,0.2
snare,0,0.5,0.6
harp,0,1.68,0.2
harp,0,1.12,0.5
harp,0,0.84,0.5
harp,0,0.56,0.5
harp,0,1.68,0.5
harp,0,1.12,0.5
harp,0,0.84,0.5
harp,0,0.56,0.5
hat,4,1.88,1.0
hat,4,2.0,1.0
basedrum,0,0.5,0.5
harp,0,1.68,0.5
harp,0,1.78,0.5
hat,4,1.88,1.0
hat,0,1.88,1.0
basedrum,4,0.5,1.0
basedrum,0,0.5,1.0
hat,0,2.0,1.0
hat,0,0.5,1.0
hat,0,2.0,1.0
harp,0,1.78,0.2
harp,0,1.68,0.2
hat,4,1.88,1.0
hat,4,2.0,1.0
snare,0,0.5,0.6
snare,0,0.5,0.6
snare,0,0.5,0.3
harp,0,1.78,0.5
harp,0,1.68,0.5
hat,4,1.88,1.0
hat,0,1.88,1.0
hat,4,2.0,1.0
hat,0,2.0,1.0
harp,0,1.68,0.2
harp,0,1.78,0.2
hat,4,1.88,1.0
hat,4,2.0,1.0
hat,0,0.5,1.0
basedrum,0,0.5,0.5
basedrum,0,0.5,0.2
harp,0,1.78,0.5
harp,0,1.68,0.5
hat,4,1.88,1.0
hat,0,1.88,1.0
harp,4,1.26,1.0
harp,0,0.76,1.0
harp,0,0.5,1.0
harp,0,1.0,1.0
harp,0,2.0,1.0
harp,0,1.88,1.0
harp,0,1.26,1.0
harp,0,0.76,1.0
harp,0,0.5,1.0
harp,0,1.0,1.0
harp,0,2.0,1.0
harp,0,1.88,1.0
basedrum,0,0.5,1.0
hat,0,2.0,1.0
hat,0,2.0,1.0
harp,0,1.78,0.2
harp,0,1.68,0.2
hat,4,1.88,1.0
hat,4,2.0,1.0
harp,0,2.0,0.5
harp,0,1.88,0.5
hat,4,1.88,1.0
hat,0,1.88,1.0
hat,4,2.0,1.0
hat,0,2.0,1.0
hat,0,0.5,0.5
harp,0,1.78,0.2
harp,0,1.68,0.2
hat,4,1.88,1.0
hat,4,2.0,1.0
basedrum,0,0.5,0.5
harp,0,1.26,0.5
harp,0,0.76,0.2
harp,0,0.5,0.2
harp,0,1.0,0.2
harp,0,2.0,0.2
harp,0,1.88,0.2
harp,0,1.26,0.2
harp,0,0.76,0.2
harp,0,0.5,0.2
harp,0,1.0,0.2
harp,0,2.0,0.2
harp,0,1.88,0.2
harp,0,1.88,0.5
harp,0,2.0,0.5
hat,4,1.88,1.0
hat,0,1.88,1.0
harp,4,1.12,1.0
harp,0,1.12,1.0
harp,0,1.12,1.0
harp,0,1.12,1.0
harp,0,1.68,1.0
harp,0,0.84,1.0
harp,0,1.26,1.0
harp,0,0.63,1.0
harp,0,1.68,1.0
harp,0,0.84,1.0
harp,0,1.26,1.0
harp,0,0.63,1.0
snare,0,0.5,1.0
snare,0,0.5,1.0
snare,0,0.5,1.0
basedrum,0,0.5,1.0
basedrum,0,0.5,1.0
hat,0,2.0,1.0
hat,0,0.5,1.0
hat,0,2.0,1.0
harp,0,2.0,0.2
harp,0,1.88,0.2
hat,4,1.88,1.0
hat,4,2.0,1.0
harp,0,1.78,0.5
harp,0,1.68,0.5
hat,4,1.88,1.0
hat,0,1.88,1.0
harp,4,1.34,1.0
harp,0,1.34,1.0
harp,0,1.34,1.0
harp,0,1.34,1.0
hat,0,2.0,1.0
hat,0,2.0,1.0
harp,0,1.88,0.2
harp,0,2.0,0.2
harp,0,1.26,0.2
harp,0,0.76,0.5
harp,0,0.5,0.5
harp,0,1.0,0.5
harp,0,2.0,0.5
harp,0,1.88,0.5
harp,0,1.26,0.5
harp,0,0.76,0.5
harp,0,0.5,0.5
harp,0,1.0,0.5
harp,0,2.0,0.5
harp,0,1.88,0.5
hat,4,1.88,1.0
hat,4,2.0,1.0
hat,0,0.5,1.0
basedrum,0,0.5,0.5
basedrum,0,0.5,0.2
snare,0,0.5,0.2
snare,0,0.5,0.5
snare,0,0.5,0.5
harp,0,1.68,0.5
harp,0,0.84,0.2
harp,0,1.26,0.2
harp,0,0.63,0.2
harp,0,1.68,0.2
harp,0,0.84,0.2
harp,0,1.26,0.2
harp,0,0.63,0.2
harp,0,1.12,0.5
harp,0,1.12,0.2
harp,0,1.12,0.2
harp,0,1.12,0.2
harp,0,1.78,0.5
harp,0,1.68,0.5
hat,4,1.88,1.0
hat,0,1.88,1.0
harp,4,1.12,1.0
harp,0,1.26,1.0
harp,0,1.12,1.0
harp,0,1.26,1.0
harp,0,1.12,1.0
harp,0,1.26,1.0
basedrum,0,0.5,1.0
hat,0,2.0,1.0
hat,0,2.0,1.0
harp,0,1.78,0.2
harp,0,1.68,0.2
hat,4,1.88,1.0
hat,4,2.0,1.0
harp,0,1.34,0.5
harp,0,1.34,0.2
harp,0,1.34,0.2
harp,0,1.34,0.2
harp,0,1.78,0.5
harp,0,1.68,0.5
hat,4,1.88,1.0
hat,0,1.88,1.0
hat,4,2.0,1.0
hat,0,2.0,1.0
hat,0,0.5,0.5
harp,0,1.78,0.2
harp,0,1.68,0.2
snare,0,0.5,0.2
snare,0,0.5,0.2
snare,0,0.5,0.6
harp,0,1.68,0.2
harp,0,0.84,0.5
harp,0,1.26,0.5
harp,0,0.63,0.5
harp,0,1.68,0.5
harp,0,0.84,0.5
harp,0,1.26,0.5
harp,0,0.63,0.5
harp,0,1.12,0.2
harp,0,1.12,0.2
harp,0,1.12,0.2
harp,0,1.12,0.3
hat,4,1.88,1.0
hat,4,2.0,1.0
basedrum,0,0.5,0.5
harp,0,1.12,0.5
harp,0,1.26,0.2
harp,0,1.12,0.2
harp,0,1.26,0.2
harp,0,1.12,0.2
harp,0,1.26,0.2
harp,0,1.78,0.5
harp,0,1.68,0.5
hat,4,1.88,1.0
hat,0,1.88,1.0
harp,4,1.12,1.0
harp,0,1.12,1.0
harp,0,1.12,1.0
harp,0,1.12,1.0
harp,0,1.42,1.0
harp,0,1.26,1.0
harp,0,0.76,1.0
harp,0,0.5,1.0
harp,0,1.0,1.0
harp,0,1.5,1.0
harp,0,1.42,1.0
harp,0,1.26,1.0
harp,0,0.76,1.0
harp,0,0.5,1.0
harp,0,1.0,1.0
harp,0,1.5,1.0
basedrum,0,0.5,1.0
hat,0,2.0,1.0
hat,0,0.5,1.0
hat,0,2.0,1.0
harp,0,1.78,0.2
harp,0,1.68,0.2
harp,0,1.34,0.2
harp,0,1.34,0.2
harp,0,1.34,0.2
harp,0,1.34,0.3
hat,4,1.88,1.0
hat,4,2.0,1.0
snare,0,0.5,0.6
snare,0,0.5,0.6
snare,0,0.5,0.3
harp,0,1.42,0.5
harp,0,1.5,0.5
hat,4,1.88,1.0
hat,0,1.88,1.0
harp,4,1.34,1.0
harp,0,1.34,1.0
harp,0,1.34,1.0
harp,0,1.34,1.0
hat,0,2.0,1.0
hat,0,2.0,1.0
harp,0,1.78,0.2
harp,0,1.68,0.2
harp,0,1.12,0.2
harp,0,1.26,0.2
harp,0,1.12,0.2
harp,0,1.26,0.3
harp,0,1.12,0.2
harp,0,1.26,0.2
hat,4,1.88,1.0
hat,4,2.0,1.0
hat,0,0.5,1.0
basedrum,0,0.5,0.5
harp,0,1.42,0.5
harp,0,1.26,0.2
harp,0,0.76,0.2
harp,0,0.5,0.2
harp,0,1.0,0.2
harp,0,1.5,0.2
harp,0,1.42,0.2
harp,0,1.26,0.2
harp,0,0.76,0.2
harp,0,0.5,0.2
harp,0,1.0,0.2
harp,0,1.5,0.2
harp,0,1.12,0.5
harp,0,1.12,0.2
harp,0,1.12,0.2
harp,0,1.12,0.2
harp,0,1.42,0.5
harp,0,1.5,0.5
hat,4,1.88,1.0
hat,0,1.88,1.0
harp,4,1.12,1.0
harp,0,1.26,1.0
harp,0,1.12,1.0
harp,0,1.26,1.0
harp,0,1.12,1.0
harp,0,1.26,1.0
basedrum,0,0.5,1.0
hat,0,2.0,1.0
hat,0,2.0,1.0
harp,0,1.42,0.2
harp,0,1.5,0.2
hat,4,1.88,1.0
hat,4,2.0,1.0
harp,0,1.34,0.5
harp,0,1.34,0.2
harp,0,1.34,0.2
harp,0,1.34,0.2
harp,0,1.42,0.5
harp,0,1.5,0.5
hat,4,1.88,1.0
hat,0,1.88,1.0
hat,4,2.0,1.0
hat,0,2.0,1.0
hat,0,0.5,0.5
harp,0,1.42,0.2
harp,0,1.5,0.2
harp,0,1.42,0.2
harp,0,1.26,0.5
harp,0,0.76,0.5
harp,0,0.5,0.5
harp,0,1.0,0.5
harp,0,1.5,0.5
harp,0,1.42,0.5
harp,0,1.26,0.5
harp,0,0.76,0.5
harp,0,0.5,0.5
harp,0,1.0,0.5
harp,0,1.5,0.5
harp,0,1.12,0.2
harp,0,1.12,0.2
harp,0,1.12,0.2
harp,0,1.12,0.3
hat,4,1.88,1.0
hat,4,2.0,1.0
basedrum,0,0.5,0.5
harp,0,1.12,0.5
harp,0,1.26,0.2
harp,0,1.12,0.2
harp,0,1.26,0.2
harp,0,1.12,0.2
harp,0,1.26,0.2
harp,0,1.42,0.5
harp,0,1.5,0.5
hat,4,1.88,1.0
hat,0,1.88,1.0
harp,4,1.12,1.0
harp,0,1.12,1.0
harp,0,1.12,1.0
harp,0,1.12,1.0
harp,0,1.68,1.0
harp,0,0.84,1.0
harp,0,1.26,1.0
harp,0,0.63,1.0
harp,0,1.68,1.0
harp,0,0.84,1.0
harp,0,1.26,1.0
harp,0,0.63,1.0
snare,0,0.5,1.0
snare,0,0.5,1.0
snare,0,0.5,1.0
basedrum,0,0.5,1.0
hat,0,2.0,1.0
hat,0,0.5,1.0
hat,0,2.0,1.0
harp,0,1.42,0.2
harp,0,1.5,0.2
harp,0,1.34,0.2
harp,0,1.34,0.2
harp,0,1.34,0.2
harp,0,1.34,0.3
hat,4,1.88,1.0
hat,4,2.0,1.0
harp,0,1.78,0.5
harp,0,1.68,0.5
hat,4,1.88,1.0
hat,0,1.88,1.0
harp,4,1.34,1.0
harp,0,1.34,1.0
harp,0,1.34,1.0
harp,0,1.34,1.0
hat,0,2.0,1.0
hat,0,2.0,1.0
harp,0,1.42,0.2
harp,0,1.5,0.2
harp,0,1.12,0.2
harp,0,1.26,0.2
harp,0,1.12,0.2
harp,0,1.26,0.3
harp,0,1.12,0.2
harp,0,1.26,0.2
hat,4,1.88,1.0
hat,4,2.0,1.0
hat,0,0.5,1.0
basedrum,0,0.5,0.5
snare,0,0.5,0.2
snare,0,0.5,0.5
snare,0,0.5,0.5
harp,0,1.68,0.5
harp,0,0.84,0.2
harp,0,1.26,0.2
harp,0,0.63,0.2
harp,0,1.68,0.2
harp,0,0.84,0.2
harp,0,1.26,0.2
harp,0,0.63,0.2
harp,0,1.12,0.5
harp,0,1.12,0.2
harp,0,1.12,0.2
harp,0,1.12,0.2
harp,0,1.78,0.5
harp,0,1.68,0.5
hat,4,1.88,1.0
hat,0,1.88,1.0
harp,4,1.12,1.0
harp,0,1.26,1.0
harp,0,1.12,1.0
harp,0,1.26,1.0
harp,0,1.12,1.0
harp,0,1.26,1.0
basedrum,0,0.5,1.0
hat,0,2.0,1.0
hat,0,2.0,1.0
harp,0,1.78,0.2
harp,0,1.68,0.2
hat,4,1.88,1.0
hat,4,2.0,1.0
harp,0,1.34,0.5
harp,0,1.34,0.2
harp,0,1.34,0.2
harp,0,1.34,0.2
harp,0,1.78,0.5
harp,0,1.68,0.5
hat,4,1.88,1.0
hat,0,1.88,1.0
hat,4,2.0,1.0
hat,0,2.0,1.0
hat,0,0.5,0.5
harp,0,1.78,0.2
harp,0,1.68,0.2
snare,0,0.5,0.2
snare,0,0.5,0.2
snare,0,0.5,0.6
harp,0,1.68,0.2
harp,0,0.84,0.5
harp,0,1.26,0.5
harp,0,0.63,0.5
harp,0,1.68,0.5
harp,0,0.84,0.5
harp,0,1.26,0.5
harp,0,0.63,0.5
harp,0,1.12,0.2
harp,0,1.12,0.2
harp,0,1.12,0.2
harp,0,1.12,0.3
hat,4,1.88,1.0
hat,4,2.0,1.0
basedrum,0,0.5,0.5
harp,0,1.12,0.5
harp,0,1.26,0.2
harp,0,1.12,0.2
harp,0,1.26,0.2
harp,0,1.12,0.2
harp,0,1.26,0.2
harp,0,1.78,0.5
harp,0,1.68,0.5
hat,4,1.88,1.0
hat,0,1.88,1.0
harp,4,1.12,1.0
harp,0,1.12,1.0
harp,0,1.12,1.0
harp,0,1.12,1.0
harp,0,1.26,1.0
harp,0,0.76,1.0
harp,0,0.5,1.0
harp,0,1.0,1.0
harp,0,2.0,1.0
harp,0,1.88,1.0
harp,0,1.26,1.0
harp,0,0.76,1.0
harp,0,0.5,1.0
harp,0,1.0,1.0
harp,0,2.0,1.0
harp,0,1.88,1.0
basedrum,0,0.5,1.0
basedrum,0,0.5,1.0
hat,0,2.0,1.0
hat,0,0.5,1.0
hat,0,2.0,1.0
harp,0,1.78,0.2
harp,0,1.68,0.2
harp,0,1.34,0.2
harp,0,1.34,0.2
harp,0,1.34,0.2
harp,0,1.34,0.3
hat,4,1.88,1.0
hat,4,2.0,1.0
snare,0,0.5,0.6
snare,0,0.5,0.6
snare,0,0.5,0.3
harp,0,1.88,0.5
harp,0,2.0,0.5
hat,4,1.88,1.0
hat,0,1.88,1.0
harp,4,1.34,1.0
harp,0,1.34,1.0
harp,0,1.34,1.0
harp,0,1.34,1.0
hat,0,2.0,1.0
hat,0,2.0,1.0
harp,0,1.78,0.2
harp,0,1.68,0.2
harp,0,1.12,0.2
harp,0,1.26,0.2
harp,0,1.12,0.2
harp,0,1.26,0.3
harp,0,1.12,0.2
harp,0,1.26,0.2
hat,4,1.88,1.0
hat,4,2.0,1.0
hat,0,0.5,1.0
basedrum,0,0.5,0.5
basedrum,0,0.5,0.2
harp,0,1.26,0.5
harp,0,0.76,0.2
harp,0,0.5,0.2
harp,0,1.0,0.2
harp,0,2.0,0.2
harp,0,1.88,0.2
harp,0,1.26,0.2
harp,0,0.76,0.2
harp,0,0.5,0.2
harp,0,1.0,0.2
harp,0,2.0,0.2
harp,0,1.88,0.2
harp,0,1.12,0.5
harp,0,1.12,0.2
harp,0,1.12,0.2
harp,0,1.12,0.2
harp,0,1.88,0.5
harp,0,2.0,0.5
hat,4,1.88,1.0
hat,0,1.88,1.0
harp,4,1.26,1.0
harp,0,1.26,1.0
harp,0,1.26,1.0
harp,0,1.26,1.0
basedrum,0,0.5,1.0
hat,0,2.0,1.0
hat,0,2.0,1.0
harp,0,1.88,0.2
harp,0,2.0,0.2
snare,0,0.7,0.5
hat,4,1.88,1.0
snare,0,0.67,0.5
hat,4,2.0,1.0
snare,0,0.7,0.5
snare,0,0.7,0.5
harp,0,1.34,0.5
harp,0,1.34,0.2
harp,0,1.34,0.2
harp,0,1.34,0.2
harp,0,2.0,0.5
harp,0,1.88,0.5
hat,4,1.88,1.0
hat,0,1.88,1.0
snare,0,0.67,0.5
snare,0,0.67,0.5
harp,4,1.18,1.0
harp,0,1.18,1.0
harp,0,1.18,1.0
harp,0,1.18,1.0
hat,0,2.0,1.0
hat,0,2.0,1.0
hat,0,0.5,0.5
harp,0,1.88,0.2
harp,0,2.0,0.2
snare,0,0.7,0.5
snare,0,0.7,0.5
snare,0,0.7,0.5
harp,0,1.26,0.2
harp,0,0.76,0.5
harp,0,0.5,0.5
harp,0,1.0,0.5
harp,0,2.0,0.5
harp,0,1.88,0.5
harp,0,1.26,0.5
harp,0,0.76,0.5
harp,0,0.5,0.5
harp,0,1.0,0.5
harp,0,2.0,0.5
harp,0,1.88,0.5
harp,0,1.12,0.2
harp,0,1.12,0.2
harp,0,1.12,0.2
harp,0,1.12,0.3
hat,4,1.88,1.0
snare,0,0.67,0.5
snare,0,0.67,0.5
snare,0,0.67,0.5
hat,4,2.0,1.0
basedrum,0,0.5,0.5
snare,0,0.7,0.5
snare,0,0.7,0.5
snare,0,0.7,0.5
snare,0,0.7,0.5
harp,0,1.26,0.5
harp,0,1.26,0.2
harp,0,1.26,0.2
harp,0,1.26,0.2
harp,0,2.0,0.5
harp,0,1.88,0.5
hat,4,1.88,1.0
hat,0,1.88,1.0
snare,0,0.67,0.5
snare,0,0.67,0.5
snare,0,0.67,0.5
snare,0,0.67,0.5
harp,4,0.84,1.0
harp,0,1.12,1.0
harp,0,1.12,1.0
harp,0,1.12,1.0
harp,0,1.12,1.0
harp,0,0.84,1.0
basedrum,0,0.5,1.0
basedrum,0,0.5,1.0
basedrum,0,0.5,1.0
basedrum,0,0.5,1.0
snare,0,0.5,1.0
snare,0,0.5,1.0
snare,0,0.5,1.0
harp,8,1.68,1.0
harp,0,0.56,1.0
harp,8,0.53,1.0
harp,8,1.68,1.0
harp,0,0.56,1.0
basedrum,0,0.5,1.0
basedrum,0,0.5,1.0
basedrum,0,0.5,1.0
snare,0,0.5,0.2
snare,0,0.5,0.5
snare,0,0.5,0.5
harp,0,0.84,0.5
harp,0,1.12,0.5
harp,0,1.12,0.5
harp,0,1.12,0.5
harp,0,1.12,0.5
harp,0,0.84,0.2
harp,8,1.0,1.0
harp,0,1.34,1.0
harp,0,1.34,1.0
harp,0,1.34,1.0
harp,0,1.34,1.0
harp,0,1.0,1.0
harp,0,0.56,0.2
harp,0,1.68,0.5
harp,8,1.68,1.0
harp,0,0.56,1.0
harp,0,0.53,0.2
harp,8,0.53,1.0
basedrum,0,0.5,1.0
basedrum,0,0.5,1.0
snare,0,0.5,0.2
snare,0,0.5,0.2
snare,0,0.5,0.6
harp,0,0.56,0.2
harp,0,1.68,0.5
harp,0,0.84,0.2
harp,0,1.12,0.2
harp,0,1.12,0.2
harp,0,1.12,0.5
harp,0,1.12,0.5
harp,0,0.84,0.5
harp,8,1.68,1.0
harp,0,0.56,1.0
harp,0,1.0,0.5
harp,0,1.34,0.5
harp,0,1.34,0.5
harp,0,1.34,0.5
harp,0,1.34,0.5
harp,0,1.0,0.2
harp,0,0.56,0.2
harp,0,1.68,0.2
harp,8,0.9,1.0
harp,0,1.26,1.0
harp,0,1.26,1.0
harp,0,1.26,1.0
harp,0,1.26,1.0
harp,0,0.9,1.0
harp,0,0.56,0.2
harp,0,1.68,0.5
harp,0,0.53,0.2
harp,8,1.68,1.0
harp,0,0.56,1.0
basedrum,0,0.5,1.0
snare,0,0.5,0.6
snare,0,0.5,0.6
snare,0,0.5,0.3
harp,0,0.53,0.2
harp,0,0.56,0.2
harp,0,1.68,0.2
harp,8,0.53,1.0
harp,0,0.56,0.2
harp,0,1.68,0.5
harp,0,1.0,0.2
harp,0,1.34,0.2
harp,0,1.34,0.2
harp,0,1.34,0.5
harp,0,1.34,0.5
harp,0,1.0,0.5
harp,8,1.68,1.0
harp,0,0.56,1.0
harp,0,0.9,0.5
harp,0,1.26,0.5
harp,0,1.26,0.5
harp,0,1.26,0.5
harp,0,1.26,0.5
harp,0,0.9,0.2
harp,0,0.56,0.2
harp,0,1.68,0.2
snare,8,0.5,0.6
snare,0,0.5,0.3
harp,0,0.56,0.2
harp,0,1.68,0.5
harp,0,0.53,0.2
harp,8,1.68,1.0
harp,0,0.9,1.0
harp,0,1.18,1.0
harp,0,1.18,1.0
harp,0,1.18,1.0
harp,0,1.18,1.0
harp,0,0.9,1.0
harp,0,0.53,0.2
harp,0,0.56,0.2
harp,0,1.68,0.2
harp,8,0.56,1.0
harp,0,0.56,0.2
harp,0,1.68,0.5
harp,0,0.9,0.2
harp,0,1.26,0.2
harp,0,1.26,0.2
harp,0,1.26,0.5
harp,0,1.26,0.5
harp,0,0.9,0.5
harp,8,1.68,1.0
harp,0,0.53,1.0
snare,0,0.5,0.3
harp,0,0.56,0.2
harp,0,1.68,0.2
harp,8,0.84,1.0
harp,0,1.12,1.0
harp,0,1.12,1.0
harp,0,1.12,1.0
harp,0,1.12,1.0
harp,0,0.84,1.0
basedrum,0,0.5,1.0
basedrum,0,0.5,1.0
basedrum,0,0.5,1.0
basedrum,0,0.5,1.0
snare,0,0.5,1.0
snare,0,0.5,1.0
snare,0,0.5,1.0
harp,0,1.68,0.5
harp,0,0.9,0.5
harp,0,1.18,0.5
harp,0,1.18,0.5
harp,0,1.18,0.5
harp,0,1.18,0.5
harp,0,0.9,0.2
harp,0,0.53,0.2
harp,8,1.68,1.0
harp,0,0.56,1.0
harp,0,0.56,0.2
harp,0,0.56,0.2
harp,0,1.68,0.2
harp,8,0.53,1.0
harp,0,0.53,0.2
harp,0,1.68,0.5
harp,8,1.68,1.0
harp,0,0.56,1.0
basedrum,0,0.5,1.0
basedrum,0,0.5,1.0
basedrum,0,0.5,1.0
snare,0,0.5,0.2
snare,0,0.5,0.5
snare,0,0.5,0.5
harp,0,0.84,0.5
harp,0,1.12,0.5
harp,0,1.12,0.5
harp,0,1.12,0.5
harp,0,1.12,0.5
harp,0,0.84,0.2
harp,0,1.68,0.2
harp,0,0.9,0.2
harp,0,1.18,0.2
harp,0,1.18,0.2
harp,0,1.18,0.5
harp,0,1.18,0.5
harp,0,0.9,0.5
harp,8,0.53,1.0
harp,0,0.56,0.2
harp,0,1.68,0.5
harp,0,0.56,0.2
harp,8,1.68,1.0
harp,0,0.9,1.0
harp,0,1.12,1.0
harp,0,1.12,1.0
harp,0,1.12,1.0
harp,0,1.12,1.0
harp,0,0.9,1.0
harp,0,0.53,0.2
harp,0,0.53,0.2
harp,0,1.68,0.2
harp,8,0.84,1.0
harp,0,1.06,1.0
harp,0,1.06,1.0
harp,0,1.06,1.0
harp,0,1.06,1.0
harp,0,0.84,1.0
basedrum,0,0.5,1.0
basedrum,0,0.5,1.0
snare,0,0.5,0.2
snare,0,0.5,0.2
snare,0,0.5,0.6
harp,0,0.56,0.2
harp,0,1.68,0.5
harp,0,0.84,0.2
harp,0,1.12,0.2
harp,0,1.12,0.2
harp,0,1.12,0.5
harp,0,1.12,0.5
harp,0,0.84,0.5
harp,8,1.68,1.0
harp,0,0.56,1.0
harp,0,0.53,0.2
harp,0,0.56,0.2
harp,0,1.68,0.2
harp,8,0.76,1.0
harp,0,1.0,1.0
harp,0,1.0,1.0
harp,0,1.0,1.0
harp,0,1.0,1.0
harp,0,0.76,1.0
harp,0,1.68,0.5
harp,0,0.9,0.5
harp,0,1.12,0.5
harp,0,1.12,0.5
harp,0,1.12,0.5
harp,0,1.12,0.5
harp,0,0.9,0.2
harp,0,0.53,0.2
harp,8,1.68,1.0
harp,0,0.56,1.0
basedrum,0,0.5,1.0
snare,0,0.5,0.6
snare,0,0.5,0.6
snare,0,0.5,0.3
harp,0,0.84,0.5
harp,0,1.06,0.5
harp,0,1.06,0.5
harp,0,1.06,0.5
harp,0,1.06,0.5
harp,0,0.84,0.2
harp,0,0.56,0.2
harp,0,1.68,0.2
harp,8,0.53,1.0
harp,0,0.56,0.2
harp,0,1.68,0.5
harp,0,0.53,0.2
harp,8,1.68,1.0
harp,0,0.56,1.0
harp,0,0.76,0.5
harp,0,1.0,0.5
harp,0,1.0,0.5
harp,0,1.0,0.5
harp,0,1.0,0.5
harp,0,0.76,0.2
harp,0,1.68,0.2
harp,0,0.9,0.2
harp,0,1.12,0.2
harp,0,1.12,0.2
harp,0,1.12,0.5
harp,0,1.12,0.5
harp,0,0.9,0.5
harp,8,0.53,1.0
snare,0,0.5,0.6
snare,0,0.5,0.3
harp,0,0.56,0.2
harp,0,1.68,0.5
harp,0,0.84,0.2
harp,0,1.06,0.2
harp,0,1.06,0.2
harp,0,1.06,0.5
harp,0,1.06,0.5
harp,0,0.84,0.5
harp,8,1.68,1.0
harp,0,0.9,1.0
harp,0,1.26,1.0
harp,0,1.26,1.0
harp,0,1.26,1.0
harp,0,1.26,1.0
harp,0,0.9,1.0
harp,0,0.53,0.2
harp,0,0.56,0.2
harp,0,1.68,0.2
harp,8,0.56,1.0
harp,0,0.56,0.2
harp,0,1.68,0.5
harp,0,0.76,0.2
harp,0,1.0,0.2
harp,0,1.0,0.2
harp,0,1.0,0.5
harp,0,1.0,0.5
harp,0,0.76,0.5
harp,8,1.68,1.0
harp,0,0.53,1.0
snare,0,0.5,0.3
harp,0,0.53,0.2
harp,0,0.56,0.2
harp,0,1.68,0.2
harp,8,1.34,1.0
harp,0,1.34,1.0
harp,0,1.34,1.0
harp,0,1.34,1.0
harp,0,1.0,1.0
harp,0,1.0,1.0
harp,0,0.56,1.0
basedrum,0,0.5,1.0
basedrum,0,0.5,1.0
basedrum,0,0.5,1.0
basedrum,0,0.5,1.0
snare,0,0.5,1.0
snare,0,0.5,1.0
snare,0,0.5,1.0
harp,0,1.68,0.5
harp,0,0.9,0.5
harp,0,1.26,0.5
harp,0,1.26,0.5
harp,0,1.26,0.5
harp,0,1.26,0.5
harp,0,0.9,0.2
harp,0,0.53,0.2
harp,8,1.68,1.0
harp,0,0.53,1.0
harp,0,0.56,0.2
harp,0,0.56,0.2
harp,0,1.68,0.2
harp,8,0.56,1.0
harp,0,0.53,0.2
harp,0,1.68,0.5
harp,0,0.53,0.2
harp,8,1.68,1.0
basedrum,0,0.5,1.0
basedrum,0,0.5,1.0
basedrum,0,0.5,1.0
snare,0,0.5,0.2
snare,0,0.5,0.5
snare,0,0.5,0.5
harp,0,0.56,0.2
harp,0,1.34,0.5
harp,0,1.34,0.5
harp,0,1.34,0.5
harp,0,1.34,0.5
harp,0,1.0,0.5
harp,0,1.0,0.2
harp,0,1.68,0.2
harp,0,0.9,0.2
harp,0,1.26,0.2
harp,0,1.26,0.2
harp,0,1.26,0.5
harp,0,1.26,0.5
harp,0,0.9,0.5
harp,8,1.34,1.0
harp,0,1.78,1.0
harp,0,1.78,1.0
harp,0,1.78,1.0
harp,0,1.78,1.0
harp,0,1.34,1.0
harp,0,0.56,1.0
harp,0,0.53,0.2
harp,0,1.68,0.5
harp,0,0.56,0.2
harp,8,1.68,1.0
harp,0,0.53,1.0
harp,0,0.56,0.2
harp,0,0.53,0.2
harp,0,1.68,0.2
harp,8,0.56,1.0
basedrum,0,0.5,1.0
basedrum,0,0.5,1.0
snare,0,0.5,0.2
snare,0,0.5,0.2
snare,0,0.5,0.6
harp,0,1.68,0.5
harp,0,0.56,0.2
harp,0,1.34,0.2
harp,0,1.34,0.2
harp,0,1.34,0.2
harp,0,1.34,0.5
harp,0,1.0,0.5
harp,0,1.0,0.5
harp,8,1.68,1.0
harp,0,0.56,0.2
harp,0,1.34,0.5
harp,0,1.78,0.5
harp,0,1.78,0.5
harp,0,1.78,0.5
harp,0,1.78,0.5
harp,0,1.34,0.2
harp,0,0.53,0.2
harp,0,1.68,0.2
harp,8,1.68,1.0
harp,0,1.68,1.0
harp,0,1.68,1.0
harp,0,1.26,1.0
harp,0,1.26,1.0
harp,0,0.56,1.0
harp,0,0.53,0.2
harp,0,1.68,0.5
harp,0,0.56,0.2
harp,8,1.68,1.0
harp,0,0.53,1.0
basedrum,0,0.5,1.0
snare,0,0.5,0.6
snare,0,0.5,0.6
snare,0,0.5,0.3
harp,0,0.56,0.2
harp,0,1.68,0.2
harp,8,0.56,1.0
harp,0,1.68,0.5
harp,0,0.56,0.2
harp,0,1.34,0.2
harp,0,1.78,0.2
harp,0,1.78,0.2
harp,0,1.78,0.5
harp,0,1.78,0.5
harp,0,1.34,0.5
harp,8,1.68,1.0
harp,0,0.56,0.2
harp,0,1.68,0.5
harp,0,1.68,0.5
harp,0,1.68,0.5
harp,0,1.26,0.5
harp,0,1.26,0.5
harp,0,0.53,0.2
harp,0,1.68,0.2
harp,8,1.0,1.0
harp,0,1.0,1.0
harp,0,1.0,1.0
harp,0,1.0,1.0
harp,0,0.76,1.0
harp,0,0.76,1.0
snare,0,0.5,0.6
snare,0,0.5,0.3
harp,0,0.53,0.2
harp,0,1.68,0.5
harp,0,0.56,0.2
harp,8,1.68,1.0
harp,0,0.56,1.0
harp,0,0.56,0.2
harp,0,1.68,0.2
harp,8,0.53,1.0
harp,0,1.68,0.5
harp,0,0.56,0.2
harp,0,1.68,0.2
harp,0,1.68,0.2
harp,0,1.68,0.2
harp,0,1.26,0.5
harp,0,1.26,0.5
harp,8,1.68,1.0
snare,0,0.5,0.3
harp,0,1.0,0.5
harp,0,1.0,0.5
harp,0,1.0,0.5
harp,0,1.0,0.5
harp,0,0.76,0.5
harp,0,0.76,0.2
harp,0,0.53,0.2
harp,0,1.68,0.2
harp,8,0.76,1.0
harp,0,0.76,1.0
harp,0,1.06,1.0
harp,0,1.06,1.0
harp,0,1.06,1.0
harp,0,1.06,1.0
harp,0,0.56,1.0
basedrum,0,0.5,1.0
basedrum,0,0.5,1.0
basedrum,0,0.5,1.0
basedrum,0,0.5,1.0
snare,0,0.5,1.0
snare,0,0.5,1.0
snare,0,0.5,1.0
harp,0,0.56,0.2
harp,0,1.68,0.5
harp,0,0.56,0.2
harp,8,1.68,1.0
harp,0,0.53,1.0
harp,0,0.53,0.2
harp,0,1.68,0.2
harp,8,0.56,1.0
harp,0,1.68,0.5
harp,0,1.0,0.2
harp,0,1.0,0.2
harp,0,1.0,0.2
harp,0,1.0,0.5
harp,0,0.76,0.5
harp,0,0.76,0.5
harp,8,1.68,1.0
harp,0,0.53,1.0
basedrum,0,0.5,1.0
basedrum,0,0.5,1.0
basedrum,0,0.5,1.0
snare,0,0.5,0.2
snare,0,0.5,0.5
snare,0,0.5,0.5
harp,0,0.56,0.2
harp,0,0.76,0.5
harp,0,0.76,0.5
harp,0,1.06,0.5
harp,0,1.06,0.5
harp,0,1.06,0.5
harp,0,1.06,0.2
harp,0,0.56,0.2
harp,0,1.68,0.2
harp,8,0.53,0.2
harp,0,1.68,0.5
harp,0,0.53,0.2
harp,8,1.68,1.0
harp,0,1.26,1.0
harp,0,1.26,1.0
harp,0,1.26,1.0
harp,0,1.26,1.0
harp,0,0.9,1.0
harp,0,0.9,1.0
harp,0,0.56,0.2
harp,0,1.68,0.2
harp,8,0.56,1.0
basedrum,0,0.5,1.0
basedrum,0,0.5,1.0
snare,0,0.5,0.2
snare,0,0.5,0.2
snare,0,0.5,0.6
harp,0,0.53,0.2
harp,0,1.68,0.5
harp,0,0.56,0.2
harp,0,0.76,0.2
harp,0,0.76,0.2
harp,0,1.06,0.2
harp,0,1.06,0.5
harp,0,1.06,0.5
harp,0,1.06,0.5
harp,8,1.68,1.0
harp,0,0.53,0.2
harp,0,1.68,0.2
harp,8,1.12,1.0
harp,0,1.12,1.0
harp,0,1.12,1.0
harp,0,1.12,1.0
harp,0,0.84,1.0
harp,0,0.84,1.0
harp,0,0.56,1.0
harp,0,1.68,0.5
harp,0,1.26,0.5
harp,0,1.26,0.5
harp,0,1.26,0.5
harp,0,1.26,0.5
harp,0,0.9,0.5
harp,0,0.9,0.2
harp,0,0.56,0.2
harp,8,0.53,1.0
basedrum,0,0.5,1.0
snare,0,0.5,0.6
snare,0,0.5,0.6
snare,0,0.5,0.3
harp,0,0.56,0.2
harp,0,0.53,0.2
harp,0,1.68,0.2
harp,8,0.56,1.0
harp,0,1.68,0.5
harp,8,0.56,0.2
harp,0,1.12,0.5
harp,0,1.12,0.5
harp,0,1.12,0.5
harp,0,1.12,0.5
harp,0,0.84,0.5
harp,0,0.84,0.2
harp,0,1.68,0.2
harp,0,1.26,0.2
harp,0,1.26,0.2
harp,0,1.26,0.2
harp,0,1.26,0.5
harp,0,0.9,0.5
harp,0,0.9,0.5
snare,8,0.5,0.6
snare,0,0.5,0.3
harp,0,0.53,0.2
harp,0,0.56,0.2
harp,8,0.56,1.0
harp,0,0.56,0.2
harp,0,1.68,0.2
harp,8,0.53,1.0
harp,0,0.56,0.2
harp,0,1.12,0.2
harp,0,1.12,0.2
harp,0,1.12,0.2
harp,0,1.12,0.5
harp,0,0.84,0.5
harp,0,0.84,0.5
snare,8,0.5,0.3
harp,0,0.53,0.2
basedrum,8,0.5,1.0
basedrum,0,0.5,1.0
basedrum,0,0.5,1.0
basedrum,0,0.5,1.0
snare,0,0.5,1.0
snare,0,0.5,1.0
snare,0,0.5,1.0
hat,0,0.5,1.0
hat,0,0.5,1.0
hat,0,0.5,1.0
hat,0,0.5,1.0
hat,0,0.5,1.0
basedrum,24,0.5,1.0
basedrum,0,0.5,1.0
basedrum,0,0.5,1.0
hat,0,0.5,1.0
hat,0,0.5,1.0
hat,0,0.5,1.0
hat,0,0.5,1.0
snare,0,0.5,0.2
snare,0,0.5,0.5
snare,0,0.5,0.5
basedrum,24,0.5,1.0
basedrum,0,0.5,1.0
hat,0,0.5,1.0
hat,0,0.5,0.5
hat,0,0.5,0.5
hat,0,0.5,0.5
snare,0,0.5,0.2
snare,0,0.5,0.2
snare,0,0.5,0.6
basedrum,24,0.5,1.0
hat,0,0.5,0.5
hat,0,0.5,0.5
hat,0,0.5,0.5
snare,0,0.5,0.6
snare,0,0.5,0.6
snare,0,0.5,0.3
hat,24,0.5,0.5
hat,0,0.5,0.5
snare,0,0.5,0.6
snare,0,0.5,0.3
hat,24,0.5,0.5
snare,0,0.5,0.3
