harp,0,0.94,1.0
harp,32,1.0,1.0
harp,32,0.94,1.0
harp,8,0.5,1.0
harp,4,0.53,1.0
harp,4,0.56,1.0
harp,8,0.6,1.0
harp,8,0.63,1.0
bass,0,0.63,1.0
bass,8,0.63,1.0
bass,8,1.26,1.0
bass,8,0.63,1.0
bass,8,0.63,1.0
bass,8,1.18,1.0
bass,8,0.63,1.0
bass,8,1.12,1.0
bass,8,0.63,1.0
bass,8,0.63,1.0
bass,8,1.5,1.0
bass,8,1.42,1.0
bass,8,0.63,1.0
bass,8,1.42,1.0
bass,8,1.12,1.0
bass,8,0.63,1.0
bass,8,0.63,1.0
bass,8,0.63,1.0
bass,8,1.26,1.0
bass,8,0.63,1.0
bass,8,0.63,1.0
bass,8,1.18,1.0
bass,8,0.63,1.0
bass,8,1.12,1.0
bass,8,0.63,1.0
bass,8,0.63,1.0
bass,8,1.5,1.0
bass,8,1.42,1.0
bass,8,0.63,1.0
bass,8,1.42,1.0
bass,8,1.12,1.0
bass,8,0.63,1.0
bass,8,0.84,1.0
bass,8,0.84,1.0
bass,8,1.68,1.0
bass,8,0.84,1.0
bass,8,0.84,1.0
bass,8,1.6,1.0
bass,8,0.84,1.0
bass,8,1.5,1.0
bass,8,0.84,1.0
bass,8,0.84,1.0
bass,8,2.0,1.0
bass,8,1.88,1.0
bass,8,0.84,1.0
bass,8,1.88,1.0
bass,8,1.5,1.0
bass,8,0.84,1.0
bass,8,0.94,1.0
bass,8,0.94,1.0
bass,8,1.88,1.0
bass,8,0.94,1.0
bass,8,0.94,1.0
bass,8,2.0,1.0
bass,8,0.94,1.0
bass,8,1.88,1.0
bass,8,0.94,1.0
bass,8,0.94,1.0
bass,8,1.88,1.0
bass,8,1.5,1.0
bass,8,0.94,1.0
bass,8,1.42,1.0
bass,8,1.12,1.0
basedrum,0,1.68,1.0
basedrum,4,1.5,1.0
bass,4,0.94,1.0
basedrum,0,1.42,1.0
basedrum,4,1.34,1.0
harp,4,0.63,1.0
bass,0,0.63,1.0
bass,0,1.26,1.0
basedrum,0,0.63,1.0
bass,8,0.63,1.0
basedrum,4,0.63,1.0
bass,4,1.26,1.0
bass,8,0.63,1.0
basedrum,0,0.63,1.0
harp,8,0.94,1.0
bass,0,0.63,1.0
bass,8,1.18,1.0
bass,8,0.63,1.0
basedrum,0,0.63,1.0
bass,8,1.12,1.0
basedrum,0,0.63,1.0
harp,8,1.0,1.0
bass,0,0.63,1.0
basedrum,0,0.63,1.0
bass,8,0.63,1.0
basedrum,4,0.63,1.0
bass,4,1.5,1.0
bass,8,1.42,1.0
basedrum,0,0.63,1.0
basedrum,4,0.63,1.0
harp,4,0.94,1.0
bass,0,0.63,1.0
bass,8,1.42,1.0
basedrum,0,0.63,1.0
bass,8,1.12,1.0
basedrum,0,0.63,1.0
bass,8,0.63,1.0
harp,8,0.7,1.0
bass,0,0.63,1.0
basedrum,0,0.63,1.0
bass,8,0.63,1.0
basedrum,4,0.63,1.0
bass,4,1.26,1.0
bass,8,0.63,1.0
basedrum,0,0.63,1.0
harp,8,0.94,1.0
bass,0,0.63,1.0
bass,8,1.18,1.0
bass,8,0.63,1.0
basedrum,0,0.63,1.0
bass,8,1.12,1.0
basedrum,0,0.63,1.0
harp,8,1.12,1.0
bass,0,0.63,1.0
basedrum,0,0.63,1.0
bass,8,0.63,1.0
basedrum,4,0.63,1.0
bass,4,1.5,1.0
bass,8,1.42,1.0
basedrum,0,0.63,1.0
basedrum,4,0.63,1.0
harp,4,1.0,1.0
bass,0,0.63,1.0
bass,8,1.42,1.0
basedrum,0,0.63,1.0
bass,8,1.12,1.0
basedrum,0,0.63,1.0
bass,8,0.63,1.0
harp,8,0.76,1.0
bass,0,0.84,1.0
basedrum,0,0.63,1.0
bass,8,0.84,1.0
basedrum,4,0.63,1.0
bass,4,1.68,1.0
bass,8,0.84,1.0
basedrum,0,0.63,1.0
harp,8,0.94,1.0
bass,0,0.84,1.0
bass,8,1.6,1.0
bass,8,0.84,1.0
basedrum,0,0.63,1.0
bass,8,1.5,1.0
basedrum,0,0.63,1.0
harp,8,1.0,1.0
bass,0,0.84,1.0
basedrum,0,0.63,1.0
bass,8,0.84,1.0
basedrum,4,0.63,1.0
bass,4,2.0,1.0
bass,8,1.88,1.0
basedrum,0,0.63,1.0
basedrum,4,0.63,1.0
harp,4,0.84,1.0
bass,0,0.84,1.0
bass,8,1.88,1.0
basedrum,0,0.63,1.0
bass,8,1.5,1.0
basedrum,0,0.63,1.0
bass,8,0.84,1.0
harp,8,0.94,1.0
bass,0,0.94,1.0
basedrum,0,0.63,1.0
bass,8,0.94,1.0
basedrum,4,0.63,1.0
bass,4,1.88,1.0
bass,8,0.94,1.0
basedrum,0,0.63,1.0
harp,8,1.5,1.0
bass,0,0.94,1.0
bass,8,2.0,1.0
harp,8,1.42,1.0
bass,0,0.94,1.0
basedrum,0,0.63,1.0
bass,8,1.88,1.0
basedrum,0,0.63,1.0
harp,8,1.12,1.0
bass,0,0.94,1.0
basedrum,0,0.63,1.0
bass,8,0.94,1.0
basedrum,4,0.63,1.0
bass,4,1.88,1.0
bass,8,1.5,1.0
basedrum,0,0.63,1.0
basedrum,4,0.63,1.0
harp,4,0.94,1.0
bass,0,0.94,1.0
bass,8,1.42,1.0
basedrum,0,0.63,1.0
bass,8,1.12,1.0
basedrum,0,0.63,1.0
bass,8,0.94,1.0
harp,8,0.63,1.0
bass,0,0.63,1.0
basedrum,0,0.63,1.0
basedrum,40,0.63,1.0
basedrum,24,0.63,1.0
basedrum,40,0.63,1.0
basedrum,8,0.63,1.0
basedrum,8,0.63,1.0
basedrum,4,0.63,1.0
harp,4,1.26,1.0
bass,0,1.26,1.0
harp,8,0.63,1.0
bass,0,0.63,1.0
harp,8,0.63,1.0
bass,0,0.63,1.0
harp,48,1.88,1.0
bass,0,1.88,1.0
harp,8,0.94,1.0
bass,0,0.94,1.0
harp,8,0.94,1.0
bass,0,0.94,1.0
harp,16,1.5,1.0
bass,0,1.5,1.0
harp,16,1.42,1.0
bass,0,1.42,1.0
harp,16,1.26,1.0
bass,0,1.26,1.0
basedrum,0,0.63,1.0
harp,8,0.63,1.0
bass,0,0.63,1.0
harp,8,0.63,1.0
bass,0,0.63,1.0
basedrum,8,0.63,1.0
bass,8,0.63,1.0
snare,0,0.76,1.0
basedrum,16,0.63,1.0
bass,8,0.76,1.0
basedrum,8,0.63,1.0
bass,16,0.7,1.0
basedrum,8,0.63,1.0
snare,8,0.76,1.0
bass,8,0.56,1.0
basedrum,8,0.63,1.0
bass,16,1.26,1.0
basedrum,0,0.63,1.0
bass,8,0.63,1.0
bass,8,0.63,1.0
basedrum,8,0.63,1.0
bass,8,0.63,1.0
snare,0,0.76,1.0
basedrum,16,0.63,1.0
bass,8,0.76,1.0
basedrum,8,0.63,1.0
bass,16,0.7,1.0
basedrum,8,0.63,1.0
bass,8,1.0,1.0
snare,0,0.76,1.0
basedrum,8,0.63,1.0
basedrum,4,0.63,1.0
bass,4,0.94,1.0
snare,0,0.7,1.0
basedrum,8,0.63,1.0
harp,8,0.63,1.0
harp,0,0.76,1.0
harp,0,1.26,1.0
harp,0,0.94,1.0
bass,0,1.26,1.0
basedrum,0,0.63,1.0
bass,8,0.63,1.0
harp,8,1.42,1.0
bass,0,0.63,1.0
basedrum,8,0.63,1.0
harp,8,1.5,1.0
bass,0,0.63,1.0
snare,0,0.76,1.0
harp,16,1.42,1.0
basedrum,0,0.63,1.0
bass,8,0.76,1.0
harp,8,1.68,1.0
basedrum,0,0.63,1.0
harp,16,1.12,1.0
bass,0,0.7,1.0
basedrum,8,0.63,1.0
harp,8,1.5,1.0
snare,0,0.76,1.0
bass,8,0.56,1.0
harp,8,1.42,1.0
basedrum,0,0.63,1.0
harp,16,1.26,1.0
bass,0,1.26,1.0
basedrum,0,0.63,1.0
bass,8,0.63,1.0
harp,8,2.0,1.0
bass,0,0.63,1.0
basedrum,8,0.63,1.0
harp,8,1.88,1.0
bass,0,0.63,1.0
snare,0,0.76,1.0
harp,16,1.68,1.0
basedrum,0,0.63,1.0
bass,8,0.76,1.0
harp,8,1.88,1.0
basedrum,0,0.63,1.0
harp,16,0.94,1.0
bass,0,0.7,1.0
basedrum,8,0.63,1.0
harp,8,1.5,1.0
bass,0,1.0,1.0
snare,0,0.76,1.0
basedrum,8,0.63,1.0
basedrum,4,0.63,1.0
harp,4,1.42,1.0
bass,0,0.94,1.0
snare,0,0.7,1.0
basedrum,8,0.63,1.0
harp,8,1.12,1.0
harp,32,0.94,1.0
harp,32,1.18,1.0
harp,32,1.26,1.0
basedrum,16,1.68,1.0
basedrum,0,0.84,1.0
basedrum,4,1.6,1.0
basedrum,0,0.8,1.0
basedrum,4,0.76,1.0
basedrum,0,1.5,1.0
basedrum,4,1.42,1.0
basedrum,0,0.7,1.0
harp,4,1.26,1.0
harp,0,0.94,1.0
harp,0,0.76,1.0
harp,0,0.63,1.0
bass,0,0.63,1.0
basedrum,0,0.63,1.0
bass,8,0.63,1.0
hat,0,1.0,1.0
hat,4,1.0,1.0
bass,4,1.26,1.0
basedrum,0,0.63,1.0
snare,0,0.76,1.0
bass,8,0.63,1.0
hat,0,1.0,1.0
harp,8,1.42,1.0
harp,0,0.84,1.0
harp,0,1.0,1.0
harp,0,0.63,1.0
bass,0,0.63,1.0
hat,0,1.0,1.0
bass,8,1.18,1.0
basedrum,0,0.63,1.0
bass,8,0.63,1.0
snare,0,0.76,1.0
hat,0,1.0,1.0
hat,4,1.0,1.0
bass,4,1.12,1.0
basedrum,0,0.63,1.0
harp,8,1.5,1.0
harp,0,0.94,1.0
harp,0,1.12,1.0
harp,0,0.7,1.0
bass,0,0.63,1.0
basedrum,0,0.63,1.0
bass,8,0.63,1.0
hat,0,1.0,1.0
hat,4,1.0,1.0
bass,4,1.5,1.0
basedrum,0,0.63,1.0
snare,0,0.76,1.0
bass,8,1.42,1.0
hat,0,1.0,1.0
harp,8,1.42,1.0
harp,0,0.84,1.0
harp,0,1.0,1.0
harp,0,0.63,1.0
bass,0,0.63,1.0
basedrum,0,1.0,1.0
bass,8,1.42,1.0
snare,0,0.76,1.0
hat,0,1.0,1.0
bass,8,1.12,1.0
basedrum,0,0.94,1.0
bass,8,0.63,1.0
snare,0,0.76,1.0
hat,0,1.0,1.0
hat,4,1.0,1.0
harp,4,1.26,1.0
harp,0,1.42,1.0
harp,0,0.94,1.0
bass,0,0.94,1.0
basedrum,0,0.63,1.0
bass,8,0.94,1.0
hat,0,1.0,1.0
hat,4,1.0,1.0
bass,4,1.88,1.0
basedrum,0,0.63,1.0
snare,0,0.76,1.0
bass,8,0.94,1.0
hat,0,1.0,1.0
harp,8,1.68,1.0
harp,0,1.42,1.0
harp,0,1.26,1.0
harp,0,0.94,1.0
bass,0,0.94,1.0
hat,0,1.0,1.0
bass,8,1.78,1.0
basedrum,0,0.63,1.0
bass,8,0.94,1.0
snare,0,0.76,1.0
hat,0,1.0,1.0
hat,4,1.0,1.0
bass,4,1.68,1.0
basedrum,0,0.63,1.0
harp,8,0.94,1.0
harp,0,1.26,1.0
harp,0,1.42,1.0
harp,0,1.88,1.0
bass,0,0.94,1.0
basedrum,0,0.63,1.0
bass,8,0.94,1.0
hat,0,1.0,1.0
hat,4,1.0,1.0
bass,4,1.88,1.0
basedrum,0,0.63,1.0
snare,0,0.76,1.0
harp,8,1.42,1.0
bass,0,0.94,1.0
hat,0,1.0,1.0
harp,4,1.5,1.0
harp,4,0.94,1.0
harp,0,1.88,1.0
harp,0,1.42,1.0
bass,0,1.42,1.0
basedrum,0,1.0,1.0
harp,8,1.26,1.0
harp,0,1.68,1.0
harp,0,0.84,1.0
bass,0,0.94,1.0
snare,0,0.76,1.0
hat,0,1.0,1.0
harp,8,1.12,1.0
harp,0,0.76,1.0
harp,0,1.5,1.0
bass,0,1.12,1.0
basedrum,0,0.94,1.0
harp,8,1.42,1.0
harp,0,0.7,1.0
harp,0,1.0,1.0
bass,0,0.94,1.0
snare,0,0.94,1.0
hat,0,1.0,1.0
snare,4,0.94,1.0
hat,0,1.0,1.0
harp,4,1.26,1.0
harp,0,0.63,1.0
harp,0,0.76,1.0
harp,0,0.94,1.0
bass,0,0.63,1.0
basedrum,0,0.63,1.0
harp,8,0.63,1.0
bass,0,0.63,1.0
hat,0,1.0,1.0
bass,4,0.63,1.0
hat,0,1.0,1.0
harp,4,0.63,1.0
basedrum,0,0.63,1.0
snare,0,0.76,1.0
harp,8,0.94,1.0
harp,0,1.26,1.0
bass,0,0.63,1.0
hat,0,1.0,1.0
harp,8,0.63,1.0
bass,0,1.26,1.0
hat,0,1.0,1.0
harp,8,0.63,1.0
bass,0,0.63,1.0
basedrum,0,0.63,1.0
harp,8,0.9,1.0
harp,0,1.18,1.0
bass,0,0.94,1.0
snare,0,0.76,1.0
hat,0,1.0,1.0
hat,4,1.0,1.0
harp,4,0.63,1.0
bass,0,0.63,1.0
basedrum,0,0.63,1.0
harp,8,0.94,1.0
harp,0,0.76,1.0
bass,0,0.63,1.0
basedrum,0,0.63,1.0
harp,8,0.63,1.0
bass,0,1.18,1.0
hat,0,1.0,1.0
bass,4,0.63,1.0
hat,0,1.0,1.0
harp,4,0.63,1.0
basedrum,0,0.63,1.0
snare,0,0.76,1.0
harp,8,0.76,1.0
harp,0,0.84,1.0
bass,0,0.63,1.0
hat,0,1.0,1.0
harp,8,0.63,1.0
bass,0,1.5,1.0
basedrum,0,1.0,1.0
harp,8,0.63,1.0
bass,0,0.63,1.0
snare,0,0.76,1.0
hat,0,1.0,1.0
harp,8,0.94,1.0
harp,0,1.12,1.0
bass,0,1.42,1.0
basedrum,0,0.94,1.0
harp,8,0.63,1.0
bass,0,0.63,1.0
snare,0,0.76,1.0
hat,0,1.0,1.0
hat,4,1.0,1.0
harp,4,1.26,1.0
harp,0,1.5,1.0
bass,0,0.63,1.0
basedrum,0,0.63,1.0
harp,8,0.63,1.0
bass,0,0.63,1.0
hat,0,1.0,1.0
bass,4,0.63,1.0
hat,0,1.0,1.0
harp,4,0.63,1.0
basedrum,0,0.63,1.0
snare,0,0.76,1.0
harp,8,1.12,1.0
harp,0,1.42,1.0
bass,0,0.63,1.0
hat,0,1.0,1.0
harp,8,0.63,1.0
bass,0,1.26,1.0
hat,0,1.0,1.0
harp,8,0.63,1.0
bass,0,0.63,1.0
basedrum,0,0.63,1.0
harp,8,1.12,1.0
harp,0,0.94,1.0
bass,0,0.94,1.0
snare,0,0.76,1.0
hat,0,1.0,1.0
hat,4,1.0,1.0
harp,4,0.63,1.0
bass,0,0.63,1.0
basedrum,0,0.63,1.0
harp,8,1.26,1.0
harp,0,0.94,1.0
bass,0,0.63,1.0
basedrum,0,0.63,1.0
harp,8,0.63,1.0
bass,0,1.18,1.0
hat,0,1.0,1.0
bass,4,0.63,1.0
hat,0,1.0,1.0
harp,4,0.63,1.0
basedrum,0,0.63,1.0
snare,0,0.76,1.0
harp,8,0.63,1.0
bass,0,0.63,1.0
hat,0,1.0,1.0
harp,8,0.63,1.0
harp,0,0.76,1.0
bass,0,1.5,1.0
basedrum,0,1.0,1.0
harp,8,0.76,1.0
harp,0,0.63,1.0
bass,0,0.63,1.0
snare,0,0.76,1.0
hat,0,1.0,1.0
harp,8,0.63,1.0
harp,0,0.76,1.0
harp,0,0.94,1.0
bass,0,1.42,1.0
basedrum,0,0.94,1.0
harp,8,0.63,1.0
harp,0,0.76,1.0
harp,0,0.94,1.0
bass,0,0.63,1.0
snare,0,0.94,1.0
hat,0,1.0,1.0
snare,4,0.94,1.0
hat,0,1.0,1.0
bass,4,0.94,1.0
bass,0,1.88,1.0
basedrum,0,0.63,1.0
basedrum,4,0.63,1.0
bass,4,0.63,1.0
bass,0,1.26,1.0
snare,0,0.76,1.0
bass,8,1.26,1.0
bass,0,0.63,1.0
bass,8,1.88,1.0
bass,0,0.94,1.0
basedrum,0,0.63,1.0
basedrum,4,0.63,1.0
bass,4,1.26,1.0
bass,0,0.63,1.0
snare,0,0.76,1.0
bass,8,0.63,1.0
bass,0,1.26,1.0
basedrum,0,0.63,1.0
basedrum,4,0.63,1.0
bass,4,0.94,1.0
bass,0,1.88,1.0
snare,0,0.76,1.0
bass,8,1.26,1.0
bass,0,0.63,1.0
snare,0,0.94,1.0
snare,4,0.94,1.0
harp,4,1.88,1.0
harp,0,1.26,1.0
harp,0,0.63,1.0
harp,0,0.76,1.0
harp,0,0.94,1.0
bass,0,0.63,1.0
basedrum,0,0.63,1.0
harp,8,0.63,1.0
bass,0,0.63,1.0
hat,0,1.0,1.0
bass,4,0.63,1.0
hat,0,1.0,1.0
harp,4,0.63,1.0
basedrum,0,0.63,1.0
snare,0,0.76,1.0
harp,8,0.94,1.0
harp,0,1.26,1.0
bass,0,0.63,1.0
hat,0,1.0,1.0
harp,8,1.88,1.0
harp,0,0.63,1.0
bass,0,1.26,1.0
hat,0,1.0,1.0
harp,8,0.63,1.0
bass,0,0.63,1.0
basedrum,0,0.63,1.0
harp,8,1.18,1.0
harp,0,0.9,1.0
bass,0,0.94,1.0
snare,0,0.76,1.0
hat,0,1.0,1.0
hat,4,1.0,1.0
harp,4,0.63,1.0
bass,0,0.63,1.0
basedrum,0,0.63,1.0
harp,8,1.88,1.0
harp,0,0.94,1.0
harp,0,0.76,1.0
bass,0,0.63,1.0
basedrum,0,0.63,1.0
harp,8,0.63,1.0
bass,0,1.18,1.0
hat,0,1.0,1.0
bass,4,0.63,1.0
hat,0,1.0,1.0
harp,4,0.63,1.0
basedrum,0,0.63,1.0
snare,0,0.76,1.0
harp,8,0.84,1.0
harp,0,0.76,1.0
bass,0,0.63,1.0
hat,0,1.0,1.0
harp,8,1.88,1.0
harp,0,0.63,1.0
bass,0,1.5,1.0
basedrum,0,1.0,1.0
harp,8,0.63,1.0
bass,0,0.63,1.0
snare,0,0.76,1.0
hat,0,1.0,1.0
harp,8,0.94,1.0
harp,0,1.12,1.0
bass,0,1.42,1.0
basedrum,0,0.94,1.0
harp,8,0.63,1.0
bass,0,0.63,1.0
snare,0,0.76,1.0
hat,0,1.0,1.0
hat,4,1.0,1.0
harp,4,1.5,1.0
harp,0,1.26,1.0
harp,0,1.88,1.0
bass,0,0.63,1.0
basedrum,0,0.63,1.0
harp,8,0.63,1.0
bass,0,0.63,1.0
hat,0,1.0,1.0
bass,4,0.63,1.0
hat,0,1.0,1.0
harp,4,0.63,1.0
basedrum,0,0.63,1.0
snare,0,0.76,1.0
harp,8,1.12,1.0
harp,0,1.42,1.0
bass,0,0.63,1.0
hat,0,1.0,1.0
harp,8,1.88,1.0
harp,0,0.63,1.0
bass,0,1.26,1.0
hat,0,1.0,1.0
harp,8,0.63,1.0
bass,0,0.63,1.0
basedrum,0,0.63,1.0
harp,8,0.94,1.0
harp,0,1.12,1.0
bass,0,0.94,1.0
snare,0,0.76,1.0
hat,0,1.0,1.0
hat,4,1.0,1.0
harp,4,0.63,1.0
bass,0,0.63,1.0
basedrum,0,0.63,1.0
harp,8,0.94,1.0
harp,0,0.7,1.0
harp,0,1.88,1.0
harp,0,1.42,1.0
bass,0,0.94,1.0
bass,0,0.7,1.0
bass,0,1.88,1.0
bass,0,1.42,1.0
basedrum,0,1.26,1.0
basedrum,0,0.63,1.0
basedrum,4,0.63,1.0
basedrum,0,1.26,1.0
harp,4,0.94,1.0
harp,0,0.7,1.0
harp,0,1.88,1.0
harp,0,1.42,1.0
bass,0,0.94,1.0
bass,0,0.7,1.0
bass,0,1.88,1.0
bass,0,1.42,1.0
snare,0,0.76,1.0
hat,0,1.0,1.0
hat,4,1.0,1.0
basedrum,4,1.26,1.0
basedrum,0,0.63,1.0
harp,8,0.94,1.0
harp,0,0.7,1.0
harp,0,1.88,1.0
harp,0,1.42,1.0
bass,0,0.94,1.0
bass,0,0.7,1.0
bass,0,1.88,1.0
bass,0,1.42,1.0
basedrum,0,0.63,1.0
basedrum,0,1.26,1.0
hat,0,1.0,1.0
basedrum,4,0.63,1.0
basedrum,0,1.26,1.0
harp,4,0.94,1.0
harp,0,0.7,1.0
harp,0,1.88,1.0
harp,0,1.42,1.0
bass,0,0.94,1.0
bass,0,0.7,1.0
bass,0,1.88,1.0
bass,0,1.42,1.0
snare,0,0.76,1.0
basedrum,8,1.26,1.0
basedrum,0,0.63,1.0
hat,0,1.0,1.0
basedrum,4,0.63,1.0
basedrum,0,1.26,1.0
harp,4,0.94,1.0
harp,0,0.7,1.0
harp,0,1.88,1.0
harp,0,1.42,1.0
bass,0,1.42,1.0
bass,0,1.88,1.0
bass,0,0.7,1.0
bass,0,0.94,1.0
snare,0,0.76,1.0
harp,8,0.94,1.0
harp,0,0.7,1.0
harp,0,1.88,1.0
harp,0,1.42,1.0
bass,0,0.94,1.0
bass,0,0.7,1.0
bass,0,1.88,1.0
bass,0,1.42,1.0
snare,0,0.76,1.0
hat,0,1.0,1.0
hat,4,1.0,1.0
harp,4,1.26,1.0
harp,0,0.94,1.0
harp,0,0.76,1.0
harp,0,0.63,1.0
harp,0,1.26,1.0
bass,0,0.63,1.0
basedrum,0,0.63,1.0
harp,4,0.76,1.0
bass,0,0.63,1.0
harp,4,0.94,1.0
harp,0,1.42,1.0
harp,0,1.42,1.0
bass,0,1.26,1.0
basedrum,0,0.63,1.0
hat,0,1.0,1.0
harp,4,0.63,1.0
bass,0,0.94,1.0
basedrum,0,0.63,1.0
hat,0,1.0,1.0
harp,4,0.76,1.0
harp,0,1.5,1.0
harp,0,1.5,1.0
bass,0,0.63,1.0
snare,0,0.63,1.0
harp,4,0.94,1.0
bass,0,0.63,1.0
harp,4,0.63,1.0
harp,0,1.42,1.0
harp,0,1.42,1.0
bass,0,1.26,1.0
basedrum,0,0.63,1.0
hat,0,1.0,1.0
harp,4,0.7,1.0
bass,0,0.94,1.0
basedrum,0,0.63,1.0
hat,0,1.0,1.0
harp,4,1.68,1.0
harp,0,0.94,1.0
harp,0,0.94,1.0
bass,0,0.63,1.0
harp,4,0.63,1.0
bass,0,0.63,1.0
harp,4,0.7,1.0
harp,0,1.12,1.0
harp,0,1.12,1.0
bass,0,1.26,1.0
basedrum,0,0.63,1.0
hat,0,1.0,1.0
harp,4,0.94,1.0
bass,0,0.94,1.0
hat,0,1.0,1.0
harp,4,0.63,1.0
harp,0,1.5,1.0
harp,0,1.5,1.0
bass,0,0.63,1.0
snare,0,0.63,1.0
harp,4,0.84,1.0
bass,0,0.63,1.0
harp,4,1.42,1.0
harp,0,0.94,1.0
harp,0,0.94,1.0
bass,0,1.26,1.0
basedrum,0,0.63,1.0
hat,0,1.0,1.0
harp,4,0.63,1.0
bass,0,0.94,1.0
hat,0,1.0,1.0
harp,4,0.84,1.0
harp,0,1.26,1.0
harp,0,1.26,1.0
bass,0,0.63,1.0
basedrum,0,0.63,1.0
harp,4,0.94,1.0
bass,0,0.63,1.0
harp,4,0.63,1.0
harp,0,2.0,1.0
harp,0,2.0,1.0
bass,0,1.26,1.0
basedrum,0,0.63,1.0
hat,0,1.0,1.0
harp,4,0.76,1.0
bass,0,0.94,1.0
basedrum,0,0.63,1.0
hat,0,1.0,1.0
harp,4,0.94,1.0
harp,0,1.88,1.0
harp,0,1.88,1.0
bass,0,0.63,1.0
snare,0,0.63,1.0
harp,4,0.63,1.0
bass,0,0.63,1.0
harp,4,0.7,1.0
harp,0,1.68,1.0
harp,0,1.68,1.0
bass,0,1.26,1.0
basedrum,0,0.63,1.0
hat,0,1.0,1.0
harp,4,0.94,1.0
bass,0,0.94,1.0
basedrum,0,0.63,1.0
hat,0,1.0,1.0
harp,4,0.63,1.0
harp,0,1.88,1.0
harp,0,1.88,1.0
bass,0,0.63,1.0
harp,4,0.76,1.0
bass,0,0.63,1.0
harp,4,0.94,1.0
bass,0,1.26,1.0
basedrum,0,0.63,1.0
hat,0,1.0,1.0
harp,4,0.63,1.0
bass,0,0.94,1.0
hat,0,1.0,1.0
harp,4,0.76,1.0
harp,0,1.5,1.0
harp,0,1.5,1.0
bass,0,0.63,1.0
snare,0,0.63,1.0
harp,4,0.94,1.0
bass,0,0.94,1.0
harp,4,0.63,1.0
harp,0,1.42,1.0
harp,0,1.42,1.0
bass,0,1.26,1.0
basedrum,0,0.63,1.0
hat,0,1.0,1.0
harp,4,0.84,1.0
bass,0,1.88,1.0
hat,0,1.0,1.0
harp,4,0.63,1.0
harp,0,1.5,1.0
harp,0,1.5,1.0
bass,0,0.94,1.0
basedrum,0,0.63,1.0
harp,4,0.76,1.0
bass,0,0.94,1.0
harp,4,0.94,1.0
bass,0,1.88,1.0
basedrum,0,0.63,1.0
hat,0,1.0,1.0
harp,4,0.63,1.0
bass,0,1.42,1.0
basedrum,0,0.63,1.0
hat,0,1.0,1.0
harp,4,0.76,1.0
harp,0,1.68,1.0
harp,0,1.68,1.0
bass,0,0.94,1.0
snare,0,0.63,1.0
harp,4,0.94,1.0
bass,0,0.94,1.0
harp,4,0.63,1.0
harp,0,1.88,1.0
harp,0,1.88,1.0
bass,0,1.88,1.0
basedrum,0,0.63,1.0
hat,0,1.0,1.0
harp,4,0.7,1.0
bass,0,1.42,1.0
basedrum,0,0.63,1.0
hat,0,1.0,1.0
harp,4,0.94,1.0
harp,0,2.0,1.0
harp,0,2.0,1.0
bass,0,0.94,1.0
harp,4,0.63,1.0
bass,0,0.94,1.0
harp,4,0.7,1.0
harp,0,1.88,1.0
harp,0,1.88,1.0
bass,0,1.88,1.0
basedrum,0,0.63,1.0
hat,0,1.0,1.0
harp,4,0.94,1.0
bass,0,1.42,1.0
hat,0,1.0,1.0
harp,4,0.63,1.0
harp,0,1.68,1.0
harp,0,1.68,1.0
bass,0,0.94,1.0
snare,0,0.63,1.0
harp,4,0.84,1.0
bass,0,0.94,1.0
harp,4,0.94,1.0
harp,0,1.42,1.0
harp,0,1.42,1.0
bass,0,1.88,1.0
basedrum,0,0.63,1.0
hat,0,1.0,1.0
harp,4,0.63,1.0
bass,0,1.42,1.0
hat,0,1.0,1.0
harp,4,0.84,1.0
harp,0,1.68,1.0
harp,0,1.68,1.0
bass,0,0.94,1.0
basedrum,0,0.63,1.0
harp,4,0.94,1.0
bass,0,0.94,1.0
harp,4,0.63,1.0
harp,0,1.42,1.0
harp,0,1.42,1.0
bass,0,1.88,1.0
basedrum,0,0.63,1.0
hat,0,1.0,1.0
harp,4,0.76,1.0
bass,0,1.42,1.0
basedrum,0,0.63,1.0
hat,0,1.0,1.0
harp,4,0.94,1.0
harp,0,1.5,1.0
harp,0,1.5,1.0
bass,0,0.94,1.0
snare,0,0.63,1.0
harp,4,0.63,1.0
bass,0,0.94,1.0
harp,4,0.7,1.0
harp,0,1.42,1.0
harp,0,1.42,1.0
bass,0,1.88,1.0
basedrum,0,0.63,1.0
hat,0,1.0,1.0
harp,4,0.94,1.0
bass,0,1.42,1.0
basedrum,0,0.63,1.0
hat,0,1.0,1.0
harp,4,0.63,1.0
harp,0,1.26,1.0
harp,0,1.26,1.0
bass,0,0.94,1.0
harp,4,0.76,1.0
bass,0,0.94,1.0
harp,4,0.94,1.0
bass,0,1.88,1.0
basedrum,0,0.63,1.0
hat,0,1.0,1.0
harp,4,0.63,1.0
bass,0,1.42,1.0
hat,0,1.0,1.0
harp,4,0.76,1.0
harp,0,1.12,1.0
harp,0,1.12,1.0
bass,0,0.94,1.0
snare,0,0.63,1.0
harp,4,0.94,1.0
bass,0,1.42,1.0
harp,4,0.63,1.0
bass,0,1.88,1.0
basedrum,0,0.63,1.0
hat,0,1.0,1.0
harp,4,0.94,1.0
bass,0,0.94,1.0
hat,0,1.0,1.0
harp,4,0.63,1.0
harp,0,0.76,1.0
harp,0,0.94,1.0
harp,0,1.26,1.0
bass,0,0.63,1.0
bass,0,1.26,1.0
basedrum,0,0.63,1.0
basedrum,0,1.26,1.0
harp,4,0.76,1.0
bass,0,0.63,1.0
basedrum,0,1.26,1.0
basedrum,0,0.63,1.0
harp,4,0.94,1.0
harp,0,1.88,1.0
bass,0,0.63,1.0
basedrum,0,1.26,1.0
basedrum,0,0.63,1.0
hat,0,1.0,1.0
harp,4,0.63,1.0
bass,0,0.63,1.0
hat,0,1.0,1.0
harp,4,0.76,1.0
bass,0,1.26,1.0
snare,0,0.63,1.0
harp,4,0.94,1.0
bass,0,0.63,1.0
harp,4,0.63,1.0
harp,0,1.88,1.0
bass,0,0.63,1.0
basedrum,0,1.26,1.0
basedrum,0,0.63,1.0
hat,0,1.0,1.0
harp,4,0.7,1.0
bass,0,0.63,1.0
basedrum,0,1.26,1.0
basedrum,0,0.63,1.0
hat,0,1.0,1.0
harp,4,0.94,1.0
bass,0,0.63,1.0
basedrum,0,1.26,1.0
basedrum,0,0.63,1.0
harp,4,0.63,1.0
bass,0,0.63,1.0
harp,4,1.88,1.0
harp,0,0.7,1.0
bass,0,1.18,1.0
basedrum,0,1.26,1.0
basedrum,0,0.63,1.0
hat,0,1.0,1.0
harp,4,0.94,1.0
bass,0,0.63,1.0
hat,0,1.0,1.0
harp,4,0.63,1.0
bass,0,0.63,1.0
snare,0,0.63,1.0
harp,4,0.84,1.0
bass,0,0.63,1.0
harp,4,0.94,1.0
harp,0,1.88,1.0
bass,0,1.12,1.0
basedrum,0,1.26,1.0
basedrum,0,0.63,1.0
hat,0,1.0,1.0
harp,4,0.63,1.0
bass,0,0.63,1.0
hat,0,1.0,1.0
harp,4,0.84,1.0
bass,0,0.63,1.0
basedrum,0,0.63,1.0
basedrum,0,1.26,1.0
harp,4,0.94,1.0
bass,0,0.63,1.0
basedrum,0,1.26,1.0
basedrum,0,0.63,1.0
harp,4,1.88,1.0
harp,0,0.63,1.0
bass,0,0.63,1.0
basedrum,0,1.26,1.0
basedrum,0,0.63,1.0
hat,0,1.0,1.0
harp,4,0.76,1.0
bass,0,0.63,1.0
hat,0,1.0,1.0
harp,4,0.94,1.0
bass,0,1.5,1.0
snare,0,0.63,1.0
harp,4,0.63,1.0
bass,0,0.63,1.0
harp,4,1.88,1.0
harp,0,0.7,1.0
bass,0,1.42,1.0
basedrum,0,1.26,1.0
basedrum,0,0.63,1.0
hat,0,1.0,1.0
bass,4,0.63,1.0
basedrum,0,1.26,1.0
basedrum,0,0.63,1.0
hat,0,1.0,1.0
harp,4,0.6,1.0
bass,0,0.6,1.0
basedrum,0,1.26,1.0
basedrum,0,0.63,1.0
snare,0,0.5,1.0
snare,12,0.5,1.0
snare,12,0.5,1.0
snare,4,0.5,1.0
harp,4,1.18,1.0
harp,0,1.78,1.0
harp,0,0.76,1.0
harp,0,0.94,1.0
harp,0,1.5,1.0
harp,0,0.63,1.0
bass,0,0.6,1.0
bass,0,1.18,1.0
basedrum,0,0.63,1.0
basedrum,0,1.26,1.0
basedrum,4,0.63,1.0
basedrum,0,1.26,1.0
harp,4,0.63,1.0
snare,0,0.53,1.0
hat,0,0.7,1.0
hat,4,0.7,1.0
harp,4,0.6,1.0
snare,0,0.53,1.0
hat,0,0.7,1.0
harp,8,0.63,1.0
harp,0,1.5,1.0
harp,0,1.88,1.0
harp,0,1.26,1.0
harp,0,0.94,1.0
harp,0,0.76,1.0
bass,0,1.26,1.0
bass,0,0.63,1.0
basedrum,0,0.63,1.0
basedrum,0,1.26,1.0
basedrum,4,0.63,1.0
basedrum,0,1.26,1.0
harp,4,0.6,1.0
snare,0,0.53,1.0
hat,0,0.7,1.0
hat,4,0.7,1.0
harp,4,0.63,1.0
snare,0,0.53,1.0
hat,0,0.7,1.0
harp,8,0.6,1.0
basedrum,0,1.26,1.0
basedrum,0,0.63,1.0
hat,0,0.76,1.0
hat,4,0.76,1.0
harp,4,0.56,1.0
snare,0,0.53,1.0
hat,0,0.76,1.0
harp,8,0.56,1.0
harp,0,0.7,1.0
harp,0,1.78,1.0
harp,0,0.94,1.0
harp,0,1.42,1.0
harp,0,1.12,1.0
bass,0,0.9,1.0
bass,0,1.78,1.0
basedrum,0,1.26,1.0
basedrum,0,0.63,1.0
basedrum,4,0.63,1.0
basedrum,0,1.26,1.0
harp,4,0.63,1.0
snare,0,0.53,1.0
hat,0,0.7,1.0
hat,4,0.7,1.0
harp,4,0.6,1.0
snare,0,0.53,1.0
hat,0,0.7,1.0
harp,8,0.56,1.0
harp,0,0.7,1.0
harp,0,1.88,1.0
harp,0,1.12,1.0
harp,0,1.42,1.0
harp,0,0.94,1.0
bass,0,0.94,1.0
bass,0,1.88,1.0
basedrum,0,0.63,1.0
basedrum,0,1.26,1.0
basedrum,4,0.63,1.0
basedrum,0,1.26,1.0
harp,4,0.6,1.0
snare,0,0.53,1.0
hat,0,0.7,1.0
hat,4,0.7,1.0
harp,4,0.63,1.0
snare,0,0.53,1.0
hat,0,0.7,1.0
harp,8,1.6,1.0
bass,0,0.8,1.0
bass,0,1.6,1.0
basedrum,0,0.63,1.0
basedrum,0,1.26,1.0
snare,0,1.06,1.0
hat,0,0.76,1.0
harp,4,1.5,1.0
bass,0,0.76,1.0
bass,0,1.5,1.0
hat,0,0.84,1.0
harp,4,1.42,1.0
bass,0,0.7,1.0
bass,0,1.42,1.0
basedrum,0,1.26,1.0
basedrum,0,0.63,1.0
snare,0,1.06,1.0
hat,0,0.94,1.0
harp,4,1.34,1.0
bass,0,1.34,1.0
bass,0,0.67,1.0
snare,0,1.06,1.0
hat,0,1.12,1.0
harp,4,0.56,1.0
harp,0,1.12,1.0
hat,0,0.56,1.0
