bass,0,0.8,1.0
basedrum,0,0.76,1.0
harp,12,0.8,1.0
harp,0,0.94,1.0
bass,12,0.6,1.0
basedrum,0,0.76,1.0
harp,12,0.8,1.0
harp,0,0.94,1.0
bass,12,0.6,1.0
basedrum,0,0.76,1.0
harp,12,0.9,1.0
harp,0,0.7,1.0
bass,12,0.9,1.0
basedrum,0,0.76,1.0
harp,12,0.9,1.0
harp,0,0.7,1.0
hat,0,0.56,1.0
bass,12,0.63,1.0
basedrum,0,0.76,1.0
harp,12,0.94,1.0
harp,0,0.8,1.0
bass,12,0.94,1.0
basedrum,0,0.76,1.0
harp,12,0.94,1.0
harp,0,0.8,1.0
bass,12,0.53,1.0
basedrum,0,0.76,1.0
harp,12,0.8,1.0
harp,0,0.63,1.0
bass,12,0.8,1.0
basedrum,0,0.76,1.0
harp,12,0.8,1.0
harp,0,0.63,1.0
bass,0,0.94,1.0
hat,0,0.56,1.0
bass,0,0.94,1.0
bass,6,1.18,1.0
bass,0,1.18,1.0
bass,6,0.8,1.0
bass,0,1.6,1.0
basedrum,0,0.76,1.0
bass,0,1.6,1.0
harp,12,0.8,1.0
harp,0,0.94,1.0
bass,12,0.6,1.0
basedrum,0,0.76,1.0
harp,12,0.8,1.0
harp,0,0.94,1.0
bass,0,1.18,1.0
bass,0,1.18,1.0
bass,12,0.6,1.0
bass,0,1.18,1.0
basedrum,0,0.76,1.0
bass,0,1.18,1.0
bass,6,1.06,1.0
bass,0,1.06,1.0
harp,6,0.9,1.0
harp,0,0.7,1.0
bass,12,0.9,1.0
basedrum,0,0.76,1.0
harp,12,0.9,1.0
harp,0,0.7,1.0
bass,0,0.94,1.0
hat,0,0.56,1.0
bass,0,0.94,1.0
bass,6,0.9,1.0
bass,0,0.9,1.0
bass,6,0.63,1.0
bass,0,0.8,1.0
basedrum,0,0.76,1.0
bass,0,0.8,1.0
bass,6,0.9,1.0
bass,0,0.9,1.0
harp,6,0.94,1.0
harp,0,0.8,1.0
bass,0,0.8,1.0
bass,0,0.8,1.0
bass,12,0.94,1.0
basedrum,0,0.76,1.0
harp,12,0.94,1.0
harp,0,0.8,1.0
bass,12,0.53,1.0
harp,0,0.8,1.0
basedrum,0,0.76,1.0
harp,0,0.8,1.0
harp,12,0.8,1.0
harp,0,0.63,1.0
harp,0,1.18,1.0
harp,0,1.18,1.0
bass,12,0.8,1.0
harp,0,1.6,1.0
basedrum,0,0.76,1.0
harp,0,1.6,1.0
harp,12,0.8,1.0
harp,0,0.63,1.0
harp,0,1.88,1.0
hat,0,0.56,1.0
harp,0,1.88,1.0
bass,12,0.8,1.0
harp,0,1.88,1.0
basedrum,0,0.76,1.0
harp,0,1.88,1.0
harp,12,0.8,1.0
harp,0,0.94,1.0
harp,6,1.78,1.0
harp,0,1.78,1.0
bass,6,0.6,1.0
harp,0,1.6,1.0
basedrum,0,0.76,1.0
harp,0,1.6,1.0
harp,12,0.8,1.0
harp,0,0.94,1.0
harp,0,1.78,1.0
harp,0,1.78,1.0
bass,12,0.6,1.0
harp,0,1.42,1.0
basedrum,0,0.76,1.0
harp,0,1.42,1.0
harp,12,0.9,1.0
harp,0,0.7,1.0
harp,6,1.26,1.0
harp,0,1.26,1.0
bass,6,0.9,1.0
harp,0,1.18,1.0
basedrum,0,0.76,1.0
harp,0,1.18,1.0
harp,12,0.9,1.0
harp,0,0.7,1.0
hat,0,0.56,1.0
bass,12,0.63,1.0
harp,0,1.26,1.0
basedrum,0,0.76,1.0
harp,0,1.26,1.0
harp,12,0.94,1.0
harp,0,0.8,1.0
bass,12,0.94,1.0
harp,0,1.26,1.0
basedrum,0,0.76,1.0
harp,0,1.26,1.0
harp,12,0.94,1.0
harp,0,0.8,1.0
bass,12,0.53,1.0
harp,0,1.06,1.0
basedrum,0,0.76,1.0
harp,0,1.06,1.0
harp,12,0.8,1.0
harp,0,0.63,1.0
bass,12,0.8,1.0
harp,0,1.26,1.0
basedrum,0,0.76,1.0
harp,0,1.26,1.0
harp,12,0.8,1.0
harp,0,0.63,1.0
harp,0,1.42,1.0
hat,0,0.56,1.0
harp,0,1.42,1.0
bass,12,0.7,1.0
harp,0,1.42,1.0
basedrum,0,0.76,1.0
harp,0,1.42,1.0
harp,12,0.7,1.0
harp,0,0.9,1.0
harp,6,1.26,1.0
harp,0,1.26,1.0
bass,6,0.53,1.0
harp,0,1.18,1.0
basedrum,0,0.76,1.0
harp,0,1.18,1.0
harp,12,0.7,1.0
harp,0,0.9,1.0
bass,12,0.7,1.0
basedrum,0,0.76,1.0
harp,12,0.7,1.0
harp,0,0.9,1.0
harp,0,1.06,1.0
harp,0,1.06,1.0
bass,12,0.6,1.0
harp,0,1.18,1.0
basedrum,0,0.76,1.0
harp,0,1.18,1.0
harp,6,1.06,1.0
harp,0,1.06,1.0
bass,6,0.7,1.0
harp,0,0.7,1.0
harp,0,0.9,1.0
harp,0,0.94,1.0
hat,0,0.56,1.0
harp,0,0.94,1.0
harp,6,0.9,1.0
harp,0,0.9,1.0
bass,6,0.8,1.0
harp,0,0.94,1.0
harp,0,0.8,1.0
basedrum,0,0.76,1.0
harp,0,0.94,1.0
harp,0,0.8,1.0
harp,6,1.18,1.0
harp,0,1.18,1.0
harp,6,0.8,1.0
harp,0,0.94,1.0
harp,0,1.6,1.0
harp,0,1.6,1.0
bass,12,0.6,1.0
basedrum,0,0.76,1.0
harp,12,0.8,1.0
harp,0,0.94,1.0
bass,12,0.8,1.0
basedrum,0,0.76,1.0
harp,12,0.8,1.0
harp,0,0.94,1.0
bass,12,0.6,1.0
basedrum,0,0.76,1.0
harp,12,0.8,1.0
harp,0,0.94,1.0
hat,0,0.56,1.0
bass,12,0.8,1.0
basedrum,0,0.76,1.0
harp,12,0.8,1.0
harp,0,0.94,1.0
bass,12,0.6,1.0
basedrum,0,0.76,1.0
harp,12,0.8,1.0
harp,0,0.94,1.0
bass,12,0.7,1.0
basedrum,0,0.76,1.0
harp,12,0.7,1.0
harp,0,0.9,1.0
bass,12,0.53,1.0
basedrum,0,0.76,1.0
harp,12,0.7,1.0
harp,0,0.9,1.0
hat,0,0.56,1.0
bass,12,0.63,1.0
basedrum,0,0.76,1.0
harp,12,0.63,1.0
harp,0,0.8,1.0
bass,12,0.94,1.0
basedrum,0,0.76,1.0
harp,12,0.63,1.0
harp,0,0.8,1.0
bass,12,0.7,1.0
basedrum,0,0.76,1.0
harp,12,0.7,1.0
harp,0,0.9,1.0
bass,12,0.6,1.0
basedrum,0,0.76,1.0
bass,12,0.7,1.0
harp,0,0.7,1.0
harp,0,0.9,1.0
hat,0,0.56,1.0
bass,12,0.8,1.0
basedrum,0,0.76,1.0
harp,12,0.8,1.0
harp,0,0.94,1.0
bass,12,0.6,1.0
basedrum,0,0.76,1.0
harp,12,0.8,1.0
harp,0,0.94,1.0
bass,12,0.7,1.0
basedrum,0,0.76,1.0
harp,12,0.7,1.0
harp,0,0.9,1.0
bass,12,0.53,1.0
basedrum,0,0.76,1.0
harp,12,0.7,1.0
harp,0,0.9,1.0
hat,0,0.56,1.0
bass,12,0.63,1.0
basedrum,0,0.76,1.0
harp,12,0.63,1.0
harp,0,0.8,1.0
bass,12,0.94,1.0
basedrum,0,0.76,1.0
harp,12,0.63,1.0
harp,0,0.8,1.0
bass,12,0.7,1.0
harp,0,1.18,1.0
basedrum,0,0.76,1.0
harp,0,1.18,1.0
harp,12,0.7,1.0
harp,0,0.9,1.0
harp,0,1.42,1.0
harp,0,1.42,1.0
bass,12,0.6,1.0
harp,0,1.78,1.0
basedrum,0,0.76,1.0
harp,0,1.78,1.0
bass,12,0.7,1.0
harp,0,0.7,1.0
harp,0,0.9,1.0
harp,0,1.42,1.0
hat,0,0.56,1.0
harp,0,1.42,1.0
bass,12,0.8,1.0
harp,0,1.6,1.0
basedrum,0,0.76,1.0
harp,0,1.6,1.0
harp,12,0.8,1.0
harp,0,0.94,1.0
bass,12,0.6,1.0
harp,0,1.18,1.0
basedrum,0,0.76,1.0
harp,0,1.18,1.0
harp,12,0.8,1.0
harp,0,0.94,1.0
harp,6,1.06,1.0
harp,0,1.06,1.0
bass,6,0.6,1.0
harp,0,1.18,1.0
basedrum,0,0.76,1.0
harp,0,1.18,1.0
harp,12,0.9,1.0
harp,0,0.7,1.0
bass,12,0.9,1.0
harp,0,1.42,1.0
basedrum,0,0.76,1.0
harp,0,1.42,1.0
harp,12,0.9,1.0
harp,0,0.7,1.0
hat,0,0.56,1.0
bass,12,0.63,1.0
harp,0,1.06,1.0
basedrum,0,0.76,1.0
harp,0,1.06,1.0
harp,12,0.94,1.0
harp,0,0.8,1.0
bass,12,0.94,1.0
harp,0,1.18,1.0
basedrum,0,0.76,1.0
harp,0,1.18,1.0
harp,12,0.94,1.0
harp,0,0.8,1.0
harp,6,1.06,1.0
harp,0,1.06,1.0
bass,6,0.53,1.0
harp,0,1.18,1.0
basedrum,0,0.76,1.0
harp,0,1.18,1.0
harp,12,0.8,1.0
harp,0,0.63,1.0
harp,0,1.06,1.0
harp,0,1.06,1.0
bass,12,0.8,1.0
harp,0,0.94,1.0
basedrum,0,0.76,1.0
harp,0,0.94,1.0
harp,12,0.8,1.0
harp,0,0.63,1.0
harp,0,1.18,1.0
hat,0,0.56,1.0
harp,0,1.18,1.0
bass,12,0.7,1.0
harp,0,1.18,1.0
basedrum,0,0.76,1.0
harp,0,1.18,1.0
harp,12,0.7,1.0
harp,0,0.9,1.0
harp,0,1.06,1.0
harp,0,1.06,1.0
bass,12,0.53,1.0
basedrum,0,0.76,1.0
harp,12,0.7,1.0
harp,0,0.9,1.0
bass,12,0.7,1.0
basedrum,0,0.76,1.0
harp,12,0.7,1.0
harp,0,0.9,1.0
harp,6,0.94,1.0
harp,0,0.94,1.0
bass,6,0.6,1.0
harp,0,1.18,1.0
basedrum,0,0.76,1.0
harp,0,1.18,1.0
bass,12,0.7,1.0
harp,0,0.7,1.0
harp,0,0.9,1.0
harp,0,1.88,1.0
hat,0,0.56,1.0
harp,0,1.88,1.0
bass,12,0.8,1.0
harp,0,1.6,1.0
basedrum,0,0.76,1.0
harp,0,1.6,1.0
harp,12,0.8,1.0
harp,0,0.94,1.0
bass,12,0.6,1.0
basedrum,0,0.76,1.0
harp,12,0.8,1.0
harp,0,0.94,1.0
bass,12,0.8,1.0
basedrum,0,0.76,1.0
harp,12,0.8,1.0
harp,0,0.94,1.0
bass,12,0.6,1.0
basedrum,0,0.76,1.0
harp,12,0.8,1.0
harp,0,0.94,1.0
harp,0,1.42,1.0
hat,0,0.56,1.0
harp,0,1.42,1.0
bass,12,0.8,1.0
harp,0,1.6,1.0
basedrum,0,0.76,1.0
harp,0,1.6,1.0
harp,12,0.8,1.0
harp,0,0.94,1.0
harp,0,1.18,1.0
harp,0,1.18,1.0
harp,6,1.06,1.0
harp,0,1.06,1.0
bass,6,0.6,1.0
harp,0,0.94,1.0
basedrum,0,0.76,1.0
harp,0,0.94,1.0
harp,12,0.8,1.0
harp,0,0.94,1.0
harp,0,1.18,1.0
harp,0,1.18,1.0
harp,6,1.6,1.0
harp,0,1.6,1.0
bass,6,0.7,1.0
harp,0,1.42,1.0
basedrum,0,0.76,1.0
harp,0,1.42,1.0
harp,12,0.7,1.0
harp,0,0.9,1.0
harp,0,1.42,1.0
harp,0,1.42,1.0
harp,6,1.6,1.0
harp,0,1.6,1.0
bass,6,0.53,1.0
harp,0,1.78,1.0
basedrum,0,0.76,1.0
harp,0,1.78,1.0
harp,12,0.7,1.0
harp,0,0.9,1.0
harp,0,1.42,1.0
hat,0,0.56,1.0
harp,0,1.42,1.0
bass,12,0.8,1.0
harp,0,1.6,1.0
basedrum,0,0.76,1.0
harp,0,1.6,1.0
harp,12,0.8,1.0
harp,0,0.94,1.0
bass,12,0.6,1.0
harp,0,1.18,1.0
basedrum,0,0.76,1.0
harp,0,1.18,1.0
harp,12,0.8,1.0
harp,0,0.94,1.0
harp,0,1.6,1.0
harp,0,1.6,1.0
bass,12,0.7,1.0
harp,0,1.78,1.0
basedrum,0,0.76,1.0
harp,0,1.78,1.0
harp,6,1.42,1.0
harp,0,1.42,1.0
harp,6,0.7,1.0
harp,0,0.9,1.0
harp,0,1.18,1.0
harp,0,1.18,1.0
bass,12,0.8,1.0
harp,0,1.6,1.0
harp,0,1.18,1.0
basedrum,0,0.76,1.0
harp,0,1.6,1.0
harp,0,1.18,1.0
bass,12,0.6,1.0
harp,0,0.8,1.0
harp,0,0.94,1.0
hat,0,0.56,1.0
bass,12,0.8,1.0
harp,0,1.6,1.0
harp,0,0.94,1.0
basedrum,0,0.76,1.0
harp,0,1.6,1.0
harp,0,0.94,1.0
harp,12,0.8,1.0
harp,0,0.94,1.0
harp,0,1.18,1.0
harp,0,0.94,1.0
harp,0,1.18,1.0
harp,0,0.94,1.0
harp,6,1.06,1.0
harp,0,0.9,1.0
harp,0,1.06,1.0
harp,0,0.9,1.0
bass,6,0.6,1.0
harp,0,0.94,1.0
harp,0,0.8,1.0
basedrum,0,0.76,1.0
harp,0,0.94,1.0
harp,0,0.8,1.0
harp,12,0.8,1.0
harp,0,0.94,1.0
harp,0,1.18,1.0
harp,0,0.94,1.0
harp,0,1.18,1.0
harp,0,0.94,1.0
harp,6,1.6,1.0
harp,0,1.18,1.0
harp,0,1.6,1.0
harp,0,1.18,1.0
bass,6,0.7,1.0
harp,0,1.42,1.0
harp,0,1.06,1.0
basedrum,0,0.76,1.0
harp,0,1.42,1.0
harp,0,1.06,1.0
harp,12,0.7,1.0
harp,0,0.9,1.0
harp,0,1.42,1.0
harp,0,1.06,1.0
harp,0,1.42,1.0
harp,0,1.06,1.0
harp,6,1.6,1.0
harp,0,0.94,1.0
harp,0,1.6,1.0
harp,0,0.94,1.0
bass,6,0.53,1.0
harp,0,1.78,1.0
harp,0,0.9,1.0
basedrum,0,0.76,1.0
harp,0,1.78,1.0
harp,0,0.9,1.0
harp,12,0.7,1.0
harp,0,0.9,1.0
harp,0,1.42,1.0
harp,0,1.06,1.0
hat,0,0.56,1.0
harp,0,1.42,1.0
harp,0,1.06,1.0
bass,12,0.8,1.0
harp,0,1.6,1.0
harp,0,1.18,1.0
basedrum,0,0.76,1.0
harp,0,1.6,1.0
harp,0,1.18,1.0
harp,12,0.8,1.0
harp,0,0.94,1.0
bass,12,0.6,1.0
harp,0,1.18,1.0
harp,0,0.94,1.0
basedrum,0,0.76,1.0
harp,0,1.18,1.0
harp,0,0.94,1.0
harp,12,0.8,1.0
harp,0,0.94,1.0
harp,0,1.6,1.0
harp,0,1.18,1.0
harp,0,1.6,1.0
harp,0,1.18,1.0
bass,12,0.7,1.0
harp,0,1.78,1.0
harp,0,1.06,1.0
basedrum,0,0.76,1.0
harp,0,1.78,1.0
harp,0,1.06,1.0
harp,6,1.42,1.0
harp,0,0.9,1.0
harp,0,1.42,1.0
harp,0,0.9,1.0
harp,6,0.7,1.0
harp,0,0.9,1.0
harp,0,1.18,1.0
harp,0,0.7,1.0
harp,0,1.18,1.0
harp,0,0.7,1.0
bass,12,0.8,1.0
harp,0,1.6,1.0
harp,0,0.94,1.0
basedrum,0,0.76,1.0
harp,0,1.6,1.0
harp,0,0.94,1.0
bass,12,0.6,1.0
harp,0,0.8,1.0
harp,0,0.94,1.0
hat,0,0.56,1.0
bass,12,0.8,1.0
harp,12,0.8,1.0
harp,0,0.94,1.0
bass,12,0.6,1.0
harp,12,0.8,1.0
harp,0,0.94,1.0
bass,12,0.7,1.0
harp,12,0.7,1.0
harp,0,0.9,1.0
bass,12,0.53,1.0
harp,12,0.7,1.0
harp,0,0.9,1.0
bass,12,0.63,1.0
harp,12,0.63,1.0
harp,0,0.8,1.0
bass,12,0.94,1.0
harp,12,0.63,1.0
harp,0,0.8,1.0
bass,12,0.7,1.0
harp,12,0.7,1.0
harp,0,0.9,1.0
bass,12,0.6,1.0
bass,12,0.7,1.0
harp,0,0.7,1.0
harp,0,0.9,1.0
harp,0,1.6,1.0
harp,0,1.6,1.0
harp,6,1.42,1.0
harp,0,1.42,1.0
bass,6,0.8,1.0
harp,0,1.6,1.0
harp,0,1.6,1.0
harp,12,0.8,1.0
harp,0,0.94,1.0
bass,12,0.6,1.0
harp,0,1.18,1.0
harp,0,1.18,1.0
harp,12,0.8,1.0
harp,0,0.94,1.0
bass,12,0.7,1.0
harp,12,0.7,1.0
harp,0,0.9,1.0
harp,0,1.18,1.0
harp,0,1.18,1.0
bass,12,0.53,1.0
harp,0,1.06,1.0
harp,0,1.06,1.0
harp,12,0.7,1.0
harp,0,0.9,1.0
harp,0,1.18,1.0
harp,0,1.18,1.0
bass,12,0.63,1.0
harp,0,1.26,1.0
harp,0,1.26,1.0
harp,12,0.63,1.0
harp,0,0.8,1.0
bass,12,0.94,1.0
harp,0,1.18,1.0
harp,0,1.18,1.0
harp,12,0.63,1.0
harp,0,0.8,1.0
harp,0,0.94,1.0
harp,0,0.94,1.0
bass,12,0.7,1.0
harp,0,0.9,1.0
harp,0,0.9,1.0
harp,12,0.7,1.0
harp,0,0.9,1.0
harp,0,1.18,1.0
harp,0,1.18,1.0
bass,12,0.6,1.0
harp,0,1.42,1.0
harp,0,1.42,1.0
bass,12,0.7,1.0
harp,0,0.7,1.0
harp,0,0.9,1.0
harp,0,1.78,1.0
harp,0,1.78,1.0
bass,12,0.8,1.0
harp,0,1.88,1.0
harp,0,1.88,1.0
harp,12,0.8,1.0
harp,0,0.94,1.0
bass,12,0.6,1.0
harp,0,1.6,1.0
harp,0,1.6,1.0
harp,12,0.8,1.0
harp,0,0.94,1.0
harp,0,1.18,1.0
harp,0,1.18,1.0
bass,12,0.6,1.0
harp,0,1.78,1.0
harp,0,1.78,1.0
harp,12,0.9,1.0
harp,0,0.7,1.0
harp,6,1.6,1.0
harp,0,1.6,1.0
bass,6,0.9,1.0
harp,0,1.42,1.0
harp,0,1.42,1.0
harp,12,0.9,1.0
harp,0,0.7,1.0
bass,12,0.63,1.0
harp,0,1.6,1.0
harp,0,1.6,1.0
harp,12,0.94,1.0
harp,0,0.8,1.0
bass,12,0.94,1.0
harp,0,1.88,1.0
harp,0,1.88,1.0
harp,12,0.94,1.0
harp,0,0.8,1.0
bass,12,0.53,1.0
harp,0,1.6,1.0
harp,0,1.6,1.0
harp,12,0.8,1.0
harp,0,0.63,1.0
harp,0,1.42,1.0
harp,0,1.42,1.0
bass,12,0.8,1.0
harp,0,1.26,1.0
harp,0,1.26,1.0
harp,12,0.8,1.0
harp,0,0.63,1.0
harp,0,1.18,1.0
harp,0,0.8,1.0
hat,0,0.56,1.0
harp,0,1.18,1.0
harp,0,0.8,1.0
harp,6,1.42,1.0
harp,0,0.9,1.0
harp,0,1.42,1.0
harp,0,0.9,1.0
bass,6,0.8,1.0
harp,0,1.6,1.0
harp,0,0.94,1.0
basedrum,0,0.76,1.0
harp,0,1.6,1.0
harp,0,0.94,1.0
harp,12,0.8,1.0
harp,0,0.94,1.0
bass,12,0.6,1.0
harp,0,1.18,1.0
harp,0,0.94,1.0
basedrum,0,0.76,1.0
harp,0,1.18,1.0
harp,0,0.94,1.0
harp,12,0.8,1.0
harp,0,0.94,1.0
harp,0,1.18,1.0
harp,0,0.94,1.0
harp,0,1.18,1.0
harp,0,0.94,1.0
harp,6,1.6,1.0
harp,0,1.18,1.0
harp,0,1.6,1.0
harp,0,1.18,1.0
bass,6,0.7,1.0
harp,0,1.78,1.0
harp,0,1.06,1.0
basedrum,0,0.76,1.0
harp,0,1.78,1.0
harp,0,1.06,1.0
harp,6,1.88,1.0
harp,0,1.18,1.0
harp,0,1.88,1.0
harp,0,1.18,1.0
harp,6,0.7,1.0
harp,0,0.9,1.0
harp,0,1.42,1.0
harp,0,1.06,1.0
harp,0,1.78,1.0
harp,0,1.06,1.0
harp,6,1.6,1.0
harp,0,0.94,1.0
harp,0,1.6,1.0
harp,0,0.94,1.0
bass,6,0.53,1.0
harp,0,1.42,1.0
harp,0,0.9,1.0
basedrum,0,0.76,1.0
harp,0,1.42,1.0
harp,0,0.9,1.0
harp,12,0.7,1.0
harp,0,0.9,1.0
harp,0,1.42,1.0
harp,0,1.06,1.0
hat,0,0.56,1.0
harp,0,1.42,1.0
harp,0,1.06,1.0
bass,12,0.63,1.0
harp,0,1.6,1.0
harp,0,1.26,1.0
basedrum,0,0.76,1.0
harp,0,1.6,1.0
harp,0,1.26,1.0
harp,12,0.94,1.0
harp,0,0.8,1.0
harp,0,1.42,1.0
harp,0,1.18,1.0
harp,0,1.42,1.0
harp,0,1.18,1.0
bass,12,0.94,1.0
harp,0,1.26,1.0
harp,0,1.06,1.0
basedrum,0,0.76,1.0
harp,0,1.26,1.0
harp,0,1.06,1.0
harp,12,0.94,1.0
harp,0,0.8,1.0
harp,0,1.42,1.0
harp,0,1.18,1.0
harp,0,1.42,1.0
harp,0,1.18,1.0
bass,12,0.53,1.0
harp,0,1.26,1.0
harp,0,1.06,1.0
basedrum,0,0.76,1.0
harp,0,1.26,1.0
harp,0,1.06,1.0
harp,12,0.8,1.0
harp,0,0.63,1.0
harp,6,1.42,1.0
harp,0,1.18,1.0
harp,0,1.42,1.0
harp,0,1.18,1.0
bass,6,0.8,1.0
harp,0,1.26,1.0
harp,0,1.06,1.0
basedrum,0,0.76,1.0
harp,0,1.26,1.0
harp,0,1.06,1.0
bass,12,0.6,1.0
harp,0,0.8,1.0
harp,0,0.63,1.0
harp,0,1.18,1.0
harp,0,0.94,1.0
hat,0,0.56,1.0
harp,0,1.18,1.0
harp,0,0.94,1.0
harp,6,1.18,1.0
harp,0,1.42,1.0
harp,0,1.18,1.0
harp,0,1.42,1.0
bass,6,0.8,1.0
harp,0,1.6,1.0
harp,0,0.94,1.0
basedrum,0,0.76,1.0
harp,0,1.6,1.0
harp,0,0.94,1.0
harp,12,0.8,1.0
harp,0,0.94,1.0
harp,0,1.18,1.0
harp,0,0.94,1.0
harp,0,1.18,1.0
harp,0,0.94,1.0
harp,6,1.06,1.0
harp,0,0.9,1.0
harp,0,1.06,1.0
harp,0,0.9,1.0
bass,6,0.6,1.0
harp,0,0.94,1.0
harp,0,0.8,1.0
basedrum,0,0.76,1.0
harp,0,0.94,1.0
harp,0,0.8,1.0
harp,12,0.8,1.0
harp,0,0.94,1.0
harp,0,1.18,1.0
harp,0,0.94,1.0
harp,0,1.18,1.0
harp,0,0.94,1.0
harp,6,1.6,1.0
harp,0,1.18,1.0
harp,0,1.6,1.0
harp,0,1.18,1.0
bass,6,0.7,1.0
harp,0,1.42,1.0
harp,0,1.06,1.0
basedrum,0,0.76,1.0
harp,0,1.42,1.0
harp,0,1.06,1.0
harp,12,0.7,1.0
harp,0,0.9,1.0
harp,0,1.42,1.0
harp,0,1.06,1.0
harp,0,1.42,1.0
harp,0,1.06,1.0
harp,6,1.6,1.0
harp,0,0.94,1.0
harp,0,1.6,1.0
harp,0,0.94,1.0
bass,6,0.53,1.0
harp,0,1.78,1.0
harp,0,0.9,1.0
basedrum,0,0.76,1.0
harp,0,1.78,1.0
harp,0,0.9,1.0
harp,12,0.7,1.0
harp,0,0.9,1.0
harp,0,1.42,1.0
harp,0,1.06,1.0
hat,0,0.56,1.0
harp,0,1.42,1.0
harp,0,1.06,1.0
bass,12,0.8,1.0
harp,0,1.6,1.0
harp,0,1.18,1.0
basedrum,0,0.76,1.0
harp,0,1.6,1.0
harp,0,1.18,1.0
harp,12,0.8,1.0
harp,0,0.94,1.0
bass,12,0.6,1.0
harp,0,1.18,1.0
harp,0,0.94,1.0
basedrum,0,0.76,1.0
harp,0,1.18,1.0
harp,0,0.94,1.0
harp,12,0.8,1.0
harp,0,0.94,1.0
harp,0,1.6,1.0
harp,0,1.18,1.0
harp,0,1.6,1.0
harp,0,1.18,1.0
bass,12,0.7,1.0
harp,0,1.78,1.0
harp,0,1.06,1.0
basedrum,0,0.76,1.0
harp,0,1.78,1.0
harp,0,1.06,1.0
harp,6,1.42,1.0
harp,0,0.9,1.0
harp,0,1.42,1.0
harp,0,0.9,1.0
harp,6,0.7,1.0
harp,0,0.9,1.0
harp,0,1.18,1.0
harp,0,0.7,1.0
harp,0,1.18,1.0
harp,0,0.7,1.0
bass,12,0.8,1.0
harp,0,1.6,1.0
harp,0,0.94,1.0
basedrum,0,0.76,1.0
harp,0,1.6,1.0
harp,0,0.94,1.0
bass,12,0.6,1.0
harp,0,0.8,1.0
harp,0,0.94,1.0
hat,0,0.56,1.0
bass,12,0.8,1.0
harp,0,1.6,1.0
harp,0,0.94,1.0
basedrum,0,0.76,1.0
harp,0,1.6,1.0
harp,0,0.94,1.0
harp,12,0.8,1.0
harp,0,0.94,1.0
harp,0,1.18,1.0
harp,0,0.94,1.0
harp,0,1.18,1.0
harp,0,0.94,1.0
harp,6,1.06,1.0
harp,0,0.9,1.0
harp,0,1.06,1.0
harp,0,0.9,1.0
bass,6,0.6,1.0
harp,0,0.94,1.0
harp,0,0.8,1.0
basedrum,0,0.76,1.0
harp,0,0.94,1.0
harp,0,0.8,1.0
harp,12,0.8,1.0
harp,0,0.94,1.0
harp,0,1.18,1.0
harp,0,0.94,1.0
harp,0,1.18,1.0
harp,0,0.94,1.0
harp,6,1.6,1.0
harp,0,1.18,1.0
harp,0,1.6,1.0
harp,0,1.18,1.0
bass,6,0.7,1.0
harp,0,1.42,1.0
harp,0,1.06,1.0
basedrum,0,0.76,1.0
harp,0,1.42,1.0
harp,0,1.06,1.0
harp,12,0.7,1.0
harp,0,0.9,1.0
harp,0,1.42,1.0
harp,0,1.06,1.0
harp,0,1.42,1.0
harp,0,1.06,1.0
harp,6,1.6,1.0
harp,0,0.94,1.0
harp,0,1.6,1.0
harp,0,0.94,1.0
bass,6,0.53,1.0
harp,0,1.78,1.0
harp,0,0.9,1.0
basedrum,0,0.76,1.0
harp,0,1.78,1.0
harp,0,0.9,1.0
harp,12,0.7,1.0
harp,0,0.9,1.0
harp,0,1.42,1.0
harp,0,1.06,1.0
hat,0,0.56,1.0
harp,0,1.42,1.0
harp,0,1.06,1.0
bass,12,0.8,1.0
harp,0,1.6,1.0
harp,0,0.94,1.0
basedrum,0,0.76,1.0
harp,0,1.6,1.0
harp,0,0.94,1.0
harp,6,1.78,1.0
harp,0,1.06,1.0
harp,0,1.78,1.0
harp,0,1.06,1.0
harp,6,0.8,1.0
harp,0,0.94,1.0
harp,0,1.88,1.0
harp,0,1.18,1.0
harp,0,1.88,1.0
harp,0,1.18,1.0
harp,6,1.78,1.0
harp,0,1.06,1.0
harp,0,1.78,1.0
harp,0,1.06,1.0
bass,6,0.6,1.0
harp,0,1.6,1.0
harp,0,0.94,1.0
basedrum,0,0.76,1.0
harp,0,1.6,1.0
harp,0,0.94,1.0
harp,12,0.8,1.0
harp,0,0.94,1.0
harp,0,1.6,1.0
harp,0,1.18,1.0
harp,0,1.6,1.0
harp,0,1.18,1.0
bass,12,0.7,1.0
harp,0,1.78,1.0
harp,0,1.06,1.0
basedrum,0,0.76,1.0
harp,0,1.78,1.0
harp,0,1.06,1.0
harp,6,1.42,1.0
harp,0,0.9,1.0
harp,0,1.42,1.0
harp,0,0.9,1.0
harp,6,0.7,1.0
harp,0,0.9,1.0
harp,0,1.18,1.0
harp,0,0.7,1.0
harp,0,1.18,1.0
harp,0,0.7,1.0
bass,12,0.8,1.0
harp,0,1.6,1.0
harp,0,0.94,1.0
basedrum,0,0.76,1.0
harp,0,1.6,1.0
harp,0,0.94,1.0
bass,12,0.8,1.0
basedrum,0,0.76,1.0
hat,0,0.56,1.0
basedrum,6,0.76,1.0
bass,6,0.8,1.0
basedrum,0,0.76,1.0
harp,12,0.8,1.0
harp,0,0.94,1.0
bass,12,0.6,1.0
basedrum,0,0.76,1.0
harp,12,0.8,1.0
harp,0,0.94,1.0
bass,12,0.6,1.0
basedrum,0,0.76,1.0
harp,12,0.9,1.0
harp,0,0.7,1.0
bass,12,0.9,1.0
basedrum,0,0.76,1.0
harp,12,0.9,1.0
harp,0,0.7,1.0
hat,0,0.56,1.0
bass,12,0.63,1.0
basedrum,0,0.76,1.0
harp,12,0.94,1.0
harp,0,0.8,1.0
bass,12,0.94,1.0
basedrum,0,0.76,1.0
harp,12,0.94,1.0
harp,0,0.8,1.0
bass,12,0.53,1.0
basedrum,0,0.76,1.0
harp,12,0.8,1.0
harp,0,0.63,1.0
bass,12,0.8,1.0
basedrum,0,0.76,1.0
harp,12,0.8,1.0
harp,0,0.63,1.0
bass,0,0.94,1.0
hat,0,0.56,1.0
bass,0,0.94,1.0
bass,6,1.18,1.0
bass,0,1.18,1.0
bass,6,0.8,1.0
bass,0,1.6,1.0
basedrum,0,0.76,1.0
bass,0,1.6,1.0
harp,12,0.8,1.0
harp,0,0.94,1.0
bass,12,0.6,1.0
basedrum,0,0.76,1.0
harp,12,0.8,1.0
harp,0,0.94,1.0
bass,0,1.18,1.0
bass,0,1.18,1.0
bass,12,0.6,1.0
bass,0,1.18,1.0
basedrum,0,0.76,1.0
bass,0,1.18,1.0
bass,6,1.06,1.0
bass,0,1.06,1.0
harp,6,0.9,1.0
harp,0,0.7,1.0
bass,12,0.9,1.0
basedrum,0,0.76,1.0
harp,12,0.9,1.0
harp,0,0.7,1.0
bass,0,0.94,1.0
hat,0,0.56,1.0
bass,0,0.94,1.0
bass,6,0.9,1.0
bass,0,0.9,1.0
bass,6,0.63,1.0
bass,0,0.8,1.0
basedrum,0,0.76,1.0
bass,0,0.8,1.0
bass,6,0.9,1.0
bass,0,0.9,1.0
harp,6,0.94,1.0
harp,0,0.8,1.0
bass,0,0.8,1.0
bass,0,0.8,1.0
bass,12,0.94,1.0
basedrum,0,0.76,1.0
harp,12,0.94,1.0
harp,0,0.8,1.0
bass,12,0.53,1.0
harp,0,0.8,1.0
basedrum,0,0.76,1.0
harp,0,0.8,1.0
harp,12,0.8,1.0
harp,0,0.63,1.0
harp,0,1.18,1.0
harp,0,1.18,1.0
bass,12,0.8,1.0
harp,0,1.6,1.0
basedrum,0,0.76,1.0
harp,0,1.6,1.0
harp,12,0.8,1.0
harp,0,0.63,1.0
harp,0,1.88,1.0
hat,0,0.56,1.0
harp,0,1.88,1.0
bass,12,0.8,1.0
harp,0,1.88,1.0
basedrum,0,0.76,1.0
harp,0,1.88,1.0
harp,12,0.8,1.0
harp,0,0.94,1.0
harp,6,1.78,1.0
harp,0,1.78,1.0
bass,6,0.6,1.0
harp,0,1.6,1.0
basedrum,0,0.76,1.0
harp,0,1.6,1.0
harp,12,0.8,1.0
harp,0,0.94,1.0
harp,0,1.78,1.0
harp,0,1.78,1.0
bass,12,0.6,1.0
harp,0,1.42,1.0
basedrum,0,0.76,1.0
harp,0,1.42,1.0
harp,12,0.9,1.0
harp,0,0.7,1.0
harp,6,1.26,1.0
harp,0,1.26,1.0
bass,6,0.9,1.0
harp,0,1.18,1.0
basedrum,0,0.76,1.0
harp,0,1.18,1.0
harp,12,0.9,1.0
harp,0,0.7,1.0
hat,0,0.56,1.0
bass,12,0.63,1.0
harp,0,1.26,1.0
basedrum,0,0.76,1.0
harp,0,1.26,1.0
harp,12,0.94,1.0
harp,0,0.8,1.0
bass,12,0.94,1.0
harp,0,1.26,1.0
basedrum,0,0.76,1.0
harp,0,1.26,1.0
harp,12,0.94,1.0
harp,0,0.8,1.0
bass,12,0.53,1.0
harp,0,1.06,1.0
basedrum,0,0.76,1.0
harp,0,1.06,1.0
harp,12,0.8,1.0
harp,0,0.63,1.0
bass,12,0.8,1.0
harp,0,1.26,1.0
basedrum,0,0.76,1.0
harp,0,1.26,1.0
harp,12,0.8,1.0
harp,0,0.63,1.0
harp,0,1.42,1.0
hat,0,0.56,1.0
harp,0,1.42,1.0
bass,12,0.7,1.0
harp,0,1.42,1.0
basedrum,0,0.76,1.0
harp,0,1.42,1.0
harp,12,0.7,1.0
harp,0,0.9,1.0
harp,6,1.26,1.0
harp,0,1.26,1.0
bass,6,0.53,1.0
harp,0,1.18,1.0
basedrum,0,0.76,1.0
harp,0,1.18,1.0
harp,12,0.7,1.0
harp,0,0.9,1.0
bass,12,0.7,1.0
basedrum,0,0.76,1.0
harp,12,0.7,1.0
harp,0,0.9,1.0
harp,0,1.06,1.0
harp,0,1.06,1.0
bass,12,0.6,1.0
harp,0,1.18,1.0
basedrum,0,0.76,1.0
harp,0,1.18,1.0
harp,6,1.06,1.0
harp,0,1.06,1.0
bass,6,0.7,1.0
harp,0,0.7,1.0
harp,0,0.9,1.0
harp,0,0.94,1.0
hat,0,0.56,1.0
harp,0,0.94,1.0
harp,6,0.9,1.0
harp,0,0.9,1.0
bass,6,0.8,1.0
harp,0,0.94,1.0
harp,0,0.8,1.0
basedrum,0,0.76,1.0
harp,0,0.94,1.0
harp,0,0.8,1.0
harp,6,1.18,1.0
harp,0,1.18,1.0
harp,6,0.8,1.0
harp,0,0.94,1.0
harp,0,1.6,1.0
harp,0,1.6,1.0
bass,12,0.6,1.0
basedrum,0,0.76,1.0
harp,12,0.8,1.0
harp,0,0.94,1.0
bass,12,0.8,1.0
basedrum,0,0.76,1.0
harp,12,0.8,1.0
harp,0,0.94,1.0
bass,12,0.6,1.0
basedrum,0,0.76,1.0
harp,12,0.8,1.0
harp,0,0.94,1.0
hat,0,0.56,1.0
bass,12,0.8,1.0
basedrum,0,0.76,1.0
harp,12,0.8,1.0
harp,0,0.94,1.0
bass,12,0.6,1.0
basedrum,0,0.76,1.0
harp,12,0.8,1.0
harp,0,0.94,1.0
bass,12,0.7,1.0
basedrum,0,0.76,1.0
harp,12,0.7,1.0
harp,0,0.9,1.0
bass,12,0.53,1.0
basedrum,0,0.76,1.0
harp,12,0.7,1.0
harp,0,0.9,1.0
hat,0,0.56,1.0
bass,12,0.63,1.0
basedrum,0,0.76,1.0
harp,12,0.63,1.0
harp,0,0.8,1.0
bass,12,0.94,1.0
basedrum,0,0.76,1.0
harp,12,0.63,1.0
harp,0,0.8,1.0
bass,12,0.7,1.0
basedrum,0,0.76,1.0
harp,12,0.7,1.0
harp,0,0.9,1.0
bass,12,0.6,1.0
basedrum,0,0.76,1.0
bass,12,0.7,1.0
harp,0,0.7,1.0
harp,0,0.9,1.0
hat,0,0.56,1.0
bass,12,0.8,1.0
basedrum,0,0.76,1.0
harp,12,0.8,1.0
harp,0,0.94,1.0
bass,12,0.6,1.0
basedrum,0,0.76,1.0
harp,12,0.8,1.0
harp,0,0.94,1.0
bass,12,0.7,1.0
basedrum,0,0.76,1.0
harp,12,0.7,1.0
harp,0,0.9,1.0
bass,12,0.53,1.0
basedrum,0,0.76,1.0
harp,12,0.7,1.0
harp,0,0.9,1.0
hat,0,0.56,1.0
bass,12,0.63,1.0
basedrum,0,0.76,1.0
harp,12,0.63,1.0
harp,0,0.8,1.0
bass,12,0.94,1.0
basedrum,0,0.76,1.0
harp,12,0.63,1.0
harp,0,0.8,1.0
bass,12,0.7,1.0
harp,0,1.18,1.0
basedrum,0,0.76,1.0
harp,0,1.18,1.0
harp,12,0.7,1.0
harp,0,0.9,1.0
harp,0,1.42,1.0
harp,0,1.42,1.0
bass,12,0.6,1.0
harp,0,1.78,1.0
basedrum,0,0.76,1.0
harp,0,1.78,1.0
bass,12,0.7,1.0
harp,0,0.7,1.0
harp,0,0.9,1.0
harp,0,1.42,1.0
hat,0,0.56,1.0
harp,0,1.42,1.0
bass,12,0.8,1.0
harp,0,1.6,1.0
basedrum,0,0.76,1.0
harp,0,1.6,1.0
harp,12,0.8,1.0
harp,0,0.94,1.0
bass,12,0.6,1.0
harp,0,1.18,1.0
basedrum,0,0.76,1.0
harp,0,1.18,1.0
harp,12,0.8,1.0
harp,0,0.94,1.0
harp,6,1.06,1.0
harp,0,1.06,1.0
bass,6,0.6,1.0
harp,0,1.18,1.0
basedrum,0,0.76,1.0
harp,0,1.18,1.0
harp,12,0.9,1.0
harp,0,0.7,1.0
bass,12,0.9,1.0
harp,0,1.42,1.0
basedrum,0,0.76,1.0
harp,0,1.42,1.0
harp,12,0.9,1.0
harp,0,0.7,1.0
hat,0,0.56,1.0
bass,12,0.63,1.0
harp,0,1.06,1.0
basedrum,0,0.76,1.0
harp,0,1.06,1.0
harp,12,0.94,1.0
harp,0,0.8,1.0
bass,12,0.94,1.0
harp,0,1.18,1.0
basedrum,0,0.76,1.0
harp,0,1.18,1.0
harp,12,0.94,1.0
harp,0,0.8,1.0
harp,6,1.06,1.0
harp,0,1.06,1.0
bass,6,0.53,1.0
harp,0,1.18,1.0
basedrum,0,0.76,1.0
harp,0,1.18,1.0
harp,12,0.8,1.0
harp,0,0.63,1.0
harp,0,1.06,1.0
harp,0,1.06,1.0
bass,12,0.8,1.0
harp,0,0.94,1.0
basedrum,0,0.76,1.0
harp,0,0.94,1.0
harp,12,0.8,1.0
harp,0,0.63,1.0
harp,0,1.18,1.0
hat,0,0.56,1.0
harp,0,1.18,1.0
bass,12,0.7,1.0
harp,0,1.18,1.0
basedrum,0,0.76,1.0
harp,0,1.18,1.0
harp,12,0.7,1.0
harp,0,0.9,1.0
harp,0,1.06,1.0
harp,0,1.06,1.0
bass,12,0.53,1.0
basedrum,0,0.76,1.0
harp,12,0.7,1.0
harp,0,0.9,1.0
bass,12,0.7,1.0
basedrum,0,0.76,1.0
harp,12,0.7,1.0
harp,0,0.9,1.0
harp,6,0.94,1.0
harp,0,0.94,1.0
bass,6,0.6,1.0
harp,0,1.18,1.0
basedrum,0,0.76,1.0
harp,0,1.18,1.0
bass,12,0.7,1.0
harp,0,0.7,1.0
harp,0,0.9,1.0
harp,0,1.88,1.0
hat,0,0.56,1.0
harp,0,1.88,1.0
bass,12,0.8,1.0
harp,0,1.6,1.0
basedrum,0,0.76,1.0
harp,0,1.6,1.0
harp,12,0.8,1.0
harp,0,0.94,1.0
bass,12,0.6,1.0
basedrum,0,0.76,1.0
harp,12,0.8,1.0
harp,0,0.94,1.0
bass,12,0.8,1.0
basedrum,0,0.76,1.0
harp,12,0.8,1.0
harp,0,0.94,1.0
bass,12,0.6,1.0
basedrum,0,0.76,1.0
harp,12,0.8,1.0
harp,0,0.94,1.0
harp,0,1.42,1.0
hat,0,0.56,1.0
harp,0,1.42,1.0
bass,12,0.8,1.0
harp,0,1.6,1.0
basedrum,0,0.76,1.0
harp,0,1.6,1.0
harp,12,0.8,1.0
harp,0,0.94,1.0
harp,0,1.18,1.0
harp,0,1.18,1.0
harp,6,1.06,1.0
harp,0,1.06,1.0
bass,6,0.6,1.0
harp,0,0.94,1.0
basedrum,0,0.76,1.0
harp,0,0.94,1.0
harp,12,0.8,1.0
harp,0,0.94,1.0
harp,0,1.18,1.0
harp,0,1.18,1.0
harp,6,1.6,1.0
harp,0,1.6,1.0
bass,6,0.7,1.0
harp,0,1.42,1.0
basedrum,0,0.76,1.0
harp,0,1.42,1.0
harp,12,0.7,1.0
harp,0,0.9,1.0
harp,0,1.42,1.0
harp,0,1.42,1.0
harp,6,1.6,1.0
harp,0,1.6,1.0
bass,6,0.53,1.0
harp,0,1.78,1.0
basedrum,0,0.76,1.0
harp,0,1.78,1.0
harp,12,0.7,1.0
harp,0,0.9,1.0
harp,0,1.42,1.0
hat,0,0.56,1.0
harp,0,1.42,1.0
bass,12,0.8,1.0
harp,0,1.6,1.0
basedrum,0,0.76,1.0
harp,0,1.6,1.0
harp,12,0.8,1.0
harp,0,0.94,1.0
bass,12,0.6,1.0
harp,0,1.18,1.0
basedrum,0,0.76,1.0
harp,0,1.18,1.0
harp,12,0.8,1.0
harp,0,0.94,1.0
harp,0,1.6,1.0
harp,0,1.6,1.0
bass,12,0.7,1.0
harp,0,1.78,1.0
basedrum,0,0.76,1.0
harp,0,1.78,1.0
harp,6,1.42,1.0
harp,0,1.42,1.0
harp,6,0.7,1.0
harp,0,0.9,1.0
harp,0,1.18,1.0
harp,0,1.18,1.0
bass,12,0.8,1.0
harp,0,1.6,1.0
harp,0,1.18,1.0
basedrum,0,0.76,1.0
harp,0,1.6,1.0
harp,0,1.18,1.0
bass,12,0.6,1.0
harp,0,0.8,1.0
harp,0,0.94,1.0
hat,0,0.56,1.0
bass,12,0.8,1.0
harp,0,1.6,1.0
harp,0,0.94,1.0
basedrum,0,0.76,1.0
harp,0,1.6,1.0
harp,0,0.94,1.0
harp,12,0.8,1.0
harp,0,0.94,1.0
harp,0,1.18,1.0
harp,0,0.94,1.0
harp,0,1.18,1.0
harp,0,0.94,1.0
harp,6,1.06,1.0
harp,0,0.9,1.0
harp,0,1.06,1.0
harp,0,0.9,1.0
bass,6,0.6,1.0
harp,0,0.94,1.0
harp,0,0.8,1.0
basedrum,0,0.76,1.0
harp,0,0.94,1.0
harp,0,0.8,1.0
harp,12,0.8,1.0
harp,0,0.94,1.0
harp,0,1.18,1.0
harp,0,0.94,1.0
harp,0,1.18,1.0
harp,0,0.94,1.0
harp,6,1.6,1.0
harp,0,1.18,1.0
harp,0,1.6,1.0
harp,0,1.18,1.0
bass,6,0.7,1.0
harp,0,1.42,1.0
harp,0,1.06,1.0
basedrum,0,0.76,1.0
harp,0,1.42,1.0
harp,0,1.06,1.0
harp,12,0.7,1.0
harp,0,0.9,1.0
harp,0,1.42,1.0
harp,0,1.06,1.0
harp,0,1.42,1.0
harp,0,1.06,1.0
harp,6,1.6,1.0
harp,0,0.94,1.0
harp,0,1.6,1.0
harp,0,0.94,1.0
bass,6,0.53,1.0
harp,0,1.78,1.0
harp,0,0.9,1.0
basedrum,0,0.76,1.0
harp,0,1.78,1.0
harp,0,0.9,1.0
harp,12,0.7,1.0
harp,0,0.9,1.0
harp,0,1.42,1.0
harp,0,1.06,1.0
hat,0,0.56,1.0
harp,0,1.42,1.0
harp,0,1.06,1.0
bass,12,0.8,1.0
harp,0,1.6,1.0
harp,0,1.18,1.0
basedrum,0,0.76,1.0
harp,0,1.6,1.0
harp,0,1.18,1.0
harp,12,0.8,1.0
harp,0,0.94,1.0
bass,12,0.6,1.0
harp,0,1.18,1.0
harp,0,0.94,1.0
basedrum,0,0.76,1.0
harp,0,1.18,1.0
harp,0,0.94,1.0
harp,12,0.8,1.0
harp,0,0.94,1.0
harp,0,1.6,1.0
harp,0,1.18,1.0
harp,0,1.6,1.0
harp,0,1.18,1.0
bass,12,0.7,1.0
harp,0,1.78,1.0
harp,0,1.06,1.0
basedrum,0,0.76,1.0
harp,0,1.78,1.0
harp,0,1.06,1.0
harp,6,1.42,1.0
harp,0,0.9,1.0
harp,0,1.42,1.0
harp,0,0.9,1.0
harp,6,0.7,1.0
harp,0,0.9,1.0
harp,0,1.18,1.0
harp,0,0.7,1.0
harp,0,1.18,1.0
harp,0,0.7,1.0
bass,12,0.8,1.0
harp,0,1.6,1.0
harp,0,0.94,1.0
basedrum,0,0.76,1.0
harp,0,1.6,1.0
harp,0,0.94,1.0
bass,12,0.6,1.0
harp,0,0.8,1.0
harp,0,0.94,1.0
hat,0,0.56,1.0
bass,12,0.8,1.0
harp,12,0.8,1.0
harp,0,0.94,1.0
bass,12,0.6,1.0
harp,12,0.8,1.0
harp,0,0.94,1.0
bass,12,0.7,1.0
harp,12,0.7,1.0
harp,0,0.9,1.0
bass,12,0.53,1.0
harp,12,0.7,1.0
harp,0,0.9,1.0
bass,12,0.63,1.0
harp,12,0.63,1.0
harp,0,0.8,1.0
bass,12,0.94,1.0
harp,12,0.63,1.0
harp,0,0.8,1.0
bass,12,0.7,1.0
harp,12,0.7,1.0
harp,0,0.9,1.0
bass,12,0.6,1.0
bass,12,0.7,1.0
harp,0,0.7,1.0
harp,0,0.9,1.0
harp,0,1.6,1.0
harp,0,1.6,1.0
harp,6,1.42,1.0
harp,0,1.42,1.0
bass,6,0.8,1.0
harp,0,1.6,1.0
harp,0,1.6,1.0
harp,12,0.8,1.0
harp,0,0.94,1.0
bass,12,0.6,1.0
harp,0,1.18,1.0
harp,0,1.18,1.0
harp,12,0.8,1.0
harp,0,0.94,1.0
bass,12,0.7,1.0
harp,12,0.7,1.0
harp,0,0.9,1.0
harp,0,1.18,1.0
harp,0,1.18,1.0
bass,12,0.53,1.0
harp,0,1.06,1.0
harp,0,1.06,1.0
harp,12,0.7,1.0
harp,0,0.9,1.0
harp,0,1.18,1.0
harp,0,1.18,1.0
bass,12,0.63,1.0
harp,0,1.26,1.0
harp,0,1.26,1.0
harp,12,0.63,1.0
harp,0,0.8,1.0
bass,12,0.94,1.0
harp,0,1.18,1.0
harp,0,1.18,1.0
harp,12,0.63,1.0
harp,0,0.8,1.0
harp,0,0.94,1.0
harp,0,0.94,1.0
bass,12,0.7,1.0
harp,0,0.9,1.0
harp,0,0.9,1.0
harp,12,0.7,1.0
harp,0,0.9,1.0
harp,0,1.18,1.0
harp,0,1.18,1.0
bass,12,0.6,1.0
harp,0,1.42,1.0
harp,0,1.42,1.0
bass,12,0.7,1.0
harp,0,0.7,1.0
harp,0,0.9,1.0
harp,0,1.78,1.0
harp,0,1.78,1.0
bass,12,0.8,1.0
harp,0,1.88,1.0
harp,0,1.88,1.0
harp,12,0.8,1.0
harp,0,0.94,1.0
bass,12,0.6,1.0
harp,0,1.6,1.0
harp,0,1.6,1.0
harp,12,0.8,1.0
harp,0,0.94,1.0
harp,0,1.18,1.0
harp,0,1.18,1.0
bass,12,0.6,1.0
harp,0,1.78,1.0
harp,0,1.78,1.0
harp,12,0.9,1.0
harp,0,0.7,1.0
harp,6,1.6,1.0
harp,0,1.6,1.0
bass,6,0.9,1.0
harp,0,1.42,1.0
harp,0,1.42,1.0
harp,12,0.9,1.0
harp,0,0.7,1.0
bass,12,0.63,1.0
harp,0,1.6,1.0
harp,0,1.6,1.0
harp,12,0.94,1.0
harp,0,0.8,1.0
bass,12,0.94,1.0
harp,0,1.88,1.0
harp,0,1.88,1.0
harp,12,0.94,1.0
harp,0,0.8,1.0
bass,12,0.53,1.0
harp,0,1.6,1.0
harp,0,1.6,1.0
harp,12,0.8,1.0
harp,0,0.63,1.0
harp,0,1.42,1.0
harp,0,1.42,1.0
bass,12,0.8,1.0
harp,0,1.26,1.0
harp,0,1.26,1.0
harp,12,0.8,1.0
harp,0,0.63,1.0
harp,0,1.18,1.0
harp,0,0.8,1.0
hat,0,0.56,1.0
harp,0,1.18,1.0
harp,0,0.8,1.0
harp,6,1.42,1.0
harp,0,0.9,1.0
harp,0,1.42,1.0
harp,0,0.9,1.0
bass,6,0.8,1.0
harp,0,1.6,1.0
harp,0,0.94,1.0
basedrum,0,0.76,1.0
harp,0,1.6,1.0
harp,0,0.94,1.0
harp,12,0.8,1.0
harp,0,0.94,1.0
bass,12,0.6,1.0
harp,0,1.18,1.0
harp,0,0.94,1.0
basedrum,0,0.76,1.0
harp,0,1.18,1.0
harp,0,0.94,1.0
harp,12,0.8,1.0
harp,0,0.94,1.0
harp,0,1.18,1.0
harp,0,0.94,1.0
harp,0,1.18,1.0
harp,0,0.94,1.0
harp,6,1.6,1.0
harp,0,1.18,1.0
harp,0,1.6,1.0
harp,0,1.18,1.0
bass,6,0.7,1.0
harp,0,1.78,1.0
harp,0,1.06,1.0
basedrum,0,0.76,1.0
harp,0,1.78,1.0
harp,0,1.06,1.0
harp,6,1.88,1.0
harp,0,1.18,1.0
harp,0,1.88,1.0
harp,0,1.18,1.0
harp,6,0.7,1.0
harp,0,0.9,1.0
harp,0,1.42,1.0
harp,0,1.06,1.0
harp,0,1.78,1.0
harp,0,1.06,1.0
harp,6,1.6,1.0
harp,0,0.94,1.0
harp,0,1.6,1.0
harp,0,0.94,1.0
bass,6,0.53,1.0
harp,0,1.42,1.0
harp,0,0.9,1.0
basedrum,0,0.76,1.0
harp,0,1.42,1.0
harp,0,0.9,1.0
harp,12,0.7,1.0
harp,0,0.9,1.0
harp,0,1.42,1.0
harp,0,1.06,1.0
hat,0,0.56,1.0
harp,0,1.42,1.0
harp,0,1.06,1.0
bass,12,0.63,1.0
harp,0,1.6,1.0
harp,0,1.26,1.0
basedrum,0,0.76,1.0
harp,0,1.6,1.0
harp,0,1.26,1.0
harp,12,0.94,1.0
harp,0,0.8,1.0
harp,0,1.42,1.0
harp,0,1.18,1.0
harp,0,1.42,1.0
harp,0,1.18,1.0
bass,12,0.94,1.0
harp,0,1.26,1.0
harp,0,1.06,1.0
basedrum,0,0.76,1.0
harp,0,1.26,1.0
harp,0,1.06,1.0
harp,12,0.94,1.0
harp,0,0.8,1.0
harp,0,1.42,1.0
harp,0,1.18,1.0
harp,0,1.42,1.0
harp,0,1.18,1.0
bass,12,0.53,1.0
harp,0,1.26,1.0
harp,0,1.06,1.0
basedrum,0,0.76,1.0
harp,0,1.26,1.0
harp,0,1.06,1.0
harp,12,0.8,1.0
harp,0,0.63,1.0
harp,6,1.42,1.0
harp,0,1.18,1.0
harp,0,1.42,1.0
harp,0,1.18,1.0
bass,6,0.8,1.0
harp,0,1.26,1.0
harp,0,1.06,1.0
basedrum,0,0.76,1.0
harp,0,1.26,1.0
harp,0,1.06,1.0
bass,12,0.6,1.0
harp,0,0.8,1.0
harp,0,0.63,1.0
harp,0,1.18,1.0
harp,0,0.94,1.0
hat,0,0.56,1.0
harp,0,1.18,1.0
harp,0,0.94,1.0
harp,6,1.18,1.0
harp,0,1.42,1.0
harp,0,1.18,1.0
harp,0,1.42,1.0
bass,6,0.8,1.0
harp,0,1.6,1.0
harp,0,0.94,1.0
basedrum,0,0.76,1.0
harp,0,1.6,1.0
harp,0,0.94,1.0
harp,12,0.8,1.0
harp,0,0.94,1.0
harp,0,1.18,1.0
harp,0,0.94,1.0
harp,0,1.18,1.0
harp,0,0.94,1.0
harp,6,1.06,1.0
harp,0,0.9,1.0
harp,0,1.06,1.0
harp,0,0.9,1.0
bass,6,0.6,1.0
harp,0,0.94,1.0
harp,0,0.8,1.0
basedrum,0,0.76,1.0
harp,0,0.94,1.0
harp,0,0.8,1.0
harp,12,0.8,1.0
harp,0,0.94,1.0
harp,0,1.18,1.0
harp,0,0.94,1.0
harp,0,1.18,1.0
harp,0,0.94,1.0
harp,6,1.6,1.0
harp,0,1.18,1.0
harp,0,1.6,1.0
harp,0,1.18,1.0
bass,6,0.7,1.0
harp,0,1.42,1.0
harp,0,1.06,1.0
basedrum,0,0.76,1.0
harp,0,1.42,1.0
harp,0,1.06,1.0
harp,12,0.7,1.0
harp,0,0.9,1.0
harp,0,1.42,1.0
harp,0,1.06,1.0
harp,0,1.42,1.0
harp,0,1.06,1.0
harp,6,1.6,1.0
harp,0,0.94,1.0
harp,0,1.6,1.0
harp,0,0.94,1.0
bass,6,0.53,1.0
harp,0,1.78,1.0
harp,0,0.9,1.0
basedrum,0,0.76,1.0
harp,0,1.78,1.0
harp,0,0.9,1.0
harp,12,0.7,1.0
harp,0,0.9,1.0
harp,0,1.42,1.0
harp,0,1.06,1.0
hat,0,0.56,1.0
harp,0,1.42,1.0
harp,0,1.06,1.0
bass,12,0.8,1.0
harp,0,1.6,1.0
harp,0,1.18,1.0
basedrum,0,0.76,1.0
harp,0,1.6,1.0
harp,0,1.18,1.0
harp,12,0.8,1.0
harp,0,0.94,1.0
bass,12,0.6,1.0
harp,0,1.18,1.0
harp,0,0.94,1.0
basedrum,0,0.76,1.0
harp,0,1.18,1.0
harp,0,0.94,1.0
harp,12,0.8,1.0
harp,0,0.94,1.0
harp,0,1.6,1.0
harp,0,1.18,1.0
harp,0,1.6,1.0
harp,0,1.18,1.0
bass,12,0.7,1.0
harp,0,1.78,1.0
harp,0,1.06,1.0
basedrum,0,0.76,1.0
harp,0,1.78,1.0
harp,0,1.06,1.0
harp,6,1.42,1.0
harp,0,0.9,1.0
harp,0,1.42,1.0
harp,0,0.9,1.0
harp,6,0.7,1.0
harp,0,0.9,1.0
harp,0,1.18,1.0
harp,0,0.7,1.0
harp,0,1.18,1.0
harp,0,0.7,1.0
bass,12,0.8,1.0
harp,0,1.6,1.0
harp,0,0.94,1.0
basedrum,0,0.76,1.0
harp,0,1.6,1.0
harp,0,0.94,1.0
bass,12,0.6,1.0
harp,0,0.8,1.0
harp,0,0.94,1.0
hat,0,0.56,1.0
bass,12,0.8,1.0
harp,0,1.6,1.0
harp,0,0.94,1.0
basedrum,0,0.76,1.0
harp,0,1.6,1.0
harp,0,0.94,1.0
harp,12,0.8,1.0
harp,0,0.94,1.0
harp,0,1.18,1.0
harp,0,0.94,1.0
harp,0,1.18,1.0
harp,0,0.94,1.0
harp,6,1.06,1.0
harp,0,0.9,1.0
harp,0,1.06,1.0
harp,0,0.9,1.0
bass,6,0.6,1.0
harp,0,0.94,1.0
harp,0,0.8,1.0
basedrum,0,0.76,1.0
harp,0,0.94,1.0
harp,0,0.8,1.0
harp,12,0.8,1.0
harp,0,0.94,1.0
harp,0,1.18,1.0
harp,0,0.94,1.0
harp,0,1.18,1.0
harp,0,0.94,1.0
harp,6,1.6,1.0
harp,0,1.18,1.0
harp,0,1.6,1.0
harp,0,1.18,1.0
bass,6,0.7,1.0
harp,0,1.42,1.0
harp,0,1.06,1.0
basedrum,0,0.76,1.0
harp,0,1.42,1.0
harp,0,1.06,1.0
harp,12,0.7,1.0
harp,0,0.9,1.0
harp,0,1.42,1.0
harp,0,1.06,1.0
harp,0,1.42,1.0
harp,0,1.06,1.0
harp,6,1.6,1.0
harp,0,0.94,1.0
harp,0,1.6,1.0
harp,0,0.94,1.0
bass,6,0.53,1.0
harp,0,1.78,1.0
harp,0,0.9,1.0
basedrum,0,0.76,1.0
harp,0,1.78,1.0
harp,0,0.9,1.0
harp,12,0.7,1.0
harp,0,0.9,1.0
harp,0,1.42,1.0
harp,0,1.06,1.0
hat,0,0.56,1.0
harp,0,1.42,1.0
harp,0,1.06,1.0
bass,12,0.8,1.0
harp,0,1.6,1.0
harp,0,0.94,1.0
basedrum,0,0.76,1.0
harp,0,1.6,1.0
harp,0,0.94,1.0
harp,6,1.78,1.0
harp,0,1.06,1.0
harp,0,1.78,1.0
harp,0,1.06,1.0
harp,6,0.8,1.0
harp,0,0.94,1.0
harp,0,1.88,1.0
harp,0,1.18,1.0
harp,0,1.88,1.0
harp,0,1.18,1.0
harp,6,1.78,1.0
harp,0,1.06,1.0
harp,0,1.78,1.0
harp,0,1.06,1.0
bass,6,0.6,1.0
harp,0,1.6,1.0
harp,0,0.94,1.0
basedrum,0,0.76,1.0
harp,0,1.6,1.0
harp,0,0.94,1.0
harp,12,0.8,1.0
harp,0,0.94,1.0
harp,0,1.6,1.0
harp,0,1.18,1.0
harp,0,1.6,1.0
harp,0,1.18,1.0
bass,12,0.7,1.0
harp,0,1.78,1.0
harp,0,1.06,1.0
basedrum,0,0.76,1.0
harp,0,1.78,1.0
harp,0,1.06,1.0
harp,6,1.42,1.0
harp,0,0.9,1.0
harp,0,1.42,1.0
harp,0,0.9,1.0
harp,6,0.7,1.0
harp,0,0.9,1.0
harp,0,1.18,1.0
harp,0,0.7,1.0
harp,0,1.18,1.0
harp,0,0.7,1.0
bass,12,0.8,1.0
harp,0,1.6,1.0
harp,0,0.94,1.0
basedrum,0,0.76,1.0
harp,0,1.6,1.0
harp,0,0.94,1.0
bass,12,0.8,1.0
basedrum,0,0.76,1.0
hat,0,0.56,1.0
