bass,0,0.63,1.0
harp,0,0.63,1.0
harp,12,0.94,1.0
harp,0,0.76,1.0
harp,12,0.94,1.0
harp,0,0.76,1.0
bass,12,0.56,1.0
harp,12,0.84,1.0
harp,0,0.7,1.0
bass,48,0.63,1.0
harp,12,0.94,1.0
harp,0,0.76,1.0
harp,12,0.94,1.0
harp,0,0.76,1.0
bass,12,0.84,1.0
harp,12,0.63,1.0
harp,0,0.53,1.0
bass,48,0.63,1.0
harp,12,0.94,1.0
harp,0,0.76,1.0
harp,12,0.94,1.0
harp,0,0.76,1.0
bass,12,0.56,1.0
harp,12,0.84,1.0
harp,0,0.7,1.0
bass,48,0.84,1.0
harp,12,0.63,1.0
harp,0,0.53,1.0
harp,12,0.63,1.0
harp,0,0.53,1.0
bass,12,0.94,1.0
harp,12,0.7,1.0
harp,0,0.6,1.0
harp,12,0.94,1.0
harp,12,0.84,1.0
harp,12,0.94,1.0
bass,12,0.63,1.0
harp,0,0.63,1.0
harp,12,0.94,1.0
harp,0,0.76,1.0
harp,12,0.94,1.0
harp,0,0.76,1.0
bass,12,0.56,1.0
harp,0,0.7,1.0
harp,12,0.84,1.0
harp,0,0.7,1.0
bass,48,0.63,1.0
harp,12,0.94,1.0
harp,0,0.76,1.0
harp,12,0.94,1.0
harp,0,0.76,1.0
bass,12,0.84,1.0
harp,12,0.63,1.0
harp,0,0.53,1.0
harp,12,0.63,1.0
harp,12,0.56,1.0
harp,12,0.63,1.0
bass,12,0.63,1.0
harp,0,0.7,1.0
harp,12,0.94,1.0
harp,0,0.76,1.0
harp,12,0.94,1.0
harp,0,0.76,1.0
bass,12,0.56,1.0
harp,0,0.7,1.0
harp,12,0.84,1.0
harp,0,0.7,1.0
harp,0,0.56,1.0
bass,48,0.84,1.0
harp,0,0.84,1.0
harp,12,0.63,1.0
harp,0,0.53,1.0
harp,0,0.76,1.0
harp,12,0.63,1.0
harp,0,0.53,1.0
harp,0,0.84,1.0
bass,12,0.94,1.0
harp,0,0.94,1.0
harp,12,0.7,1.0
harp,0,0.6,1.0
harp,0,1.18,1.0
bass,48,0.63,1.0
harp,0,1.26,1.0
harp,0,0.63,1.0
basedrum,0,1.18,0.7
harp,12,0.94,1.0
harp,0,0.76,1.0
harp,12,0.94,1.0
harp,0,0.76,1.0
bass,12,0.56,1.0
harp,0,1.12,1.0
harp,0,0.7,1.0
basedrum,0,1.18,0.7
harp,12,0.84,1.0
harp,0,0.7,1.0
harp,12,0.94,1.0
bass,12,0.63,1.0
harp,0,1.26,1.0
basedrum,0,1.18,0.7
harp,12,0.94,1.0
harp,0,0.76,1.0
harp,12,0.94,1.0
harp,0,0.76,1.0
bass,12,0.84,1.0
harp,0,0.94,1.0
harp,0,0.84,1.0
basedrum,0,1.18,0.7
harp,12,0.63,1.0
harp,0,0.53,1.0
harp,12,0.56,1.0
bass,12,0.63,1.0
harp,0,0.63,1.0
basedrum,0,1.18,0.7
harp,12,0.94,1.0
harp,0,0.7,1.0
harp,12,0.94,1.0
harp,0,0.76,1.0
bass,12,0.56,1.0
harp,0,0.7,1.0
basedrum,0,1.18,0.7
harp,12,0.84,1.0
harp,0,0.7,1.0
harp,0,0.56,1.0
bass,24,0.84,1.0
harp,0,0.63,1.0
basedrum,0,1.18,0.7
harp,12,0.63,1.0
harp,0,0.53,1.0
harp,0,0.94,1.0
harp,12,0.63,1.0
harp,0,0.53,1.0
harp,0,1.12,1.0
bass,12,0.94,1.0
harp,0,0.94,1.0
harp,0,0.7,1.0
harp,0,1.18,1.0
basedrum,0,1.18,0.7
harp,12,0.7,1.0
harp,0,0.6,1.0
bass,24,0.63,1.0
harp,0,0.76,1.0
harp,0,0.94,1.0
harp,0,1.26,1.0
basedrum,0,1.18,0.7
harp,12,0.94,1.0
harp,0,0.76,1.0
harp,0,0.94,1.0
harp,12,0.94,1.0
harp,0,0.76,1.0
harp,0,1.26,1.0
bass,12,0.56,1.0
harp,0,1.12,1.0
basedrum,0,1.18,0.7
snare,0,0.7,0.6
harp,12,0.84,1.0
harp,0,0.7,1.0
harp,0,0.84,1.0
harp,12,0.63,1.0
bass,12,0.63,1.0
harp,0,0.76,1.0
harp,0,1.26,1.0
basedrum,0,1.18,0.7
harp,12,0.94,1.0
harp,0,0.76,1.0
harp,12,0.94,1.0
harp,0,0.76,1.0
bass,12,0.84,1.0
harp,0,0.94,1.0
harp,0,0.84,1.0
basedrum,0,1.18,0.7
snare,0,0.7,0.6
harp,12,0.63,1.0
harp,0,0.53,1.0
harp,12,1.12,1.0
harp,0,0.56,1.0
bass,12,0.63,1.0
harp,0,1.26,1.0
harp,0,0.63,1.0
basedrum,0,1.18,0.7
harp,12,0.94,1.0
harp,0,0.7,1.0
harp,12,0.94,1.0
harp,0,0.76,1.0
bass,12,0.56,1.0
harp,0,1.06,1.0
harp,0,0.7,1.0
basedrum,0,1.18,0.7
snare,0,0.7,0.6
harp,12,0.84,1.0
harp,0,0.7,1.0
harp,0,1.12,1.0
harp,0,0.56,1.0
bass,24,0.84,1.0
harp,0,1.26,1.0
basedrum,0,1.18,0.7
harp,12,0.63,1.0
harp,0,0.53,1.0
harp,0,1.12,1.0
harp,12,0.63,1.0
harp,0,0.53,1.0
harp,0,1.06,1.0
bass,12,0.94,1.0
harp,0,0.94,1.0
basedrum,0,1.18,0.7
snare,0,0.7,0.6
harp,12,0.7,1.0
harp,0,0.6,1.0
harp,0,0.84,1.0
harp,12,0.7,1.0
bass,0,1.18,1.0
bass,12,0.63,1.0
harp,0,1.26,1.0
harp,0,0.94,1.0
harp,0,0.63,1.0
bass,0,0.94,1.0
bass,0,1.26,1.0
basedrum,0,1.18,0.7
harp,12,0.94,1.0
harp,0,0.76,1.0
harp,12,0.94,1.0
harp,0,0.76,1.0
bass,0,1.88,1.0
hat,0,0.7,1.0
bass,12,0.56,1.0
bass,0,1.12,1.0
bass,0,1.68,1.0
basedrum,0,1.18,0.7
snare,0,0.7,0.6
harp,12,0.84,1.0
harp,0,0.7,1.0
harp,12,1.12,1.0
harp,0,0.84,1.0
bass,0,1.12,1.0
hat,0,0.7,1.0
bass,12,0.63,1.0
harp,0,1.26,1.0
harp,0,0.94,1.0
bass,0,0.94,1.0
bass,0,1.26,1.0
basedrum,0,1.18,0.7
harp,12,0.94,1.0
harp,0,0.76,1.0
harp,12,0.94,1.0
harp,0,0.76,1.0
bass,0,0.94,1.0
hat,0,0.7,1.0
bass,12,0.84,1.0
bass,0,1.12,1.0
bass,0,1.68,1.0
basedrum,0,1.18,0.7
snare,0,0.7,0.6
harp,12,0.63,1.0
harp,0,0.53,1.0
bass,0,1.5,1.0
harp,12,1.12,1.0
harp,0,0.84,1.0
bass,0,1.42,1.0
hat,0,0.7,1.0
bass,12,0.63,1.0
harp,0,1.26,1.0
harp,0,0.94,1.0
bass,0,0.94,1.0
bass,0,1.26,1.0
basedrum,0,1.18,0.7
harp,12,0.94,1.0
harp,0,0.76,1.0
harp,12,0.94,1.0
harp,0,0.76,1.0
bass,0,1.88,1.0
hat,0,0.7,1.0
bass,12,0.56,1.0
bass,0,1.12,1.0
bass,0,1.68,1.0
basedrum,0,1.18,0.7
snare,0,0.7,0.6
harp,12,0.84,1.0
harp,0,0.7,1.0
harp,12,1.12,1.0
harp,0,0.84,1.0
bass,0,1.5,1.0
hat,0,0.7,1.0
bass,12,0.84,1.0
harp,0,1.68,1.0
harp,0,1.26,1.0
bass,0,1.26,1.0
bass,0,1.68,1.0
basedrum,0,1.18,0.7
harp,12,0.63,1.0
harp,0,0.53,1.0
harp,12,0.63,1.0
harp,0,0.53,1.0
bass,0,1.68,1.0
hat,0,0.7,1.0
bass,12,0.94,1.0
harp,0,1.88,1.0
harp,0,1.42,1.0
bass,0,1.88,1.0
bass,0,1.42,1.0
basedrum,0,1.18,0.7
snare,0,0.7,0.6
harp,12,0.7,1.0
harp,0,0.6,1.0
bass,0,0.94,1.0
bass,12,1.12,1.0
hat,0,0.7,1.0
bass,12,0.63,1.0
harp,0,1.26,1.0
harp,0,0.94,1.0
bass,0,0.94,1.0
bass,0,1.26,1.0
basedrum,0,1.18,0.7
harp,12,0.94,1.0
harp,0,0.76,1.0
harp,12,0.94,1.0
harp,0,0.76,1.0
harp,0,1.26,1.0
bass,0,1.88,1.0
hat,0,0.7,1.0
bass,12,0.56,1.0
harp,0,1.12,1.0
bass,0,1.12,1.0
bass,0,1.68,1.0
basedrum,0,1.18,0.7
snare,0,0.7,0.6
harp,12,0.84,1.0
harp,0,0.7,1.0
harp,12,1.12,1.0
harp,0,0.84,1.0
bass,0,1.12,1.0
hat,0,0.7,1.0
bass,12,0.63,1.0
harp,0,1.26,1.0
harp,0,0.94,1.0
bass,0,0.94,1.0
bass,0,1.26,1.0
basedrum,0,1.18,0.7
harp,12,0.94,1.0
harp,0,0.76,1.0
harp,12,0.94,1.0
harp,0,0.76,1.0
bass,0,0.94,1.0
hat,0,0.7,1.0
bass,12,0.84,1.0
harp,0,1.12,1.0
harp,0,0.84,1.0
bass,0,1.12,1.0
bass,0,1.68,1.0
basedrum,0,1.18,0.7
snare,0,0.7,0.6
harp,12,0.63,1.0
harp,0,0.53,1.0
bass,0,1.5,1.0
harp,12,1.12,1.0
harp,0,0.84,1.0
bass,0,1.42,1.0
hat,0,0.7,1.0
bass,12,0.63,1.0
harp,0,1.26,1.0
harp,0,0.94,1.0
bass,0,0.94,1.0
bass,0,1.26,1.0
basedrum,0,1.18,0.7
harp,12,0.94,1.0
harp,0,0.76,1.0
harp,0,1.42,1.0
harp,12,0.94,1.0
harp,0,0.76,1.0
harp,0,1.26,1.0
bass,0,1.88,1.0
hat,0,0.7,1.0
bass,12,0.56,1.0
harp,0,1.12,1.0
bass,0,1.12,1.0
bass,0,1.68,1.0
basedrum,0,1.18,0.7
snare,0,0.7,0.6
harp,12,0.84,1.0
harp,0,0.7,1.0
harp,12,1.12,1.0
harp,0,0.84,1.0
bass,0,1.5,1.0
hat,0,0.7,1.0
bass,12,0.84,1.0
harp,0,1.68,1.0
harp,0,1.26,1.0
bass,0,1.26,1.0
bass,0,1.68,1.0
basedrum,0,1.18,0.7
harp,12,0.63,1.0
harp,0,0.53,1.0
harp,12,0.63,1.0
harp,0,0.53,1.0
bass,0,1.68,1.0
hat,0,0.7,1.0
bass,12,0.94,1.0
harp,0,1.88,1.0
harp,0,1.42,1.0
harp,0,0.94,1.0
bass,0,1.88,1.0
bass,0,1.42,1.0
basedrum,0,1.18,0.7
snare,0,0.7,0.6
harp,12,0.7,1.0
harp,0,0.6,1.0
bass,0,0.94,1.0
bass,12,1.12,1.0
hat,0,0.7,1.0
bass,12,0.63,1.0
harp,0,0.63,1.0
bass,0,1.26,1.0
basedrum,0,1.18,0.7
harp,12,0.94,1.0
harp,0,0.76,1.0
harp,12,0.94,1.0
harp,0,0.76,1.0
bass,12,0.56,1.0
harp,0,0.7,1.0
basedrum,0,1.18,0.7
harp,12,0.84,1.0
harp,0,0.7,1.0
basedrum,12,1.18,0.7
basedrum,24,1.18,0.7
hat,0,0.7,1.0
bass,12,0.63,1.0
basedrum,0,1.18,0.7
harp,12,0.94,1.0
harp,0,0.76,1.0
harp,12,0.94,1.0
harp,0,0.76,1.0
bass,12,0.84,1.0
basedrum,0,1.18,0.7
harp,12,0.63,1.0
harp,0,0.53,1.0
harp,12,0.63,1.0
basedrum,0,1.18,0.7
harp,12,0.56,1.0
harp,12,0.63,1.0
basedrum,0,1.18,0.7
hat,0,0.7,1.0
bass,12,0.63,1.0
harp,0,0.7,1.0
basedrum,0,1.18,0.7
harp,12,0.94,1.0
harp,0,0.76,1.0
harp,12,0.94,1.0
harp,0,0.76,1.0
bass,12,0.56,1.0
harp,0,0.7,1.0
basedrum,0,1.18,0.7
harp,12,0.84,1.0
harp,0,0.7,1.0
harp,0,0.56,1.0
basedrum,12,1.18,0.7
basedrum,24,1.18,0.7
hat,0,0.7,1.0
bass,12,0.84,1.0
harp,0,0.84,1.0
basedrum,0,1.18,0.7
harp,12,0.63,1.0
harp,0,0.53,1.0
harp,0,0.76,1.0
harp,12,0.63,1.0
harp,0,0.53,1.0
harp,0,0.84,1.0
bass,12,0.94,1.0
harp,0,0.94,1.0
basedrum,0,1.18,0.7
harp,12,0.7,1.0
harp,0,0.6,1.0
harp,0,1.18,1.0
basedrum,12,1.18,0.7
basedrum,24,1.18,0.7
hat,0,0.7,1.0
bass,12,0.63,1.0
harp,0,1.26,1.0
harp,0,0.63,1.0
basedrum,0,1.18,0.7
harp,12,0.94,1.0
harp,0,0.76,1.0
harp,12,0.94,1.0
harp,0,0.76,1.0
snare,0,0.7,0.6
bass,12,0.56,1.0
harp,0,1.12,1.0
harp,0,0.7,1.0
basedrum,0,1.18,0.7
harp,12,0.84,1.0
harp,0,0.7,1.0
harp,12,0.94,1.0
basedrum,0,1.18,0.7
snare,0,0.7,0.6
harp,12,0.84,1.0
bass,12,0.56,1.0
harp,0,0.94,1.0
basedrum,0,1.18,0.7
hat,0,0.7,1.0
bass,12,0.63,1.0
harp,0,1.26,1.0
basedrum,0,1.18,0.7
harp,12,0.94,1.0
harp,0,0.76,1.0
harp,12,0.94,1.0
harp,0,0.76,1.0
snare,0,0.7,0.6
bass,12,0.84,1.0
harp,0,0.94,1.0
harp,0,0.84,1.0
basedrum,0,1.18,0.7
harp,12,0.63,1.0
harp,0,0.53,1.0
harp,12,0.63,1.0
basedrum,0,1.18,0.7
snare,0,0.7,0.6
harp,12,0.56,1.0
harp,12,0.63,1.0
basedrum,0,1.18,0.7
snare,0,0.7,0.6
hat,0,0.7,1.0
bass,12,0.63,1.0
harp,0,0.7,1.0
basedrum,0,1.18,0.7
harp,12,0.94,1.0
harp,0,0.76,1.0
harp,12,0.94,1.0
harp,0,0.76,1.0
snare,0,0.7,0.6
bass,12,0.56,1.0
harp,0,0.7,1.0
basedrum,0,1.18,0.7
harp,12,0.84,1.0
harp,0,0.7,1.0
harp,0,0.56,1.0
basedrum,12,1.18,0.7
snare,0,0.7,0.6
harp,24,0.56,1.0
basedrum,0,1.18,0.7
bass,12,0.84,1.0
harp,0,0.63,1.0
basedrum,0,1.18,0.7
hat,0,0.7,1.0
harp,12,0.63,1.0
harp,0,0.53,1.0
harp,0,0.94,1.0
harp,12,0.63,1.0
harp,0,0.53,1.0
harp,0,1.12,1.0
snare,0,0.7,0.6
bass,12,0.94,1.0
harp,0,0.94,1.0
harp,0,0.7,1.0
harp,0,1.18,1.0
basedrum,0,1.18,0.7
harp,12,0.7,1.0
harp,0,0.6,1.0
basedrum,12,1.18,0.7
snare,0,0.7,0.6
harp,12,0.94,1.0
harp,12,1.12,1.0
basedrum,0,1.18,0.7
snare,0,0.7,0.6
hat,0,0.7,1.0
bass,12,0.63,1.0
harp,0,1.26,1.0
harp,0,0.63,1.0
bass,0,0.94,1.0
bass,0,1.26,1.0
basedrum,0,1.18,0.7
harp,12,0.94,1.0
harp,0,0.76,1.0
harp,12,0.94,1.0
harp,0,0.76,1.0
bass,0,1.88,1.0
hat,0,0.7,1.0
bass,12,0.56,1.0
harp,0,1.12,1.0
harp,0,0.7,1.0
bass,0,1.12,1.0
bass,0,1.68,1.0
basedrum,0,1.18,0.7
snare,0,0.7,0.6
harp,12,0.84,1.0
harp,0,0.7,1.0
harp,12,0.94,1.0
bass,0,1.12,1.0
hat,0,0.7,1.0
hat,6,0.7,1.0
bass,6,0.63,1.0
harp,0,1.26,1.0
bass,0,0.94,1.0
bass,0,1.26,1.0
basedrum,0,1.18,0.7
harp,12,0.94,1.0
harp,0,0.76,1.0
harp,12,0.94,1.0
harp,0,0.76,1.0
bass,0,0.94,1.0
hat,0,0.7,1.0
bass,12,0.84,1.0
harp,0,0.94,1.0
harp,0,0.84,1.0
bass,0,1.12,1.0
bass,0,1.68,1.0
basedrum,0,1.18,0.7
snare,0,0.7,0.6
harp,12,0.63,1.0
harp,0,0.53,1.0
bass,0,1.5,1.0
harp,12,0.56,1.0
bass,0,1.42,1.0
hat,0,0.7,1.0
hat,6,0.7,1.0
bass,6,0.63,1.0
harp,0,0.63,1.0
bass,0,0.94,1.0
bass,0,1.26,1.0
basedrum,0,1.18,0.7
harp,12,0.94,1.0
harp,0,0.7,1.0
harp,12,0.94,1.0
harp,0,0.76,1.0
bass,0,1.88,1.0
hat,0,0.7,1.0
bass,12,0.56,1.0
harp,0,0.7,1.0
bass,0,1.12,1.0
bass,0,1.68,1.0
basedrum,0,1.18,0.7
snare,0,0.7,0.6
harp,12,0.84,1.0
harp,0,0.7,1.0
harp,0,0.56,1.0
bass,12,1.5,1.0
hat,0,0.7,1.0
hat,6,0.7,1.0
bass,6,0.84,1.0
harp,0,0.63,1.0
bass,0,1.26,1.0
bass,0,1.68,1.0
basedrum,0,1.18,0.7
harp,12,0.63,1.0
harp,0,0.53,1.0
harp,0,0.94,1.0
harp,12,0.63,1.0
harp,0,0.53,1.0
harp,0,1.12,1.0
bass,0,1.68,1.0
hat,0,0.7,1.0
bass,12,0.94,1.0
harp,0,0.94,1.0
harp,0,0.7,1.0
harp,0,1.18,1.0
bass,0,1.88,1.0
bass,0,1.42,1.0
basedrum,0,1.18,0.7
snare,0,0.7,0.6
harp,12,0.7,1.0
harp,0,0.6,1.0
bass,0,0.94,1.0
bass,12,1.12,1.0
hat,0,0.7,1.0
hat,6,0.7,1.0
bass,6,0.63,1.0
harp,0,0.76,1.0
harp,0,0.94,1.0
harp,0,1.26,1.0
bass,0,0.94,1.0
bass,0,1.26,1.0
basedrum,0,1.18,0.7
harp,12,0.94,1.0
harp,0,0.76,1.0
harp,0,0.94,1.0
harp,12,0.94,1.0
harp,0,0.76,1.0
harp,0,1.26,1.0
bass,0,1.88,1.0
hat,0,0.7,1.0
bass,12,0.56,1.0
harp,0,1.12,1.0
bass,0,1.12,1.0
bass,0,1.68,1.0
basedrum,0,1.18,0.7
snare,0,0.7,0.6
harp,12,0.84,1.0
harp,0,0.7,1.0
harp,0,0.84,1.0
harp,12,0.63,1.0
bass,0,1.12,1.0
hat,0,0.7,1.0
hat,6,0.7,1.0
bass,6,0.63,1.0
harp,0,0.76,1.0
harp,0,1.26,1.0
bass,0,0.94,1.0
bass,0,1.26,1.0
basedrum,0,1.18,0.7
harp,12,0.94,1.0
harp,0,0.76,1.0
harp,12,0.94,1.0
harp,0,0.76,1.0
bass,0,0.94,1.0
hat,0,0.7,1.0
bass,12,0.84,1.0
harp,0,0.94,1.0
harp,0,0.84,1.0
bass,0,1.12,1.0
bass,0,1.68,1.0
basedrum,0,1.18,0.7
snare,0,0.7,0.6
harp,12,0.63,1.0
harp,0,0.53,1.0
bass,0,1.5,1.0
harp,12,1.12,1.0
harp,0,0.56,1.0
bass,0,1.42,1.0
hat,0,0.7,1.0
hat,6,0.7,1.0
bass,6,0.63,1.0
harp,0,1.26,1.0
harp,0,0.63,1.0
bass,0,0.94,1.0
bass,0,1.26,1.0
basedrum,0,1.18,0.7
harp,12,0.94,1.0
harp,0,0.7,1.0
harp,12,0.94,1.0
harp,0,0.76,1.0
bass,0,1.88,1.0
hat,0,0.7,1.0
bass,12,0.56,1.0
harp,0,1.06,1.0
harp,0,0.7,1.0
bass,0,1.12,1.0
bass,0,1.68,1.0
basedrum,0,1.18,0.7
snare,0,0.7,0.6
harp,12,0.84,1.0
harp,0,0.7,1.0
harp,0,1.12,1.0
harp,0,0.56,1.0
bass,12,1.5,1.0
hat,0,0.7,1.0
hat,6,0.7,1.0
bass,6,0.84,1.0
harp,0,1.26,1.0
bass,0,1.26,1.0
bass,0,1.68,1.0
basedrum,0,1.18,0.7
harp,12,0.63,1.0
harp,0,0.53,1.0
harp,0,1.12,1.0
harp,12,0.63,1.0
harp,0,0.53,1.0
harp,0,1.06,1.0
bass,0,1.68,1.0
hat,0,0.7,1.0
bass,12,0.94,1.0
harp,0,0.94,1.0
bass,0,1.88,1.0
bass,0,1.42,1.0
basedrum,0,1.18,0.7
snare,0,0.7,0.6
harp,12,0.7,1.0
harp,0,0.6,1.0
harp,0,0.84,1.0
bass,0,0.94,1.0
harp,12,0.7,1.0
bass,0,1.12,1.0
hat,0,0.7,1.0
hat,6,0.7,1.0
bass,6,0.63,1.0
harp,0,0.63,1.0
harp,12,0.94,1.0
harp,0,0.76,1.0
harp,12,0.94,1.0
harp,0,0.76,1.0
bass,12,0.56,1.0
harp,12,0.84,1.0
harp,0,0.7,1.0
bass,48,0.63,1.0
harp,12,0.94,1.0
harp,0,0.76,1.0
harp,12,0.94,1.0
harp,0,0.76,1.0
bass,12,0.84,1.0
harp,12,0.63,1.0
harp,0,0.53,1.0
bass,48,0.63,1.0
harp,12,0.94,1.0
harp,0,0.76,1.0
harp,12,0.94,1.0
harp,0,0.76,1.0
bass,12,0.56,1.0
harp,12,0.84,1.0
harp,0,0.7,1.0
bass,48,0.84,1.0
harp,12,0.63,1.0
harp,0,0.53,1.0
harp,12,0.63,1.0
harp,0,0.53,1.0
bass,12,0.94,1.0
harp,12,0.7,1.0
harp,0,0.6,1.0
harp,12,0.94,1.0
harp,12,0.84,1.0
harp,12,0.94,1.0
bass,12,0.63,1.0
harp,0,0.63,1.0
harp,12,0.94,1.0
harp,0,0.76,1.0
harp,12,0.94,1.0
harp,0,0.76,1.0
bass,12,0.56,1.0
harp,0,0.7,1.0
harp,12,0.84,1.0
harp,0,0.7,1.0
bass,48,0.63,1.0
harp,12,0.94,1.0
harp,0,0.76,1.0
harp,12,0.94,1.0
harp,0,0.76,1.0
bass,12,0.84,1.0
harp,12,0.63,1.0
harp,0,0.53,1.0
harp,12,0.63,1.0
harp,12,0.56,1.0
harp,12,0.63,1.0
bass,12,0.63,1.0
harp,0,0.7,1.0
harp,12,0.94,1.0
harp,0,0.76,1.0
harp,12,0.94,1.0
harp,0,0.76,1.0
bass,12,0.56,1.0
harp,0,0.7,1.0
harp,12,0.84,1.0
harp,0,0.7,1.0
harp,0,0.56,1.0
bass,48,0.84,1.0
harp,0,0.84,1.0
harp,12,0.63,1.0
harp,0,0.53,1.0
harp,0,0.76,1.0
harp,12,0.63,1.0
harp,0,0.53,1.0
harp,0,0.84,1.0
bass,12,0.94,1.0
harp,0,0.94,1.0
harp,12,0.7,1.0
harp,0,0.6,1.0
harp,0,1.18,1.0
bass,48,0.63,1.0
harp,0,1.26,1.0
harp,0,0.63,1.0
basedrum,0,1.18,0.7
harp,12,0.94,1.0
harp,0,0.76,1.0
harp,12,0.94,1.0
harp,0,0.76,1.0
bass,12,0.56,1.0
harp,0,1.12,1.0
harp,0,0.7,1.0
basedrum,0,1.18,0.7
harp,12,0.84,1.0
harp,0,0.7,1.0
harp,12,0.94,1.0
bass,12,0.63,1.0
harp,0,1.26,1.0
basedrum,0,1.18,0.7
harp,12,0.94,1.0
harp,0,0.76,1.0
harp,12,0.94,1.0
harp,0,0.76,1.0
bass,12,0.84,1.0
harp,0,0.94,1.0
harp,0,0.84,1.0
basedrum,0,1.18,0.7
harp,12,0.63,1.0
harp,0,0.53,1.0
harp,12,0.56,1.0
bass,12,0.63,1.0
harp,0,0.63,1.0
basedrum,0,1.18,0.7
harp,12,0.94,1.0
harp,0,0.7,1.0
harp,12,0.94,1.0
harp,0,0.76,1.0
bass,12,0.56,1.0
harp,0,0.7,1.0
basedrum,0,1.18,0.7
harp,12,0.84,1.0
harp,0,0.7,1.0
harp,0,0.56,1.0
bass,24,0.84,1.0
harp,0,0.63,1.0
basedrum,0,1.18,0.7
harp,12,0.63,1.0
harp,0,0.53,1.0
harp,0,0.94,1.0
harp,12,0.63,1.0
harp,0,0.53,1.0
harp,0,1.12,1.0
bass,12,0.94,1.0
harp,0,0.94,1.0
harp,0,0.7,1.0
harp,0,1.18,1.0
basedrum,0,1.18,0.7
harp,12,0.7,1.0
harp,0,0.6,1.0
bass,24,0.63,1.0
harp,0,0.76,1.0
harp,0,0.94,1.0
harp,0,1.26,1.0
basedrum,0,1.18,0.7
harp,12,0.94,1.0
harp,0,0.76,1.0
harp,0,0.94,1.0
harp,12,0.94,1.0
harp,0,0.76,1.0
harp,0,1.26,1.0
bass,12,0.56,1.0
harp,0,1.12,1.0
basedrum,0,1.18,0.7
snare,0,0.7,0.6
harp,12,0.84,1.0
harp,0,0.7,1.0
harp,0,0.84,1.0
harp,12,0.63,1.0
bass,12,0.63,1.0
harp,0,0.76,1.0
harp,0,1.26,1.0
basedrum,0,1.18,0.7
harp,12,0.94,1.0
harp,0,0.76,1.0
harp,12,0.94,1.0
harp,0,0.76,1.0
bass,12,0.84,1.0
harp,0,0.94,1.0
harp,0,0.84,1.0
basedrum,0,1.18,0.7
snare,0,0.7,0.6
harp,12,0.63,1.0
harp,0,0.53,1.0
harp,12,1.12,1.0
harp,0,0.56,1.0
bass,12,0.63,1.0
harp,0,1.26,1.0
harp,0,0.63,1.0
basedrum,0,1.18,0.7
harp,12,0.94,1.0
harp,0,0.7,1.0
harp,12,0.94,1.0
harp,0,0.76,1.0
bass,12,0.56,1.0
harp,0,1.06,1.0
harp,0,0.7,1.0
basedrum,0,1.18,0.7
snare,0,0.7,0.6
harp,12,0.84,1.0
harp,0,0.7,1.0
harp,0,1.12,1.0
harp,0,0.56,1.0
bass,24,0.84,1.0
harp,0,1.26,1.0
basedrum,0,1.18,0.7
harp,12,0.63,1.0
harp,0,0.53,1.0
harp,0,1.12,1.0
harp,12,0.63,1.0
harp,0,0.53,1.0
harp,0,1.06,1.0
bass,12,0.94,1.0
harp,0,0.94,1.0
basedrum,0,1.18,0.7
snare,0,0.7,0.6
harp,12,0.7,1.0
harp,0,0.6,1.0
harp,0,0.84,1.0
harp,12,0.7,1.0
bass,0,1.18,1.0
bass,12,0.63,1.0
harp,0,1.26,1.0
harp,0,0.94,1.0
harp,0,0.63,1.0
bass,0,0.94,1.0
bass,0,1.26,1.0
basedrum,0,1.18,0.7
harp,12,0.94,1.0
harp,0,0.76,1.0
harp,12,0.94,1.0
harp,0,0.76,1.0
bass,0,1.88,1.0
hat,0,0.7,1.0
bass,12,0.56,1.0
bass,0,1.12,1.0
bass,0,1.68,1.0
basedrum,0,1.18,0.7
snare,0,0.7,0.6
harp,12,0.84,1.0
harp,0,0.7,1.0
harp,12,1.12,1.0
harp,0,0.84,1.0
bass,0,1.12,1.0
hat,0,0.7,1.0
bass,12,0.63,1.0
harp,0,1.26,1.0
harp,0,0.94,1.0
bass,0,0.94,1.0
bass,0,1.26,1.0
basedrum,0,1.18,0.7
harp,12,0.94,1.0
harp,0,0.76,1.0
harp,12,0.94,1.0
harp,0,0.76,1.0
bass,0,0.94,1.0
hat,0,0.7,1.0
bass,12,0.84,1.0
bass,0,1.12,1.0
bass,0,1.68,1.0
basedrum,0,1.18,0.7
snare,0,0.7,0.6
harp,12,0.63,1.0
harp,0,0.53,1.0
bass,0,1.5,1.0
harp,12,1.12,1.0
harp,0,0.84,1.0
bass,0,1.42,1.0
hat,0,0.7,1.0
bass,12,0.63,1.0
harp,0,1.26,1.0
harp,0,0.94,1.0
bass,0,0.94,1.0
bass,0,1.26,1.0
basedrum,0,1.18,0.7
harp,12,0.94,1.0
harp,0,0.76,1.0
harp,12,0.94,1.0
harp,0,0.76,1.0
bass,0,1.88,1.0
hat,0,0.7,1.0
bass,12,0.56,1.0
bass,0,1.12,1.0
bass,0,1.68,1.0
basedrum,0,1.18,0.7
snare,0,0.7,0.6
harp,12,0.84,1.0
harp,0,0.7,1.0
harp,12,1.12,1.0
harp,0,0.84,1.0
bass,0,1.5,1.0
hat,0,0.7,1.0
bass,12,0.84,1.0
harp,0,1.68,1.0
harp,0,1.26,1.0
bass,0,1.26,1.0
bass,0,1.68,1.0
basedrum,0,1.18,0.7
harp,12,0.63,1.0
harp,0,0.53,1.0
harp,12,0.63,1.0
harp,0,0.53,1.0
bass,0,1.68,1.0
hat,0,0.7,1.0
bass,12,0.94,1.0
harp,0,1.88,1.0
harp,0,1.42,1.0
bass,0,1.88,1.0
bass,0,1.42,1.0
basedrum,0,1.18,0.7
snare,0,0.7,0.6
harp,12,0.7,1.0
harp,0,0.6,1.0
bass,0,0.94,1.0
bass,12,1.12,1.0
hat,0,0.7,1.0
bass,12,0.63,1.0
harp,0,1.26,1.0
harp,0,0.94,1.0
bass,0,0.94,1.0
bass,0,1.26,1.0
basedrum,0,1.18,0.7
harp,12,0.94,1.0
harp,0,0.76,1.0
harp,12,0.94,1.0
harp,0,0.76,1.0
harp,0,1.26,1.0
bass,0,1.88,1.0
hat,0,0.7,1.0
bass,12,0.56,1.0
harp,0,1.12,1.0
bass,0,1.12,1.0
bass,0,1.68,1.0
basedrum,0,1.18,0.7
snare,0,0.7,0.6
harp,12,0.84,1.0
harp,0,0.7,1.0
harp,12,1.12,1.0
harp,0,0.84,1.0
bass,0,1.12,1.0
hat,0,0.7,1.0
bass,12,0.63,1.0
harp,0,1.26,1.0
harp,0,0.94,1.0
bass,0,0.94,1.0
bass,0,1.26,1.0
basedrum,0,1.18,0.7
harp,12,0.94,1.0
harp,0,0.76,1.0
harp,12,0.94,1.0
harp,0,0.76,1.0
bass,0,0.94,1.0
hat,0,0.7,1.0
bass,12,0.84,1.0
harp,0,1.12,1.0
harp,0,0.84,1.0
bass,0,1.12,1.0
bass,0,1.68,1.0
basedrum,0,1.18,0.7
snare,0,0.7,0.6
harp,12,0.63,1.0
harp,0,0.53,1.0
bass,0,1.5,1.0
harp,12,1.12,1.0
harp,0,0.84,1.0
bass,0,1.42,1.0
hat,0,0.7,1.0
bass,12,0.63,1.0
harp,0,1.26,1.0
harp,0,0.94,1.0
bass,0,0.94,1.0
bass,0,1.26,1.0
basedrum,0,1.18,0.7
harp,12,0.94,1.0
harp,0,0.76,1.0
harp,0,1.42,1.0
harp,12,0.94,1.0
harp,0,0.76,1.0
harp,0,1.26,1.0
bass,0,1.88,1.0
hat,0,0.7,1.0
bass,12,0.56,1.0
harp,0,1.12,1.0
bass,0,1.12,1.0
bass,0,1.68,1.0
basedrum,0,1.18,0.7
snare,0,0.7,0.6
harp,12,0.84,1.0
harp,0,0.7,1.0
harp,12,1.12,1.0
harp,0,0.84,1.0
bass,0,1.5,1.0
hat,0,0.7,1.0
bass,12,0.84,1.0
harp,0,1.68,1.0
harp,0,1.26,1.0
bass,0,1.26,1.0
bass,0,1.68,1.0
basedrum,0,1.18,0.7
harp,12,0.63,1.0
harp,0,0.53,1.0
harp,12,0.63,1.0
harp,0,0.53,1.0
bass,0,1.68,1.0
hat,0,0.7,1.0
bass,12,0.94,1.0
harp,0,1.88,1.0
harp,0,1.42,1.0
harp,0,0.94,1.0
bass,0,1.88,1.0
bass,0,1.42,1.0
basedrum,0,1.18,0.7
snare,0,0.7,0.6
harp,12,0.7,1.0
harp,0,0.6,1.0
bass,0,0.94,1.0
bass,12,1.12,1.0
hat,0,0.7,1.0
bass,12,0.63,1.0
harp,0,0.63,1.0
bass,0,1.26,1.0
basedrum,0,1.18,0.7
harp,12,0.94,1.0
harp,0,0.76,1.0
harp,12,0.94,1.0
harp,0,0.76,1.0
bass,12,0.56,1.0
harp,0,0.7,1.0
basedrum,0,1.18,0.7
harp,12,0.84,1.0
harp,0,0.7,1.0
basedrum,12,1.18,0.7
basedrum,24,1.18,0.7
hat,0,0.7,1.0
bass,12,0.63,1.0
basedrum,0,1.18,0.7
harp,12,0.94,1.0
harp,0,0.76,1.0
harp,12,0.94,1.0
harp,0,0.76,1.0
bass,12,0.84,1.0
basedrum,0,1.18,0.7
harp,12,0.63,1.0
harp,0,0.53,1.0
harp,12,0.63,1.0
basedrum,0,1.18,0.7
harp,12,0.56,1.0
harp,12,0.63,1.0
basedrum,0,1.18,0.7
hat,0,0.7,1.0
bass,12,0.63,1.0
harp,0,0.7,1.0
basedrum,0,1.18,0.7
harp,12,0.94,1.0
harp,0,0.76,1.0
harp,12,0.94,1.0
harp,0,0.76,1.0
bass,12,0.56,1.0
harp,0,0.7,1.0
basedrum,0,1.18,0.7
harp,12,0.84,1.0
harp,0,0.7,1.0
harp,0,0.56,1.0
basedrum,12,1.18,0.7
basedrum,24,1.18,0.7
hat,0,0.7,1.0
bass,12,0.84,1.0
harp,0,0.84,1.0
basedrum,0,1.18,0.7
harp,12,0.63,1.0
harp,0,0.53,1.0
harp,0,0.76,1.0
harp,12,0.63,1.0
harp,0,0.53,1.0
harp,0,0.84,1.0
bass,12,0.94,1.0
harp,0,0.94,1.0
basedrum,0,1.18,0.7
harp,12,0.7,1.0
harp,0,0.6,1.0
harp,0,1.18,1.0
basedrum,12,1.18,0.7
basedrum,24,1.18,0.7
hat,0,0.7,1.0
bass,12,0.63,1.0
harp,0,1.26,1.0
harp,0,0.63,1.0
basedrum,0,1.18,0.7
harp,12,0.94,1.0
harp,0,0.76,1.0
harp,12,0.94,1.0
harp,0,0.76,1.0
snare,0,0.7,0.6
bass,12,0.56,1.0
harp,0,1.12,1.0
harp,0,0.7,1.0
basedrum,0,1.18,0.7
harp,12,0.84,1.0
harp,0,0.7,1.0
harp,12,0.94,1.0
basedrum,0,1.18,0.7
snare,0,0.7,0.6
harp,12,0.84,1.0
bass,12,0.56,1.0
harp,0,0.94,1.0
basedrum,0,1.18,0.7
hat,0,0.7,1.0
bass,12,0.63,1.0
harp,0,1.26,1.0
basedrum,0,1.18,0.7
harp,12,0.94,1.0
harp,0,0.76,1.0
harp,12,0.94,1.0
harp,0,0.76,1.0
snare,0,0.7,0.6
bass,12,0.84,1.0
harp,0,0.94,1.0
harp,0,0.84,1.0
basedrum,0,1.18,0.7
harp,12,0.63,1.0
harp,0,0.53,1.0
harp,12,0.63,1.0
basedrum,0,1.18,0.7
snare,0,0.7,0.6
harp,12,0.56,1.0
harp,12,0.63,1.0
basedrum,0,1.18,0.7
snare,0,0.7,0.6
hat,0,0.7,1.0
bass,12,0.63,1.0
harp,0,0.7,1.0
basedrum,0,1.18,0.7
harp,12,0.94,1.0
harp,0,0.76,1.0
harp,12,0.94,1.0
harp,0,0.76,1.0
snare,0,0.7,0.6
bass,12,0.56,1.0
harp,0,0.7,1.0
basedrum,0,1.18,0.7
harp,12,0.84,1.0
harp,0,0.7,1.0
harp,0,0.56,1.0
basedrum,12,1.18,0.7
snare,0,0.7,0.6
harp,24,0.56,1.0
basedrum,0,1.18,0.7
bass,12,0.84,1.0
harp,0,0.63,1.0
basedrum,0,1.18,0.7
hat,0,0.7,1.0
harp,12,0.63,1.0
harp,0,0.53,1.0
harp,0,0.94,1.0
harp,12,0.63,1.0
harp,0,0.53,1.0
harp,0,1.12,1.0
snare,0,0.7,0.6
bass,12,0.94,1.0
harp,0,0.94,1.0
harp,0,0.7,1.0
harp,0,1.18,1.0
basedrum,0,1.18,0.7
harp,12,0.7,1.0
harp,0,0.6,1.0
basedrum,12,1.18,0.7
snare,0,0.7,0.6
harp,12,0.94,1.0
harp,12,1.12,1.0
basedrum,0,1.18,0.7
snare,0,0.7,0.6
hat,0,0.7,1.0
bass,12,0.63,1.0
harp,0,1.26,1.0
harp,0,0.63,1.0
bass,0,0.94,1.0
bass,0,1.26,1.0
basedrum,0,1.18,0.7
harp,12,0.94,1.0
harp,0,0.76,1.0
harp,12,0.94,1.0
harp,0,0.76,1.0
bass,0,1.88,1.0
hat,0,0.7,1.0
bass,12,0.56,1.0
harp,0,1.12,1.0
harp,0,0.7,1.0
bass,0,1.12,1.0
bass,0,1.68,1.0
basedrum,0,1.18,0.7
snare,0,0.7,0.6
harp,12,0.84,1.0
harp,0,0.7,1.0
harp,12,0.94,1.0
bass,0,1.12,1.0
hat,0,0.7,1.0
hat,6,0.7,1.0
bass,6,0.63,1.0
harp,0,1.26,1.0
bass,0,0.94,1.0
bass,0,1.26,1.0
basedrum,0,1.18,0.7
harp,12,0.94,1.0
harp,0,0.76,1.0
harp,12,0.94,1.0
harp,0,0.76,1.0
bass,0,0.94,1.0
hat,0,0.7,1.0
bass,12,0.84,1.0
harp,0,0.94,1.0
harp,0,0.84,1.0
bass,0,1.12,1.0
bass,0,1.68,1.0
basedrum,0,1.18,0.7
snare,0,0.7,0.6
harp,12,0.63,1.0
harp,0,0.53,1.0
bass,0,1.5,1.0
harp,12,0.56,1.0
bass,0,1.42,1.0
hat,0,0.7,1.0
hat,6,0.7,1.0
bass,6,0.63,1.0
harp,0,0.63,1.0
bass,0,0.94,1.0
bass,0,1.26,1.0
basedrum,0,1.18,0.7
harp,12,0.94,1.0
harp,0,0.7,1.0
harp,12,0.94,1.0
harp,0,0.76,1.0
bass,0,1.88,1.0
hat,0,0.7,1.0
bass,12,0.56,1.0
harp,0,0.7,1.0
bass,0,1.12,1.0
bass,0,1.68,1.0
basedrum,0,1.18,0.7
snare,0,0.7,0.6
harp,12,0.84,1.0
harp,0,0.7,1.0
harp,0,0.56,1.0
bass,12,1.5,1.0
hat,0,0.7,1.0
hat,6,0.7,1.0
bass,6,0.84,1.0
harp,0,0.63,1.0
bass,0,1.26,1.0
bass,0,1.68,1.0
basedrum,0,1.18,0.7
harp,12,0.63,1.0
harp,0,0.53,1.0
harp,0,0.94,1.0
harp,12,0.63,1.0
harp,0,0.53,1.0
harp,0,1.12,1.0
bass,0,1.68,1.0
hat,0,0.7,1.0
bass,12,0.94,1.0
harp,0,0.94,1.0
harp,0,0.7,1.0
harp,0,1.18,1.0
bass,0,1.88,1.0
bass,0,1.42,1.0
basedrum,0,1.18,0.7
snare,0,0.7,0.6
harp,12,0.7,1.0
harp,0,0.6,1.0
bass,0,0.94,1.0
bass,12,1.12,1.0
hat,0,0.7,1.0
hat,6,0.7,1.0
bass,6,0.63,1.0
harp,0,0.76,1.0
harp,0,0.94,1.0
harp,0,1.26,1.0
bass,0,0.94,1.0
bass,0,1.26,1.0
basedrum,0,1.18,0.7
harp,12,0.94,1.0
harp,0,0.76,1.0
harp,0,0.94,1.0
harp,12,0.94,1.0
harp,0,0.76,1.0
harp,0,1.26,1.0
bass,0,1.88,1.0
hat,0,0.7,1.0
bass,12,0.56,1.0
harp,0,1.12,1.0
bass,0,1.12,1.0
bass,0,1.68,1.0
basedrum,0,1.18,0.7
snare,0,0.7,0.6
harp,12,0.84,1.0
harp,0,0.7,1.0
harp,0,0.84,1.0
harp,12,0.63,1.0
bass,0,1.12,1.0
hat,0,0.7,1.0
hat,6,0.7,1.0
bass,6,0.63,1.0
harp,0,0.76,1.0
harp,0,1.26,1.0
bass,0,0.94,1.0
bass,0,1.26,1.0
basedrum,0,1.18,0.7
harp,12,0.94,1.0
harp,0,0.76,1.0
harp,12,0.94,1.0
harp,0,0.76,1.0
bass,0,0.94,1.0
hat,0,0.7,1.0
bass,12,0.84,1.0
harp,0,0.94,1.0
harp,0,0.84,1.0
bass,0,1.12,1.0
bass,0,1.68,1.0
basedrum,0,1.18,0.7
snare,0,0.7,0.6
harp,12,0.63,1.0
harp,0,0.53,1.0
bass,0,1.5,1.0
harp,12,1.12,1.0
harp,0,0.56,1.0
bass,0,1.42,1.0
hat,0,0.7,1.0
hat,6,0.7,1.0
bass,6,0.63,1.0
harp,0,1.26,1.0
harp,0,0.63,1.0
bass,0,0.94,1.0
bass,0,1.26,1.0
basedrum,0,1.18,0.7
harp,12,0.94,1.0
harp,0,0.7,1.0
harp,12,0.94,1.0
harp,0,0.76,1.0
bass,0,1.88,1.0
hat,0,0.7,1.0
bass,12,0.56,1.0
harp,0,1.06,1.0
harp,0,0.7,1.0
bass,0,1.12,1.0
bass,0,1.68,1.0
basedrum,0,1.18,0.7
snare,0,0.7,0.6
harp,12,0.84,1.0
harp,0,0.7,1.0
harp,0,1.12,1.0
harp,0,0.56,1.0
bass,12,1.5,1.0
hat,0,0.7,1.0
hat,6,0.7,1.0
bass,6,0.84,1.0
harp,0,1.26,1.0
bass,0,1.26,1.0
bass,0,1.68,1.0
basedrum,0,1.18,0.7
harp,12,0.63,1.0
harp,0,0.53,1.0
harp,0,1.12,1.0
harp,12,0.63,1.0
harp,0,0.53,1.0
harp,0,1.06,1.0
bass,0,1.68,1.0
hat,0,0.7,1.0
bass,12,0.94,1.0
harp,0,0.94,1.0
bass,0,1.88,1.0
bass,0,1.42,1.0
basedrum,0,1.18,0.7
snare,0,0.7,0.6
harp,12,0.7,1.0
harp,0,0.6,1.0
harp,0,0.84,1.0
bass,0,0.94,1.0
harp,12,0.7,1.0
bass,0,1.12,1.0
hat,0,0.7,1.0
hat,6,0.7,1.0
bass,6,0.63,1.0
harp,0,0.63,1.0
